TRD, 3.268293, 156
TRD, 6.097561, 156
TRD, 6.219512, 160
TRD, 8.243902, 155
TRD, 12.414634, 159
TRD, 12.951220, 156
TRD, 15.682927, 167
TRD, 16.170732, 164
TRD, 16.268293, 158
TRD, 18.878049, 159
TRD, 19.951220, 158
TRD, 21.341463, 163
TRD, 23.341463, 161
TRD, 23.804878, 160
TRD, 24.317073, 165
TRD, 24.536585, 165
TRD, 25.414634, 166
TRD, 25.902439, 163
TRD, 26.780488, 162
TRD, 27.097561, 160
TRD, 28.024390, 157
TRD, 29.024390, 164
TRD, 29.414634, 159
TRD, 31.902439, 162
TRD, 32.414634, 157
TRD, 33.121951, 160
TRD, 33.560976, 154
TRD, 35.951220, 160
TRD, 39.219512, 157
TRD, 40.097561, 155
TRD, 42.146341, 156
TRD, 42.414634, 153
TRD, 43.048780, 157
TRD, 43.390244, 157
TRD, 44.609756, 154
TRD, 45.195122, 152
TRD, 45.609756, 155
TRD, 45.902439, 152
TRD, 46.268293, 154
TRD, 47.219512, 161
TRD, 47.951220, 151
TRD, 49.560976, 152
TRD, 51.853659, 155
TRD, 52.024390, 158
TRD, 53.878049, 154
TRD, 53.902439, 153
TRD, 58.195122, 156
TRD, 58.951220, 158
TRD, 59.000000, 164
TRD, 59.073171, 157
TRD, 60.951220, 160
TRD, 62.853659, 165
TRD, 64.853659, 162
TRD, 65.829268, 161
TRD, 66.829268, 160
TRD, 66.878049, 160
TRD, 66.975610, 159
TRD, 68.341463, 162
TRD, 69.121951, 164
TRD, 69.365854, 169
TRD, 69.853659, 170
TRD, 69.975610, 161
TRD, 70.048780, 164
TRD, 70.292683, 163
TRD, 72.682927, 161
TRD, 73.000000, 164
TRD, 74.121951, 158
TRD, 74.243902, 166
TRD, 75.317073, 158
TRD, 75.804878, 168
TRD, 77.609756, 160
TRD, 79.853659, 159
TRD, 82.707317, 164
TRD, 82.756098, 161
TRD, 82.804878, 172
TRD, 87.756098, 168
TRD, 87.804878, 170
TRD, 91.414634, 162
TRD, 92.756098, 167
TRD, 92.975610, 170
TRD, 94.341463, 168
TRD, 95.073171, 163
TRD, 95.121951, 163
TRD, 95.926829, 162
TRD, 96.121951, 167
TRD, 97.121951, 167
TRD, 97.926829, 169
TRD, 98.829268, 166
TRD, 98.951220, 167
TRD, 100.804878, 166
TRD, 101.073171, 164
TRD, 103.024390, 163
TRD, 105.146341, 171
TRD, 105.463415, 160
TRD, 106.219512, 167
TRD, 108.878049, 167
TRD, 109.219512, 166
TRD, 109.585366, 164
TRD, 109.780488, 171
TRD, 109.804878, 159
TRD, 109.902439, 156
TRD, 110.439024, 173
TRD, 110.585366, 168
TRD, 111.000000, 168
TRD, 111.195122, 156
TRD, 113.853659, 162
TRD, 113.951220, 168
TRD, 115.707317, 162
TRD, 116.000000, 168
TRD, 118.926829, 173
TRD, 119.439024, 168
TRD, 122.536585, 177
TRD, 124.975610, 169
TRD, 125.292683, 155
TRD, 126.609756, 169
TRD, 126.682927, 167
TRD, 128.024390, 169
TRD, 129.585366, 169
TRD, 129.609756, 167
TRD, 130.463415, 163
TRD, 130.804878, 162
TRD, 132.390244, 175
TRD, 132.902439, 165
TRD, 132.926829, 163
TRD, 132.975610, 157
TRD, 134.097561, 158
TRD, 135.048780, 157
TRD, 136.243902, 160
TRD, 137.268293, 149
TRD, 137.609756, 160
TRD, 138.658537, 159
TRD, 139.487805, 164
TRD, 139.853659, 147
TRD, 141.000000, 165
TRD, 143.487805, 167
TRD, 145.585366, 163
TRD, 146.853659, 161
TRD, 147.195122, 162
TRD, 147.439024, 164
TRD, 147.951220, 159
TRD, 148.121951, 158
TRD, 149.073171, 163
TRD, 149.658537, 156
TRD, 151.439024, 169
TRD, 152.658537, 172
TRD, 153.829268, 172
TRD, 154.682927, 155
TRD, 154.902439, 173
TRD, 155.121951, 175
TRD, 155.780488, 171
TRD, 155.975610, 162
TRD, 157.073171, 161
TRD, 158.268293, 162
TRD, 159.609756, 162
TRD, 159.756098, 166
TRD, 160.804878, 182
TRD, 160.951220, 183
TRD, 161.121951, 176
TRD, 161.390244, 173
TRD, 161.560976, 167
TRD, 161.731707, 177
TRD, 162.707317, 177
TRD, 163.780488, 178
TRD, 164.804878, 183
TRD, 166.512195, 172
TRD, 168.780488, 163
TRD, 170.390244, 157
TRD, 171.243902, 159
TRD, 172.219512, 155
TRD, 172.487805, 153
TRD, 173.000000, 166
TRD, 173.439024, 167
TRD, 174.170732, 156
TRD, 174.780488, 157
TRD, 175.268293, 167
TRD, 176.097561, 159
TRD, 176.170732, 169
TRD, 177.512195, 158
TRD, 180.365854, 172
TRD, 180.390244, 169
TRD, 180.609756, 176
TRD, 180.975610, 167
TRD, 181.317073, 178
TRD, 181.756098, 163
TRD, 185.902439, 161
TRD, 186.121951, 161
TRD, 187.585366, 178
TRD, 189.756098, 168
TRD, 190.487805, 167
TRD, 191.487805, 167
TRD, 191.560976, 170
TRD, 193.390244, 166
TRD, 193.975610, 169
TRD, 194.878049, 165
TRD, 196.390244, 169
TRD, 196.463415, 164
TRD, 196.560976, 169
TRD, 196.756098, 164
TRD, 199.780488, 162
TRD, 200.341463, 163
TRD, 200.439024, 166
TRD, 200.487805, 166
TRD, 202.195122, 174
TRD, 202.878049, 163
TRD, 203.536585, 162
TRD, 204.243902, 160
TRD, 206.243902, 167
TRD, 206.390244, 166
TRD, 207.390244, 165
TRD, 208.097561, 166
TRD, 210.804878, 160
TRD, 211.268293, 165
TRD, 211.585366, 157
TRD, 212.439024, 167
TRD, 213.609756, 166
TRD, 214.219512, 157
TRD, 214.243902, 158
TRD, 214.682927, 170
TRD, 215.268293, 156
TRD, 216.292683, 174
TRD, 218.878049, 174
TRD, 221.073171, 170
TRD, 222.682927, 168
TRD, 225.878049, 166
TRD, 226.390244, 172
TRD, 227.292683, 165
TRD, 228.829268, 163
TRD, 229.146341, 169
TRD, 229.609756, 170
TRD, 230.170732, 171
TRD, 230.609756, 173
TRD, 230.853659, 161
TRD, 232.682927, 168
TRD, 232.878049, 161
TRD, 233.390244, 159
TRD, 233.878049, 168
TRD, 235.902439, 165
TRD, 236.560976, 167
TRD, 237.073171, 173
TRD, 238.731707, 159
TRD, 239.170732, 165
TRD, 240.780488, 171
TRD, 240.975610, 180
TRD, 242.853659, 166
TRD, 246.439024, 168
TRD, 246.682927, 160
TRD, 246.951220, 171
TRD, 248.048780, 168
TRD, 248.317073, 172
TRD, 248.463415, 159
TRD, 250.317073, 171
TRD, 251.804878, 159
TRD, 254.243902, 173
TRD, 254.658537, 169
TRD, 255.414634, 170
TRD, 256.146341, 170
TRD, 256.780488, 167
TRD, 257.170732, 159
TRD, 258.121951, 157
TRD, 258.219512, 165
TRD, 258.731707, 162
TRD, 260.219512, 185
TRD, 260.317073, 164
TRD, 262.000000, 161
TRD, 262.195122, 165
TRD, 262.317073, 160
TRD, 263.365854, 169
TRD, 264.731707, 158
TRD, 265.024390, 171
TRD, 266.512195, 163
TRD, 268.195122, 155
TRD, 270.536585, 160
TRD, 271.170732, 160
TRD, 271.195122, 162
TRD, 271.853659, 167
TRD, 272.609756, 170
TRD, 273.585366, 169
TRD, 274.048780, 169
TRD, 274.902439, 177
TRD, 276.195122, 158
TRD, 276.341463, 167
TRD, 276.536585, 157
TRD, 277.048780, 174
TRD, 277.585366, 188
TRD, 278.146341, 175
TRD, 278.853659, 188
TRD, 279.000000, 168
TRD, 279.780488, 166
TRD, 281.073171, 169
TRD, 281.756098, 163
TRD, 283.463415, 168
TRD, 284.000000, 169
TRD, 284.121951, 172
TRD, 285.731707, 159
TRD, 286.000000, 171
TRD, 288.585366, 168
TRD, 289.414634, 166
TRD, 289.731707, 168
TRD, 290.121951, 173
TRD, 290.146341, 164
TRD, 290.634146, 164
TRD, 291.073171, 156
TRD, 291.317073, 175
TRD, 292.878049, 159
TRD, 294.390244, 160
TRD, 294.756098, 161
TRD, 300.536585, 163
TRD, 300.829268, 171
TRD, 302.682927, 173
TRD, 303.146341, 174
TRD, 303.243902, 171
TRD, 304.463415, 177
TRD, 305.292683, 178
TRD, 305.658537, 173
TRD, 307.268293, 183
TRD, 308.682927, 178
TRD, 309.073171, 171
TRD, 309.414634, 169
TRD, 310.219512, 172
TRD, 311.195122, 170
TRD, 313.439024, 174
TRD, 313.951220, 178
TRD, 316.268293, 172
TRD, 316.658537, 172
TRD, 316.780488, 170
TRD, 318.439024, 171
TRD, 318.682927, 172
TRD, 320.195122, 169
TRD, 320.658537, 175
TRD, 320.829268, 168
TRD, 321.073171, 167
TRD, 321.829268, 175
TRD, 322.536585, 176
TRD, 326.585366, 165
TRD, 327.195122, 164
TRD, 327.243902, 168
TRD, 329.000000, 163
TRD, 329.780488, 162
TRD, 330.195122, 156
TRD, 331.341463, 167
TRD, 331.365854, 164
TRD, 333.341463, 160
TRD, 333.609756, 154
TRD, 334.365854, 160
TRD, 335.926829, 163
TRD, 337.463415, 164
TRD, 337.560976, 163
TRD, 339.512195, 164
TRD, 339.731707, 159
TRD, 340.097561, 158
TRD, 340.341463, 170
TRD, 340.487805, 170
TRD, 340.609756, 158
TRD, 343.170732, 164
TRD, 344.170732, 159
TRD, 345.073171, 158
TRD, 345.170732, 168
TRD, 349.365854, 157
TRD, 350.317073, 160
TRD, 351.195122, 158
TRD, 352.390244, 165
TRD, 353.073171, 159
TRD, 353.097561, 160
TRD, 353.121951, 166
TRD, 353.146341, 154
TRD, 353.219512, 156
TRD, 354.073171, 163
TRD, 355.292683, 153
TRD, 357.853659, 162
TRD, 358.634146, 163
TRD, 361.121951, 163
TRD, 361.536585, 172
TRD, 362.048780, 170
TRD, 362.243902, 169
TRD, 362.731707, 167
TRD, 363.219512, 167
TRD, 367.292683, 171
TRD, 367.512195, 163
TRD, 368.170732, 163
TRD, 369.731707, 162
TRD, 370.170732, 161
TRD, 370.536585, 168
TRD, 375.341463, 156
TRD, 376.902439, 156
TRD, 377.121951, 152
TRD, 377.731707, 155
TRD, 378.170732, 155
TRD, 378.536585, 151
TRD, 378.756098, 157
TRD, 380.073171, 148
TRD, 380.121951, 162
TRD, 381.341463, 168
TRD, 381.439024, 152
TRD, 382.390244, 166
TRD, 383.048780, 161
TRD, 383.682927, 161
TRD, 385.463415, 160
TRD, 389.560976, 169
TRD, 390.536585, 166
TRD, 391.951220, 164
TRD, 392.073171, 167
TRD, 395.463415, 161
TRD, 395.512195, 159
TRD, 397.146341, 160
TRD, 397.292683, 163
TRD, 397.951220, 158
TRD, 398.634146, 161
TRD, 399.341463, 161
TRD, 400.121951, 170
TRD, 400.682927, 167
TRD, 402.268293, 165
TRD, 402.439024, 164
TRD, 402.707317, 167
TRD, 403.926829, 159
TRD, 405.048780, 159
TRD, 406.780488, 158
TRD, 407.780488, 168
TRD, 408.219512, 162
TRD, 408.707317, 171
TRD, 409.975610, 155
TRD, 410.414634, 175
TRD, 410.902439, 177
TRD, 411.170732, 177
TRD, 412.146341, 174
TRD, 412.219512, 170
TRD, 412.268293, 179
TRD, 413.853659, 164
TRD, 415.048780, 174
TRD, 415.634146, 168
TRD, 416.365854, 179
TRD, 417.390244, 165
TRD, 418.853659, 172
TRD, 418.926829, 166
TRD, 419.341463, 160
TRD, 419.829268, 160
TRD, 422.048780, 169
TRD, 424.536585, 160
TRD, 424.658537, 163
TRD, 427.487805, 160
TRD, 427.731707, 161
TRD, 428.731707, 153
TRD, 429.512195, 155
TRD, 429.634146, 161
TRD, 429.829268, 153
TRD, 430.560976, 169
TRD, 431.585366, 171
TRD, 431.829268, 173
TRD, 432.170732, 166
TRD, 432.731707, 159
TRD, 432.878049, 156
TRD, 433.585366, 155
TRD, 434.341463, 173
TRD, 435.121951, 176
TRD, 435.195122, 172
TRD, 435.804878, 181
TRD, 437.073171, 170
TRD, 438.780488, 165
TRD, 442.560976, 166
TRD, 442.780488, 166
TRD, 442.878049, 161
TRD, 444.390244, 159
TRD, 445.682927, 158
TRD, 446.829268, 156
TRD, 448.780488, 154
TRD, 449.219512, 154
TRD, 449.268293, 152
TRD, 449.512195, 151
TRD, 449.682927, 150
TRD, 450.243902, 153
TRD, 450.487805, 154
TRD, 451.073171, 172
TRD, 453.219512, 153
TRD, 454.097561, 163
TRD, 455.268293, 160
TRD, 457.219512, 158
TRD, 458.121951, 160
TRD, 459.804878, 155
TRD, 460.414634, 158
TRD, 461.512195, 159
TRD, 461.707317, 154
TRD, 462.829268, 159
TRD, 463.000000, 158
TRD, 465.390244, 153
TRD, 466.365854, 159
TRD, 466.780488, 152
TRD, 467.024390, 152
TRD, 467.195122, 153
TRD, 468.463415, 152
TRD, 469.463415, 152
TRD, 470.609756, 152
TRD, 471.902439, 151
TRD, 472.097561, 151
TRD, 474.658537, 148
TRD, 474.853659, 151
TRD, 475.439024, 147
TRD, 475.609756, 153
TRD, 476.951220, 153
TRD, 477.414634, 154
TRD, 478.121951, 153
TRD, 480.951220, 157
TRD, 481.829268, 153
TRD, 482.390244, 160
TRD, 484.219512, 162
TRD, 484.829268, 161
TRD, 486.902439, 166
TRD, 487.195122, 163
TRD, 487.560976, 160
TRD, 487.829268, 159
TRD, 488.414634, 162
TRD, 488.658537, 164
TRD, 490.219512, 161
TRD, 492.804878, 160
TRD, 493.365854, 160
TRD, 493.585366, 158
TRD, 493.853659, 159
TRD, 494.414634, 159
TRD, 496.487805, 153
TRD, 497.463415, 156
TRD, 498.707317, 151
TRD, 498.951220, 150
TRD, 500.195122, 155
TRD, 500.975610, 156
TRD, 501.609756, 156
TRD, 503.414634, 157
TRD, 504.731707, 154
TRD, 505.024390, 156
TRD, 506.439024, 164
TRD, 506.487805, 154
TRD, 508.926829, 175
TRD, 510.219512, 170
TRD, 510.268293, 167
TRD, 511.390244, 169
TRD, 513.317073, 162
TRD, 513.951220, 155
TRD, 514.121951, 152
TRD, 515.219512, 158
TRD, 515.268293, 151
TRD, 515.634146, 151
TRD, 517.048780, 152
TRD, 519.000000, 165
TRD, 519.829268, 165
TRD, 520.439024, 163
TRD, 523.195122, 163
TRD, 523.243902, 162
TRD, 523.829268, 166
TRD, 524.390244, 168
TRD, 526.707317, 164
TRD, 526.804878, 156
TRD, 527.000000, 164
TRD, 527.390244, 162
TRD, 527.902439, 163
TRD, 528.536585, 165
TRD, 530.292683, 167
TRD, 533.048780, 167
TRD, 533.707317, 163
TRD, 535.146341, 162
TRD, 535.463415, 162
TRD, 535.585366, 166
TRD, 535.658537, 161
TRD, 536.170732, 167
TRD, 539.048780, 163
TRD, 539.682927, 166
TRD, 540.000000, 162
TRD, 540.097561, 158
TRD, 540.560976, 154
TRD, 542.780488, 153
TRD, 543.609756, 156
TRD, 543.682927, 156
TRD, 544.414634, 158
TRD, 544.463415, 158
TRD, 546.243902, 168
TRD, 547.829268, 165
TRD, 549.536585, 147
TRD, 552.195122, 155
TRD, 552.390244, 155
TRD, 552.658537, 152
TRD, 554.756098, 156
TRD, 555.439024, 159
TRD, 555.878049, 159
TRD, 557.609756, 160
TRD, 557.707317, 161
TRD, 558.048780, 162
TRD, 558.463415, 155
TRD, 558.682927, 161
TRD, 559.195122, 156
TRD, 559.975610, 154
TRD, 560.487805, 154
TRD, 561.731707, 149
TRD, 563.268293, 154
TRD, 563.926829, 153
TRD, 566.512195, 143
TRD, 566.853659, 146
TRD, 567.170732, 148
TRD, 568.121951, 149
TRD, 569.439024, 142
TRD, 570.024390, 142
TRD, 570.853659, 146
TRD, 571.024390, 146
TRD, 571.780488, 136
TRD, 572.487805, 150
TRD, 572.804878, 148
TRD, 573.073171, 151
TRD, 573.878049, 155
TRD, 574.195122, 155
TRD, 574.902439, 151
TRD, 579.439024, 161
TRD, 581.390244, 159
TRD, 581.658537, 155
TRD, 581.756098, 163
TRD, 583.048780, 156
TRD, 584.634146, 162
TRD, 584.804878, 154
TRD, 585.243902, 165
TRD, 585.707317, 157
TRD, 585.780488, 150
TRD, 588.000000, 153
TRD, 588.707317, 150
TRD, 592.024390, 155
TRD, 592.219512, 154
TRD, 592.536585, 163
TRD, 597.170732, 151
TRD, 597.195122, 164
TRD, 597.780488, 165
TRD, 598.292683, 150
TRD, 598.414634, 148
TRD, 599.048780, 150
TRD, 599.097561, 162
TRD, 600.756098, 154
TRD, 601.243902, 169
TRD, 601.512195, 153
TRD, 603.512195, 160
TRD, 605.170732, 171
TRD, 605.707317, 152
TRD, 606.609756, 150
TRD, 607.341463, 157
TRD, 607.439024, 159
TRD, 608.243902, 158
TRD, 610.024390, 161
TRD, 611.073171, 155
TRD, 612.365854, 166
TRD, 614.634146, 163
TRD, 615.097561, 160
TRD, 615.585366, 158
TRD, 617.536585, 164
TRD, 618.560976, 159
TRD, 618.707317, 166
TRD, 620.536585, 158
TRD, 622.268293, 158
TRD, 622.463415, 158
TRD, 622.609756, 157
TRD, 623.487805, 157
TRD, 623.804878, 165
TRD, 625.756098, 165
TRD, 627.439024, 164
TRD, 627.878049, 171
TRD, 628.341463, 163
TRD, 629.585366, 159
TRD, 629.707317, 167
TRD, 631.195122, 167
TRD, 633.219512, 168
TRD, 633.560976, 166
TRD, 635.292683, 160
TRD, 636.317073, 161
TRD, 636.609756, 163
TRD, 636.975610, 159
TRD, 638.731707, 162
TRD, 640.024390, 161
TRD, 640.195122, 163
TRD, 640.317073, 159
TRD, 642.439024, 162
TRD, 642.487805, 166
TRD, 643.878049, 161
TRD, 644.756098, 161
TRD, 646.170732, 164
TRD, 647.658537, 161
TRD, 647.682927, 170
TRD, 648.000000, 155
TRD, 650.097561, 165
TRD, 650.951220, 175
TRD, 651.829268, 176
TRD, 651.975610, 154
TRD, 652.878049, 156
TRD, 654.536585, 159
TRD, 654.756098, 153
TRD, 655.560976, 157
TRD, 656.463415, 158
TRD, 656.536585, 156
TRD, 658.097561, 156
TRD, 658.268293, 150
TRD, 658.804878, 147
TRD, 659.268293, 148
TRD, 659.829268, 140
TRD, 660.414634, 161
TRD, 661.804878, 153
TRD, 662.439024, 155
TRD, 663.024390, 180
TRD, 663.365854, 168
TRD, 665.243902, 166
TRD, 665.658537, 166
TRD, 665.731707, 163
TRD, 667.463415, 165
TRD, 667.560976, 166
TRD, 669.000000, 161
TRD, 669.634146, 159
TRD, 673.317073, 158
TRD, 673.560976, 160
TRD, 673.780488, 160
TRD, 674.317073, 160
TRD, 675.073171, 160
TRD, 675.439024, 156
TRD, 675.512195, 157
TRD, 676.024390, 168
TRD, 676.731707, 156
TRD, 677.536585, 160
TRD, 677.560976, 165
TRD, 678.512195, 164
TRD, 679.756098, 154
TRD, 680.682927, 162
TRD, 681.731707, 176
TRD, 682.560976, 172
TRD, 682.731707, 174
TRD, 683.756098, 162
TRD, 684.926829, 169
TRD, 685.634146, 162
TRD, 689.439024, 171
TRD, 690.073171, 170
TRD, 690.146341, 174
TRD, 690.780488, 169
TRD, 690.926829, 173
TRD, 693.463415, 164
TRD, 694.609756, 165
TRD, 695.268293, 166
TRD, 695.682927, 168
TRD, 697.048780, 161
TRD, 697.121951, 165
TRD, 698.073171, 162
TRD, 698.146341, 161
TRD, 698.536585, 166
TRD, 700.829268, 170
TRD, 700.975610, 167
TRD, 701.902439, 168
TRD, 703.341463, 168
TRD, 704.073171, 168
TRD, 704.756098, 170
TRD, 704.780488, 174
TRD, 704.853659, 165
TRD, 706.268293, 176
TRD, 706.975610, 178
TRD, 707.195122, 175
TRD, 707.439024, 164
TRD, 708.609756, 166
TRD, 709.097561, 170
TRD, 709.780488, 161
TRD, 712.390244, 155
TRD, 712.682927, 161
TRD, 713.780488, 160
TRD, 714.585366, 165
TRD, 715.121951, 179
TRD, 715.682927, 165
TRD, 716.121951, 163
TRD, 716.829268, 175
TRD, 719.536585, 169
TRD, 721.512195, 174
TRD, 722.146341, 165
TRD, 723.341463, 170
TRD, 725.634146, 172
TRD, 726.170732, 162
TRD, 728.292683, 165
TRD, 728.439024, 171
TRD, 729.634146, 176
TRD, 729.756098, 177
TRD, 731.463415, 172
TRD, 733.902439, 170
TRD, 734.731707, 166
TRD, 735.000000, 165
TRD, 736.000000, 170
TRD, 736.878049, 172
TRD, 738.097561, 173
TRD, 738.341463, 166
TRD, 740.487805, 173
TRD, 740.560976, 174
TRD, 741.975610, 167
TRD, 742.463415, 174
TRD, 742.634146, 175
TRD, 743.024390, 172
TRD, 744.146341, 168
TRD, 745.975610, 167
TRD, 746.560976, 172
TRD, 747.146341, 179
TRD, 749.487805, 169
TRD, 749.829268, 168
TRD, 751.658537, 172
TRD, 751.682927, 170
TRD, 753.097561, 174
TRD, 754.317073, 178
TRD, 754.951220, 179
TRD, 759.829268, 178
TRD, 760.829268, 175
TRD, 762.097561, 175
TRD, 762.951220, 182
TRD, 764.146341, 180
TRD, 764.512195, 179
TRD, 766.512195, 174
TRD, 766.609756, 177
TRD, 766.780488, 177
TRD, 768.585366, 173
TRD, 769.146341, 172
TRD, 769.804878, 168
TRD, 771.463415, 169
TRD, 772.146341, 168
TRD, 773.024390, 165
TRD, 773.073171, 176
TRD, 774.390244, 164
TRD, 774.731707, 167
TRD, 774.756098, 171
TRD, 775.365854, 176
TRD, 777.024390, 174
TRD, 777.439024, 176
TRD, 777.804878, 174
TRD, 777.878049, 161
TRD, 779.219512, 176
TRD, 779.634146, 168
TRD, 779.804878, 163
TRD, 781.707317, 172
TRD, 781.975610, 176
TRD, 782.829268, 163
TRD, 783.414634, 162
TRD, 783.463415, 168
TRD, 784.707317, 172
TRD, 788.292683, 162
TRD, 788.902439, 161
TRD, 788.951220, 160
TRD, 789.097561, 158
TRD, 789.731707, 165
TRD, 791.634146, 165
TRD, 792.414634, 166
TRD, 794.048780, 164
TRD, 794.268293, 163
TRD, 796.048780, 166
TRD, 796.804878, 170
TRD, 798.292683, 171
TRD, 798.853659, 162
TRD, 799.000000, 168
TRD, 799.121951, 170
TRD, 799.170732, 172
TRD, 800.292683, 173
TRD, 801.341463, 170
TRD, 801.878049, 176
TRD, 803.951220, 162
TRD, 804.390244, 169
TRD, 804.634146, 181
TRD, 805.731707, 171
TRD, 808.219512, 173
TRD, 809.243902, 171
TRD, 809.829268, 173
TRD, 811.000000, 174
TRD, 811.390244, 176
TRD, 812.512195, 176
TRD, 812.780488, 182
TRD, 813.268293, 180
TRD, 814.853659, 182
TRD, 818.536585, 178
TRD, 819.804878, 173
TRD, 820.170732, 163
TRD, 820.902439, 172
TRD, 822.170732, 172
TRD, 823.195122, 175
TRD, 824.048780, 171
TRD, 824.463415, 171
TRD, 825.365854, 170
TRD, 827.682927, 171
TRD, 828.731707, 172
TRD, 829.414634, 176
TRD, 829.512195, 170
TRD, 830.219512, 176
TRD, 831.097561, 179
TRD, 832.121951, 170
TRD, 832.146341, 175
TRD, 833.634146, 175
TRD, 833.853659, 168
TRD, 835.048780, 167
TRD, 837.000000, 172
TRD, 839.121951, 175
TRD, 839.243902, 172
TRD, 840.073171, 169
TRD, 842.512195, 180
TRD, 843.926829, 176
TRD, 844.292683, 182
TRD, 844.317073, 173
TRD, 844.365854, 171
TRD, 844.536585, 171
TRD, 847.195122, 176
TRD, 848.926829, 175
TRD, 849.926829, 169
TRD, 850.024390, 167
TRD, 851.414634, 173
TRD, 852.097561, 176
TRD, 852.170732, 164
TRD, 854.048780, 176
TRD, 854.365854, 173
TRD, 855.975610, 177
TRD, 856.292683, 184
TRD, 856.853659, 179
TRD, 857.804878, 173
TRD, 859.658537, 169
TRD, 860.000000, 173
TRD, 860.682927, 175
TRD, 864.243902, 167
TRD, 864.853659, 165
TRD, 865.975610, 174
TRD, 867.609756, 176
TRD, 867.634146, 174
TRD, 869.487805, 174
TRD, 869.609756, 172
TRD, 870.756098, 179
TRD, 871.926829, 180
TRD, 873.634146, 170
TRD, 874.195122, 174
TRD, 874.414634, 168
TRD, 874.756098, 176
TRD, 876.024390, 195
TRD, 878.487805, 169
TRD, 878.731707, 168
TRD, 879.658537, 168
TRD, 879.926829, 173
TRD, 880.121951, 185
TRD, 881.170732, 186
TRD, 882.682927, 168
TRD, 883.439024, 176
TRD, 884.609756, 181
TRD, 885.024390, 178
TRD, 885.463415, 180
TRD, 886.560976, 175
TRD, 886.951220, 173
TRD, 887.536585, 175
TRD, 887.707317, 173
TRD, 889.341463, 178
TRD, 891.878049, 172
TRD, 891.975610, 168
TRD, 893.853659, 168
TRD, 894.292683, 180
TRD, 894.682927, 166
TRD, 897.341463, 168
TRD, 897.512195, 176
TRD, 898.487805, 168
TRD, 899.195122, 176
TRD, 901.219512, 177
TRD, 902.804878, 175
TRD, 903.268293, 168
TRD, 904.682927, 169
TRD, 905.000000, 169
TRD, 905.390244, 167
TRD, 906.463415, 179
TRD, 907.585366, 166
TRD, 907.780488, 165
TRD, 910.170732, 169
TRD, 910.365854, 174
TRD, 911.756098, 173
TRD, 912.365854, 169
TRD, 912.926829, 174
TRD, 915.268293, 172
TRD, 916.000000, 173
TRD, 917.487805, 167
TRD, 918.780488, 172
TRD, 918.951220, 172
TRD, 921.707317, 173
TRD, 922.195122, 172
TRD, 922.951220, 175
TRD, 924.463415, 171
TRD, 924.902439, 170
TRD, 929.048780, 166
TRD, 929.585366, 165
TRD, 929.975610, 169
TRD, 930.512195, 170
TRD, 931.658537, 171
TRD, 931.878049, 165
TRD, 933.585366, 170
TRD, 934.341463, 170
TRD, 935.121951, 164
TRD, 936.048780, 164
TRD, 936.073171, 168
TRD, 936.121951, 169
TRD, 938.658537, 167
TRD, 938.951220, 164
TRD, 943.585366, 165
TRD, 945.146341, 166
TRD, 945.853659, 168
TRD, 946.073171, 168
TRD, 946.560976, 169
TRD, 948.365854, 166
TRD, 951.170732, 168
TRD, 952.219512, 167
TRD, 952.780488, 162
TRD, 954.756098, 165
TRD, 955.048780, 168
TRD, 955.341463, 172
TRD, 957.780488, 173
TRD, 959.512195, 178
TRD, 960.390244, 171
TRD, 961.317073, 175
TRD, 961.390244, 178
TRD, 962.073171, 171
TRD, 962.097561, 176
TRD, 962.463415, 177
TRD, 964.292683, 169
TRD, 965.341463, 172
TRD, 965.463415, 174
TRD, 965.731707, 174
TRD, 965.975610, 175
TRD, 966.634146, 170
TRD, 967.390244, 169
TRD, 969.878049, 174
TRD, 971.121951, 169
TRD, 971.268293, 163
TRD, 971.926829, 171
TRD, 972.560976, 156
TRD, 974.341463, 175
TRD, 976.560976, 176
TRD, 979.146341, 172
TRD, 979.609756, 173
TRD, 979.756098, 169
TRD, 980.487805, 167
TRD, 980.951220, 172
TRD, 982.756098, 177
TRD, 983.243902, 173
TRD, 984.243902, 176
TRD, 984.536585, 175
TRD, 985.292683, 171
TRD, 988.512195, 169
TRD, 988.634146, 169
TRD, 988.731707, 167
TRD, 989.121951, 175
TRD, 989.902439, 173
TRD, 991.292683, 175
TRD, 992.341463, 167
TRD, 992.804878, 186
TRD, 993.975610, 189
TRD, 994.512195, 181
TRD, 995.097561, 181
TRD, 996.097561, 177
TRD, 997.000000, 179
TRD, 998.048780, 185
TRD, 998.365854, 177
TRD, 998.463415, 177
TRD, 998.829268, 173
TRD, 1001.292683, 169
TRD, 1002.243902, 176
TRD, 1004.121951, 174
TRD, 1004.341463, 170
TRD, 1004.512195, 175
TRD, 1007.170732, 174
TRD, 1007.219512, 176
TRD, 1007.780488, 177
TRD, 1008.487805, 172
TRD, 1008.707317, 172
TRD, 1008.756098, 180
TRD, 1010.829268, 172
TRD, 1011.585366, 173
TRD, 1012.731707, 165
TRD, 1014.024390, 165
TRD, 1014.560976, 162
TRD, 1015.219512, 161
TRD, 1015.512195, 166
TRD, 1015.634146, 167
TRD, 1017.292683, 178
TRD, 1019.341463, 182
TRD, 1022.292683, 182
TRD, 1023.536585, 182
TRD, 1024.121951, 175
TRD, 1024.268293, 174
TRD, 1024.341463, 174
TRD, 1025.000000, 177
TRD, 1025.024390, 174
TRD, 1025.536585, 172
TRD, 1026.073171, 181
TRD, 1028.219512, 181
TRD, 1029.682927, 180
TRD, 1030.024390, 175
TRD, 1030.365854, 179
TRD, 1032.292683, 176
TRD, 1033.292683, 173
TRD, 1034.048780, 176
TRD, 1034.609756, 173
TRD, 1034.731707, 178
TRD, 1035.707317, 172
TRD, 1035.756098, 177
TRD, 1035.902439, 171
TRD, 1037.585366, 177
TRD, 1037.878049, 180
TRD, 1039.975610, 171
TRD, 1040.121951, 170
TRD, 1040.341463, 180
TRD, 1043.268293, 176
TRD, 1044.048780, 174
TRD, 1045.414634, 179
TRD, 1046.243902, 173
TRD, 1046.829268, 182
TRD, 1047.073171, 184
TRD, 1049.975610, 189
TRD, 1051.707317, 176
TRD, 1052.000000, 185
TRD, 1052.853659, 175
TRD, 1053.097561, 174
TRD, 1053.560976, 182
TRD, 1053.780488, 166
TRD, 1055.097561, 173
TRD, 1058.195122, 173
TRD, 1058.487805, 175
TRD, 1059.487805, 172
TRD, 1060.024390, 178
TRD, 1060.853659, 177
TRD, 1061.975610, 175
TRD, 1062.658537, 174
TRD, 1064.536585, 177
TRD, 1064.634146, 178
TRD, 1065.414634, 173
TRD, 1066.121951, 171
TRD, 1066.560976, 178
TRD, 1066.926829, 165
TRD, 1068.195122, 179
TRD, 1068.609756, 175
TRD, 1070.390244, 170
TRD, 1071.560976, 176
TRD, 1071.853659, 177
TRD, 1072.121951, 171
TRD, 1073.000000, 181
TRD, 1073.048780, 177
TRD, 1073.707317, 185
TRD, 1074.292683, 186
TRD, 1075.414634, 170
TRD, 1076.560976, 181
TRD, 1077.926829, 184
TRD, 1078.097561, 169
TRD, 1078.780488, 180
TRD, 1081.097561, 181
TRD, 1081.195122, 173
TRD, 1081.731707, 184
TRD, 1081.780488, 175
TRD, 1082.926829, 189
TRD, 1083.268293, 183
TRD, 1083.512195, 174
TRD, 1085.073171, 176
TRD, 1085.170732, 182
TRD, 1085.243902, 174
TRD, 1086.512195, 177
TRD, 1087.341463, 177
TRD, 1087.585366, 183
TRD, 1089.000000, 186
TRD, 1089.268293, 181
TRD, 1090.121951, 173
TRD, 1092.560976, 179
TRD, 1092.878049, 176
TRD, 1093.317073, 183
TRD, 1093.878049, 170
TRD, 1094.585366, 168
TRD, 1094.878049, 168
TRD, 1096.170732, 172
TRD, 1097.804878, 171
TRD, 1099.804878, 166
TRD, 1100.243902, 169
TRD, 1101.170732, 173
TRD, 1101.707317, 162
TRD, 1102.243902, 161
TRD, 1102.951220, 165
TRD, 1103.414634, 167
TRD, 1104.853659, 175
TRD, 1105.268293, 178
TRD, 1106.780488, 167
TRD, 1109.658537, 173
TRD, 1110.658537, 177
TRD, 1112.365854, 174
TRD, 1114.121951, 174
TRD, 1114.731707, 175
TRD, 1115.341463, 176
TRD, 1115.463415, 176
TRD, 1115.487805, 175
TRD, 1115.682927, 180
TRD, 1115.804878, 182
TRD, 1116.804878, 174
TRD, 1117.073171, 175
TRD, 1117.195122, 171
TRD, 1119.268293, 173
TRD, 1120.170732, 167
TRD, 1120.341463, 166
TRD, 1120.975610, 170
TRD, 1121.585366, 165
TRD, 1121.829268, 180
TRD, 1122.780488, 191
TRD, 1122.902439, 179
TRD, 1124.024390, 188
TRD, 1125.024390, 189
TRD, 1126.365854, 175
TRD, 1127.341463, 197
TRD, 1128.756098, 186
TRD, 1129.170732, 184
TRD, 1129.341463, 189
TRD, 1135.024390, 188
TRD, 1135.951220, 186
TRD, 1136.000000, 189
TRD, 1136.048780, 186
TRD, 1137.024390, 190
TRD, 1137.414634, 183
TRD, 1138.024390, 182
TRD, 1139.146341, 185
TRD, 1140.073171, 186
TRD, 1140.707317, 177
TRD, 1141.317073, 181
TRD, 1142.609756, 176
TRD, 1143.390244, 175
TRD, 1144.097561, 162
TRD, 1144.365854, 179
TRD, 1148.682927, 173
TRD, 1149.390244, 177
TRD, 1149.585366, 172
TRD, 1151.048780, 178
TRD, 1151.756098, 179
TRD, 1152.268293, 181
TRD, 1152.585366, 177
TRD, 1152.804878, 181
TRD, 1152.853659, 170
TRD, 1154.609756, 173
TRD, 1154.731707, 170
TRD, 1155.487805, 170
TRD, 1157.219512, 178
TRD, 1157.634146, 170
TRD, 1157.975610, 169
TRD, 1158.146341, 178
TRD, 1158.317073, 168
TRD, 1159.390244, 171
TRD, 1160.658537, 182
TRD, 1163.121951, 175
TRD, 1163.975610, 182
TRD, 1165.219512, 174
TRD, 1166.170732, 183
TRD, 1169.048780, 184
TRD, 1170.951220, 179
TRD, 1171.829268, 182
TRD, 1172.390244, 194
TRD, 1172.512195, 186
TRD, 1173.780488, 185
TRD, 1175.317073, 184
TRD, 1175.878049, 184
TRD, 1176.146341, 180
TRD, 1180.146341, 181
TRD, 1180.634146, 178
TRD, 1182.341463, 174
TRD, 1184.512195, 177
TRD, 1187.000000, 175
TRD, 1189.195122, 179
TRD, 1189.829268, 182
TRD, 1190.243902, 176
TRD, 1190.317073, 174
TRD, 1190.853659, 182
TRD, 1192.658537, 182
TRD, 1194.512195, 182
TRD, 1194.975610, 181
TRD, 1195.707317, 173
TRD, 1196.414634, 174
TRD, 1196.707317, 173
TRD, 1196.780488, 176
TRD, 1198.024390, 177
TRD, 1199.390244, 171
TRD, 1199.902439, 175
TRD, 1201.195122, 181
TRD, 1201.658537, 180
TRD, 1203.780488, 179
TRD, 1205.365854, 178
TRD, 1205.487805, 181
TRD, 1205.682927, 177
TRD, 1206.146341, 169
TRD, 1206.195122, 171
TRD, 1207.268293, 172
TRD, 1208.048780, 165
TRD, 1208.365854, 173
TRD, 1210.073171, 165
TRD, 1210.975610, 178
TRD, 1214.146341, 175
TRD, 1215.463415, 177
TRD, 1215.634146, 170
TRD, 1216.560976, 174
TRD, 1217.121951, 178
TRD, 1217.243902, 179
TRD, 1218.121951, 178
TRD, 1220.000000, 177
TRD, 1221.780488, 177
TRD, 1222.951220, 178
TRD, 1222.975610, 172
TRD, 1225.853659, 172
TRD, 1226.560976, 170
TRD, 1226.658537, 173
TRD, 1227.195122, 170
TRD, 1227.560976, 177
TRD, 1229.048780, 169
TRD, 1229.365854, 169
TRD, 1230.048780, 171
TRD, 1231.146341, 165
TRD, 1231.536585, 173
TRD, 1232.219512, 164
TRD, 1233.682927, 163
TRD, 1234.268293, 158
TRD, 1235.609756, 163
TRD, 1235.975610, 156
TRD, 1236.390244, 165
TRD, 1239.487805, 170
TRD, 1240.512195, 165
TRD, 1244.365854, 172
TRD, 1244.487805, 173
TRD, 1244.780488, 172
TRD, 1245.536585, 175
TRD, 1245.804878, 174
TRD, 1246.512195, 172
TRD, 1248.634146, 169
TRD, 1248.707317, 164
TRD, 1249.268293, 165
TRD, 1251.146341, 163
TRD, 1252.341463, 167
TRD, 1252.463415, 164
TRD, 1252.512195, 162
TRD, 1254.414634, 169
TRD, 1254.512195, 170
TRD, 1255.560976, 162
TRD, 1262.073171, 172
TRD, 1262.121951, 170
TRD, 1262.585366, 167
TRD, 1263.512195, 167
TRD, 1264.073171, 166
TRD, 1264.512195, 166
TRD, 1265.780488, 167
TRD, 1265.902439, 169
TRD, 1266.853659, 165
TRD, 1268.585366, 166
TRD, 1269.073171, 161
TRD, 1269.512195, 166
TRD, 1270.317073, 168
TRD, 1270.439024, 169
TRD, 1271.707317, 165
TRD, 1273.878049, 167
TRD, 1274.853659, 168
TRD, 1276.073171, 171
TRD, 1276.853659, 169
TRD, 1277.634146, 171
TRD, 1278.463415, 176
TRD, 1279.170732, 177
TRD, 1279.365854, 176
TRD, 1279.439024, 174
TRD, 1279.463415, 164
TRD, 1282.000000, 164
TRD, 1282.951220, 172
TRD, 1284.414634, 164
TRD, 1284.926829, 163
TRD, 1285.853659, 168
TRD, 1286.268293, 164
TRD, 1287.219512, 172
TRD, 1289.121951, 173
TRD, 1289.146341, 174
TRD, 1289.682927, 176
TRD, 1290.219512, 166
TRD, 1290.439024, 170
TRD, 1291.829268, 175
TRD, 1292.756098, 171
TRD, 1292.951220, 167
TRD, 1293.073171, 179
TRD, 1295.560976, 176
TRD, 1296.048780, 176
TRD, 1296.609756, 175
TRD, 1299.292683, 175
TRD, 1300.170732, 175
TRD, 1301.048780, 175
TRD, 1301.560976, 175
TRD, 1302.048780, 177
TRD, 1302.146341, 190
TRD, 1304.146341, 177
TRD, 1304.170732, 168
TRD, 1304.195122, 165
TRD, 1305.487805, 178
TRD, 1308.390244, 180
TRD, 1310.219512, 172
TRD, 1310.878049, 172
TRD, 1311.926829, 176
TRD, 1311.975610, 177
TRD, 1314.658537, 175
TRD, 1314.780488, 176
TRD, 1315.463415, 174
TRD, 1316.073171, 173
TRD, 1316.536585, 173
TRD, 1316.975610, 174
TRD, 1318.536585, 178
TRD, 1319.439024, 177
TRD, 1320.195122, 171
TRD, 1321.682927, 178
TRD, 1323.731707, 172
TRD, 1325.268293, 173
TRD, 1326.951220, 172
TRD, 1326.975610, 174
TRD, 1327.073171, 174
TRD, 1327.487805, 175
TRD, 1329.902439, 171
TRD, 1330.780488, 170
TRD, 1332.439024, 164
TRD, 1332.926829, 163
TRD, 1334.682927, 164
TRD, 1335.000000, 168
TRD, 1335.195122, 168
TRD, 1335.365854, 168
TRD, 1335.853659, 169
TRD, 1336.048780, 168
TRD, 1336.121951, 172
TRD, 1336.731707, 162
TRD, 1338.463415, 167
TRD, 1339.975610, 170
TRD, 1341.585366, 164
TRD, 1343.487805, 160
TRD, 1344.048780, 168
TRD, 1344.341463, 180
TRD, 1345.097561, 169
TRD, 1345.951220, 173
TRD, 1346.512195, 166
TRD, 1346.609756, 168
TRD, 1347.268293, 173
TRD, 1349.073171, 171
TRD, 1349.609756, 170
TRD, 1350.268293, 175
TRD, 1353.292683, 173
TRD, 1354.121951, 180
TRD, 1354.634146, 172
TRD, 1354.853659, 175
TRD, 1355.512195, 174
TRD, 1356.975610, 173
TRD, 1358.073171, 169
TRD, 1358.292683, 172
TRD, 1358.536585, 169
TRD, 1358.975610, 169
TRD, 1359.756098, 170
TRD, 1360.487805, 167
TRD, 1362.512195, 177
TRD, 1363.390244, 174
TRD, 1363.585366, 172
TRD, 1365.463415, 168
TRD, 1365.951220, 173
TRD, 1366.439024, 174
TRD, 1366.951220, 171
TRD, 1367.512195, 165
TRD, 1368.000000, 173
TRD, 1368.317073, 174
TRD, 1368.536585, 163
TRD, 1370.097561, 169
TRD, 1370.609756, 174
TRD, 1371.804878, 161
TRD, 1375.487805, 171
TRD, 1375.951220, 174
TRD, 1376.731707, 176
TRD, 1377.243902, 171
TRD, 1378.609756, 172
TRD, 1379.780488, 171
TRD, 1380.926829, 172
TRD, 1381.512195, 173
TRD, 1381.780488, 179
TRD, 1381.951220, 167
TRD, 1382.024390, 181
TRD, 1384.024390, 167
TRD, 1386.536585, 169
TRD, 1387.170732, 167
TRD, 1387.902439, 169
TRD, 1389.317073, 164
TRD, 1389.536585, 161
TRD, 1390.682927, 160
TRD, 1390.878049, 161
TRD, 1393.853659, 165
TRD, 1394.804878, 161
TRD, 1395.097561, 164
TRD, 1395.512195, 163
TRD, 1395.585366, 161
TRD, 1395.829268, 157
TRD, 1396.463415, 162
TRD, 1397.804878, 165
TRD, 1399.024390, 178
TRD, 1400.048780, 172
TRD, 1400.170732, 173
TRD, 1401.097561, 174
TRD, 1401.487805, 171
TRD, 1403.560976, 175
TRD, 1405.000000, 171
TRD, 1405.243902, 169
TRD, 1407.121951, 175
TRD, 1407.463415, 173
TRD, 1409.195122, 169
TRD, 1411.463415, 169
TRD, 1412.780488, 169
TRD, 1413.195122, 174
TRD, 1414.268293, 169
TRD, 1417.292683, 173
TRD, 1418.536585, 174
TRD, 1418.609756, 172
TRD, 1418.853659, 177
TRD, 1419.292683, 168
TRD, 1420.585366, 162
TRD, 1421.121951, 177
TRD, 1421.975610, 176
TRD, 1422.097561, 169
TRD, 1422.341463, 161
TRD, 1422.634146, 178
TRD, 1423.243902, 187
TRD, 1428.170732, 174
TRD, 1429.512195, 183
TRD, 1430.048780, 166
TRD, 1433.292683, 167
TRD, 1434.024390, 171
TRD, 1435.048780, 166
TRD, 1435.097561, 171
TRD, 1435.804878, 167
TRD, 1436.560976, 170
TRD, 1436.658537, 159
TRD, 1437.634146, 173
TRD, 1437.756098, 172
TRD, 1437.951220, 176
TRD, 1439.024390, 159
TRD, 1439.073171, 179
TRD, 1440.463415, 174
TRD, 1440.756098, 161
TRD, 1441.853659, 178
TRD, 1442.024390, 158
TRD, 1443.512195, 177
TRD, 1443.878049, 176
TRD, 1444.975610, 166
TRD, 1445.902439, 165
TRD, 1446.243902, 167
TRD, 1446.975610, 162
TRD, 1447.780488, 162
TRD, 1449.048780, 159
TRD, 1449.097561, 155
TRD, 1449.853659, 163
TRD, 1451.000000, 163
TRD, 1451.195122, 162
TRD, 1452.000000, 163
TRD, 1453.658537, 162
TRD, 1453.682927, 165
TRD, 1457.121951, 168
TRD, 1457.658537, 163
TRD, 1457.902439, 170
TRD, 1458.658537, 173
TRD, 1458.853659, 169
TRD, 1459.560976, 166
TRD, 1459.926829, 165
TRD, 1462.341463, 171
TRD, 1463.097561, 170
TRD, 1464.902439, 171
TRD, 1465.682927, 166
TRD, 1469.951220, 167
TRD, 1472.634146, 161
TRD, 1473.097561, 162
TRD, 1473.341463, 167
TRD, 1473.512195, 161
TRD, 1474.707317, 165
TRD, 1476.097561, 166
TRD, 1476.439024, 165
TRD, 1478.634146, 164
TRD, 1478.780488, 166
TRD, 1479.170732, 163
TRD, 1479.634146, 162
TRD, 1480.609756, 160
TRD, 1481.390244, 170
TRD, 1486.073171, 172
TRD, 1486.195122, 169
TRD, 1488.268293, 170
TRD, 1488.439024, 167
TRD, 1488.487805, 166
TRD, 1489.634146, 168
TRD, 1490.219512, 164
TRD, 1491.048780, 171
TRD, 1494.878049, 171
TRD, 1495.268293, 173
TRD, 1496.902439, 170
TRD, 1497.268293, 165
TRD, 1498.000000, 170
TRD, 1498.292683, 172
TRD, 1498.317073, 172
TRD, 1499.219512, 166
TRD, 1499.243902, 169
TRD, 1499.682927, 169
TRD, 1501.073171, 172
TRD, 1501.707317, 158
TRD, 1502.682927, 166
TRD, 1503.024390, 171
TRD, 1504.341463, 162
TRD, 1508.439024, 171
TRD, 1508.902439, 170
TRD, 1509.878049, 163
TRD, 1510.975610, 165
TRD, 1511.707317, 169
TRD, 1512.146341, 168
TRD, 1512.609756, 163
TRD, 1513.024390, 161
TRD, 1514.682927, 165
TRD, 1514.707317, 164
TRD, 1515.804878, 167
TRD, 1515.853659, 157
TRD, 1516.756098, 164
TRD, 1517.292683, 163
TRD, 1519.682927, 158
TRD, 1520.048780, 165
TRD, 1520.317073, 166
TRD, 1521.414634, 161
TRD, 1522.048780, 164
TRD, 1522.195122, 160
TRD, 1522.243902, 156
TRD, 1524.243902, 161
TRD, 1525.292683, 168
TRD, 1525.512195, 162
TRD, 1526.048780, 174
TRD, 1527.365854, 170
TRD, 1528.902439, 173
TRD, 1530.170732, 172
TRD, 1530.439024, 172
TRD, 1530.536585, 180
TRD, 1531.585366, 174
TRD, 1532.487805, 180
TRD, 1533.512195, 175
TRD, 1533.780488, 185
TRD, 1534.341463, 173
TRD, 1537.243902, 172
TRD, 1540.414634, 165
TRD, 1541.756098, 169
TRD, 1542.780488, 165
TRD, 1542.853659, 161
TRD, 1545.268293, 164
TRD, 1545.439024, 167
TRD, 1545.829268, 172
TRD, 1546.170732, 164
TRD, 1546.195122, 162
TRD, 1548.390244, 168
TRD, 1548.829268, 167
TRD, 1548.878049, 173
TRD, 1549.146341, 172
TRD, 1550.024390, 176
TRD, 1550.975610, 177
TRD, 1554.390244, 172
TRD, 1554.658537, 171
TRD, 1557.682927, 170
TRD, 1558.487805, 174
TRD, 1559.292683, 175
TRD, 1560.170732, 176
TRD, 1561.048780, 171
TRD, 1561.853659, 176
TRD, 1563.073171, 169
TRD, 1563.097561, 166
TRD, 1563.658537, 165
TRD, 1564.097561, 172
TRD, 1564.365854, 171
TRD, 1564.780488, 170
TRD, 1567.634146, 169
TRD, 1568.121951, 168
TRD, 1570.146341, 165
TRD, 1571.341463, 156
TRD, 1571.731707, 167
TRD, 1572.195122, 164
TRD, 1572.414634, 160
TRD, 1572.804878, 156
TRD, 1575.048780, 159
TRD, 1576.560976, 170
TRD, 1577.560976, 162
TRD, 1578.170732, 165
TRD, 1578.317073, 162
TRD, 1578.829268, 166
TRD, 1580.658537, 167
TRD, 1581.121951, 162
TRD, 1583.878049, 166
TRD, 1584.146341, 165
TRD, 1585.000000, 175
TRD, 1585.097561, 169
TRD, 1585.365854, 162
TRD, 1585.536585, 178
TRD, 1587.317073, 161
TRD, 1587.609756, 175
TRD, 1588.292683, 160
TRD, 1589.487805, 185
TRD, 1589.975610, 178
TRD, 1592.951220, 177
TRD, 1595.341463, 177
TRD, 1598.121951, 176
TRD, 1598.243902, 172
TRD, 1600.000000, 173
TRD, 1601.317073, 173
TRD, 1601.780488, 169
TRD, 1603.097561, 169
TRD, 1603.243902, 168
TRD, 1605.195122, 180
TRD, 1606.243902, 182
TRD, 1607.341463, 174
TRD, 1611.146341, 175
TRD, 1614.853659, 175
TRD, 1616.000000, 170
TRD, 1617.756098, 164
TRD, 1618.024390, 170
TRD, 1619.121951, 166
TRD, 1619.146341, 164
TRD, 1619.829268, 169
TRD, 1620.902439, 170
TRD, 1621.317073, 169
TRD, 1621.560976, 170
TRD, 1623.000000, 165
TRD, 1623.195122, 159
TRD, 1623.780488, 158
TRD, 1625.073171, 152
TRD, 1625.878049, 170
TRD, 1627.317073, 177
TRD, 1627.902439, 178
TRD, 1627.951220, 165
TRD, 1628.268293, 176
TRD, 1628.463415, 155
TRD, 1629.463415, 141
TRD, 1629.902439, 155
TRD, 1630.439024, 159
TRD, 1631.951220, 160
TRD, 1632.390244, 167
TRD, 1633.097561, 166
TRD, 1635.365854, 164
TRD, 1635.585366, 161
TRD, 1636.951220, 164
TRD, 1637.658537, 167
TRD, 1639.512195, 168
TRD, 1640.780488, 165
TRD, 1642.536585, 165
TRD, 1643.414634, 158
TRD, 1643.707317, 168
TRD, 1644.341463, 169
TRD, 1646.756098, 168
TRD, 1647.414634, 164
TRD, 1648.121951, 161
TRD, 1648.365854, 165
TRD, 1648.512195, 174
TRD, 1648.853659, 167
TRD, 1649.780488, 171
TRD, 1650.829268, 167
TRD, 1652.097561, 174
TRD, 1652.487805, 166
TRD, 1652.585366, 162
TRD, 1653.512195, 176
TRD, 1653.926829, 175
TRD, 1655.439024, 174
TRD, 1656.243902, 170
TRD, 1657.170732, 173
TRD, 1658.731707, 168
TRD, 1659.756098, 164
TRD, 1660.902439, 170
TRD, 1662.219512, 174
TRD, 1662.292683, 169
TRD, 1663.243902, 177
TRD, 1665.634146, 174
TRD, 1668.560976, 173
TRD, 1668.707317, 175
TRD, 1669.073171, 173
TRD, 1671.658537, 174
TRD, 1672.487805, 173
TRD, 1674.268293, 176
TRD, 1676.804878, 174
TRD, 1677.829268, 167
TRD, 1677.926829, 167
TRD, 1679.219512, 167
TRD, 1679.268293, 169
TRD, 1681.097561, 166
TRD, 1681.463415, 166
TRD, 1682.219512, 165
TRD, 1684.121951, 166
TRD, 1684.560976, 163
TRD, 1685.829268, 163
TRD, 1686.390244, 171
TRD, 1686.585366, 164
TRD, 1686.731707, 159
TRD, 1687.219512, 160
TRD, 1688.512195, 161
TRD, 1688.780488, 159
TRD, 1688.902439, 176
TRD, 1689.902439, 168
TRD, 1690.341463, 166
TRD, 1692.243902, 165
TRD, 1693.317073, 166
TRD, 1693.658537, 164
TRD, 1695.463415, 164
TRD, 1695.756098, 166
TRD, 1697.536585, 164
TRD, 1698.804878, 165
TRD, 1700.024390, 168
TRD, 1700.097561, 162
TRD, 1701.560976, 161
TRD, 1703.073171, 160
TRD, 1703.414634, 159
TRD, 1703.804878, 166
TRD, 1704.121951, 168
TRD, 1707.390244, 168
TRD, 1707.829268, 171
TRD, 1708.731707, 162
TRD, 1709.219512, 174
TRD, 1710.073171, 165
TRD, 1711.414634, 174
TRD, 1713.853659, 172
TRD, 1714.024390, 172
TRD, 1714.146341, 166
TRD, 1714.317073, 165
TRD, 1715.292683, 171
TRD, 1715.365854, 167
TRD, 1715.487805, 173
TRD, 1717.512195, 177
TRD, 1718.097561, 175
TRD, 1718.439024, 166
TRD, 1718.536585, 161
TRD, 1718.878049, 172
TRD, 1721.048780, 174
TRD, 1721.243902, 176
TRD, 1721.634146, 173
TRD, 1723.195122, 175
TRD, 1726.219512, 175
TRD, 1726.756098, 171
TRD, 1727.195122, 176
TRD, 1729.121951, 176
TRD, 1730.707317, 170
TRD, 1730.780488, 169
TRD, 1730.975610, 168
TRD, 1731.390244, 171
TRD, 1732.121951, 169
TRD, 1733.268293, 169
TRD, 1733.487805, 174
TRD, 1735.195122, 170
TRD, 1735.243902, 173
TRD, 1737.609756, 167
TRD, 1738.097561, 166
TRD, 1739.243902, 170
TRD, 1739.609756, 172
TRD, 1740.439024, 173
TRD, 1740.560976, 175
TRD, 1740.707317, 169
TRD, 1743.048780, 171
TRD, 1743.926829, 168
TRD, 1744.951220, 175
TRD, 1745.195122, 165
TRD, 1745.951220, 165
TRD, 1747.170732, 161
TRD, 1747.414634, 164
TRD, 1748.073171, 158
TRD, 1748.853659, 156
TRD, 1749.170732, 153
TRD, 1751.243902, 161
TRD, 1753.024390, 163
TRD, 1753.414634, 163
TRD, 1753.926829, 167
TRD, 1754.048780, 171
TRD, 1756.585366, 167
TRD, 1756.804878, 159
TRD, 1758.024390, 169
TRD, 1758.658537, 162
TRD, 1760.829268, 168
TRD, 1763.170732, 167
TRD, 1763.560976, 168
TRD, 1763.707317, 168
TRD, 1764.536585, 164
TRD, 1764.658537, 159
TRD, 1765.000000, 165
TRD, 1767.804878, 164
TRD, 1770.268293, 167
TRD, 1771.048780, 171
TRD, 1771.243902, 164
TRD, 1771.365854, 168
TRD, 1773.341463, 175
TRD, 1776.195122, 176
TRD, 1777.146341, 176
TRD, 1777.439024, 172
TRD, 1778.195122, 176
TRD, 1778.439024, 174
TRD, 1778.560976, 167
TRD, 1778.634146, 178
TRD, 1780.731707, 169
TRD, 1780.975610, 168
TRD, 1781.317073, 174
TRD, 1783.121951, 162
TRD, 1783.560976, 163
TRD, 1783.658537, 164
TRD, 1785.756098, 165
TRD, 1786.390244, 174
TRD, 1786.414634, 170
TRD, 1788.560976, 178
TRD, 1791.170732, 170
TRD, 1791.365854, 169
TRD, 1793.536585, 169
TRD, 1793.658537, 165
TRD, 1794.780488, 165
TRD, 1795.341463, 166
TRD, 1796.682927, 162
TRD, 1798.829268, 163
TRD, 1799.658537, 162
TRD, 1799.804878, 160
TRD, 1801.414634, 160
TRD, 1801.926829, 162
TRD, 1802.146341, 165
TRD, 1802.829268, 168
TRD, 1803.975610, 170
TRD, 1806.365854, 177
TRD, 1806.658537, 175
TRD, 1807.878049, 179
TRD, 1808.414634, 174
TRD, 1810.536585, 177
TRD, 1810.585366, 168
TRD, 1812.000000, 171
TRD, 1813.317073, 167
TRD, 1814.536585, 163
TRD, 1815.121951, 166
TRD, 1815.341463, 166
TRD, 1816.756098, 162
TRD, 1817.048780, 167
TRD, 1817.756098, 162
TRD, 1818.292683, 159
TRD, 1819.219512, 170
TRD, 1820.024390, 167
TRD, 1820.243902, 164
TRD, 1823.268293, 177
TRD, 1824.219512, 175
TRD, 1825.780488, 171
TRD, 1828.365854, 170
TRD, 1829.219512, 166
TRD, 1829.292683, 171
TRD, 1830.292683, 163
TRD, 1832.414634, 159
TRD, 1832.658537, 169
TRD, 1833.146341, 164
TRD, 1833.317073, 171
TRD, 1833.975610, 158
TRD, 1835.048780, 157
TRD, 1835.926829, 181
TRD, 1836.463415, 163
TRD, 1836.804878, 176
TRD, 1837.439024, 174
TRD, 1838.487805, 163
TRD, 1840.146341, 169
TRD, 1841.097561, 169
TRD, 1842.804878, 168
TRD, 1842.853659, 167
TRD, 1843.121951, 167
TRD, 1846.609756, 172
TRD, 1847.000000, 162
TRD, 1847.609756, 167
TRD, 1849.414634, 159
TRD, 1850.780488, 162
TRD, 1852.731707, 161
TRD, 1854.268293, 161
TRD, 1854.853659, 155
TRD, 1855.707317, 157
TRD, 1856.902439, 156
TRD, 1856.926829, 158
TRD, 1857.219512, 160
TRD, 1857.414634, 153
TRD, 1858.829268, 161
TRD, 1859.878049, 158
TRD, 1860.756098, 162
TRD, 1860.951220, 162
TRD, 1861.707317, 170
TRD, 1862.780488, 165
TRD, 1863.024390, 149
TRD, 1863.975610, 147
TRD, 1864.707317, 146
TRD, 1864.951220, 170
TRD, 1865.365854, 157
TRD, 1865.926829, 156
TRD, 1867.829268, 163
TRD, 1868.243902, 166
TRD, 1868.512195, 168
TRD, 1872.487805, 164
TRD, 1872.951220, 168
TRD, 1873.536585, 163
TRD, 1873.560976, 169
TRD, 1874.804878, 163
TRD, 1875.097561, 156
TRD, 1875.414634, 162
TRD, 1875.926829, 155
TRD, 1876.317073, 163
TRD, 1878.463415, 165
TRD, 1879.048780, 160
TRD, 1879.341463, 170
TRD, 1885.414634, 158
TRD, 1887.121951, 160
TRD, 1887.146341, 162
TRD, 1887.756098, 163
TRD, 1888.682927, 156
TRD, 1889.121951, 155
TRD, 1889.243902, 155
TRD, 1892.512195, 164
TRD, 1892.560976, 162
TRD, 1892.609756, 165
TRD, 1894.463415, 165
TRD, 1895.975610, 160
TRD, 1896.024390, 163
TRD, 1896.829268, 156
TRD, 1897.682927, 167
TRD, 1898.975610, 166
TRD, 1900.731707, 159
TRD, 1901.292683, 160
TRD, 1902.170732, 168
TRD, 1903.658537, 159
TRD, 1904.902439, 159
TRD, 1905.975610, 162
TRD, 1908.341463, 165
TRD, 1908.487805, 162
TRD, 1909.487805, 160
TRD, 1911.341463, 168
TRD, 1912.585366, 170
TRD, 1913.585366, 166
TRD, 1915.951220, 167
TRD, 1916.024390, 170
TRD, 1916.195122, 173
TRD, 1916.585366, 165
TRD, 1917.902439, 165
TRD, 1918.634146, 161
TRD, 1918.731707, 168
TRD, 1919.121951, 169
TRD, 1919.878049, 169
TRD, 1921.097561, 169
TRD, 1921.170732, 163
TRD, 1922.048780, 171
TRD, 1922.292683, 163
TRD, 1922.731707, 160
TRD, 1923.000000, 179
TRD, 1925.073171, 174
TRD, 1925.097561, 165
TRD, 1925.170732, 163
TRD, 1926.585366, 163
TRD, 1927.292683, 172
TRD, 1928.243902, 168
TRD, 1929.756098, 159
TRD, 1930.658537, 163
TRD, 1931.170732, 163
TRD, 1931.658537, 176
TRD, 1932.634146, 171
TRD, 1933.756098, 176
TRD, 1933.902439, 174
TRD, 1935.097561, 174
TRD, 1935.609756, 174
TRD, 1936.634146, 171
TRD, 1936.707317, 165
TRD, 1937.609756, 162
TRD, 1938.463415, 161
TRD, 1938.658537, 162
TRD, 1939.073171, 160
TRD, 1939.975610, 162
TRD, 1941.487805, 159
TRD, 1943.731707, 163
TRD, 1943.975610, 160
TRD, 1945.756098, 166
TRD, 1946.268293, 163
TRD, 1946.951220, 166
TRD, 1947.560976, 168
TRD, 1948.219512, 170
TRD, 1948.243902, 163
TRD, 1949.390244, 162
TRD, 1949.439024, 161
TRD, 1950.609756, 169
TRD, 1951.707317, 170
TRD, 1952.707317, 167
TRD, 1953.804878, 162
TRD, 1954.780488, 172
TRD, 1955.512195, 165
TRD, 1958.878049, 170
TRD, 1960.365854, 172
TRD, 1960.975610, 169
TRD, 1961.243902, 164
TRD, 1964.951220, 163
TRD, 1965.951220, 164
TRD, 1966.756098, 162
TRD, 1968.804878, 164
TRD, 1969.512195, 160
TRD, 1969.585366, 158
TRD, 1969.731707, 157
TRD, 1970.536585, 157
TRD, 1970.975610, 165
TRD, 1973.390244, 161
TRD, 1973.585366, 163
TRD, 1974.170732, 160
TRD, 1975.097561, 167
TRD, 1975.658537, 159
TRD, 1975.902439, 165
TRD, 1976.731707, 168
TRD, 1977.731707, 161
TRD, 1978.829268, 155
TRD, 1978.975610, 169
TRD, 1979.853659, 161
TRD, 1980.487805, 166
TRD, 1981.341463, 161
TRD, 1982.414634, 169
TRD, 1983.658537, 155
TRD, 1986.536585, 166
TRD, 1987.048780, 166
TRD, 1987.170732, 162
TRD, 1989.121951, 161
TRD, 1990.024390, 160
TRD, 1990.390244, 159
TRD, 1990.585366, 161
TRD, 1990.926829, 159
TRD, 1993.902439, 161
TRD, 1995.219512, 157
TRD, 1995.682927, 157
TRD, 1996.000000, 156
TRD, 1997.731707, 160
TRD, 1998.365854, 160
TRD, 1999.390244, 162
TRD, 1999.829268, 163
TRD, 1999.853659, 161
TRD, 2001.463415, 161
TRD, 2002.585366, 164
TRD, 2003.780488, 164
TRD, 2003.926829, 159
TRD, 2004.756098, 158
TRD, 2006.634146, 164
TRD, 2007.756098, 155
TRD, 2008.463415, 165
TRD, 2008.951220, 154
TRD, 2009.390244, 159
TRD, 2010.512195, 159
TRD, 2012.487805, 157
TRD, 2012.878049, 153
TRD, 2013.292683, 146
TRD, 2013.756098, 147
TRD, 2014.609756, 147
TRD, 2014.902439, 152
TRD, 2015.317073, 146
TRD, 2016.756098, 142
TRD, 2017.902439, 150
TRD, 2018.634146, 147
TRD, 2018.878049, 159
TRD, 2019.634146, 165
TRD, 2019.707317, 141
TRD, 2021.365854, 155
TRD, 2022.097561, 154
TRD, 2022.365854, 157
TRD, 2023.243902, 157
TRD, 2023.341463, 153
TRD, 2023.463415, 158
TRD, 2023.804878, 149
TRD, 2026.341463, 156
TRD, 2029.195122, 162
TRD, 2029.853659, 154
TRD, 2030.463415, 153
TRD, 2032.585366, 157
TRD, 2034.804878, 157
TRD, 2035.390244, 157
TRD, 2035.585366, 159
TRD, 2035.707317, 161
TRD, 2035.902439, 162
TRD, 2036.219512, 163
TRD, 2036.365854, 163
TRD, 2036.609756, 152
TRD, 2038.609756, 162
TRD, 2039.439024, 163
TRD, 2041.073171, 158
TRD, 2041.707317, 157
TRD, 2042.195122, 157
TRD, 2043.463415, 160
TRD, 2045.560976, 157
TRD, 2045.853659, 150
TRD, 2046.560976, 159
TRD, 2047.951220, 162
TRD, 2049.243902, 165
TRD, 2049.390244, 163
TRD, 2050.390244, 163
TRD, 2051.390244, 162
TRD, 2051.658537, 166
TRD, 2052.341463, 160
TRD, 2053.634146, 173
TRD, 2054.731707, 166
TRD, 2054.829268, 165
TRD, 2055.463415, 159
TRD, 2059.512195, 160
TRD, 2059.585366, 162
TRD, 2060.268293, 163
TRD, 2060.731707, 159
TRD, 2060.902439, 158
TRD, 2061.024390, 155
TRD, 2061.975610, 156
TRD, 2065.170732, 153
TRD, 2065.609756, 150
TRD, 2069.536585, 149
TRD, 2070.536585, 149
TRD, 2070.560976, 149
TRD, 2071.853659, 151
TRD, 2072.780488, 149
TRD, 2073.219512, 148
TRD, 2074.317073, 152
TRD, 2075.585366, 145
TRD, 2075.878049, 143
TRD, 2077.609756, 155
TRD, 2077.975610, 157
TRD, 2078.951220, 150
TRD, 2079.170732, 158
TRD, 2079.317073, 143
TRD, 2080.634146, 143
TRD, 2080.975610, 144
TRD, 2081.292683, 145
TRD, 2083.195122, 148
TRD, 2084.926829, 143
TRD, 2085.731707, 148
TRD, 2086.878049, 143
TRD, 2087.878049, 148
TRD, 2089.878049, 148
TRD, 2090.268293, 149
TRD, 2090.731707, 144
TRD, 2091.658537, 149
TRD, 2092.097561, 146
TRD, 2092.756098, 147
TRD, 2095.536585, 145
TRD, 2095.853659, 141
TRD, 2097.195122, 147
TRD, 2097.707317, 139
TRD, 2098.487805, 152
TRD, 2099.146341, 152
TRD, 2099.195122, 134
TRD, 2099.243902, 153
TRD, 2099.682927, 134
TRD, 2100.878049, 154
TRD, 2101.048780, 152
TRD, 2101.414634, 147
TRD, 2104.073171, 154
TRD, 2105.512195, 145
TRD, 2105.585366, 142
TRD, 2107.682927, 144
TRD, 2108.268293, 141
TRD, 2109.243902, 144
TRD, 2110.878049, 146
TRD, 2111.317073, 142
TRD, 2112.195122, 146
TRD, 2112.682927, 141
TRD, 2114.146341, 148
TRD, 2115.512195, 142
TRD, 2115.536585, 150
TRD, 2117.731707, 146
TRD, 2118.390244, 150
TRD, 2118.658537, 150
TRD, 2118.756098, 157
TRD, 2119.780488, 161
TRD, 2124.390244, 155
TRD, 2126.853659, 156
TRD, 2126.926829, 156
TRD, 2128.682927, 151
TRD, 2131.219512, 143
TRD, 2131.902439, 151
TRD, 2132.170732, 144
TRD, 2133.292683, 150
TRD, 2133.341463, 141
TRD, 2133.365854, 151
TRD, 2134.365854, 139
TRD, 2135.219512, 149
TRD, 2135.804878, 138
TRD, 2137.439024, 139
TRD, 2137.682927, 143
TRD, 2137.853659, 145
TRD, 2139.682927, 135
TRD, 2140.365854, 144
TRD, 2140.780488, 138
TRD, 2141.536585, 137
TRD, 2143.926829, 144
TRD, 2144.341463, 141
TRD, 2145.804878, 138
TRD, 2146.560976, 145
TRD, 2147.439024, 150
TRD, 2147.658537, 150
TRD, 2148.317073, 153
TRD, 2149.292683, 142
TRD, 2151.585366, 141
TRD, 2153.926829, 144
TRD, 2156.268293, 143
TRD, 2156.463415, 146
TRD, 2156.634146, 150
TRD, 2157.512195, 151
TRD, 2157.926829, 151
TRD, 2159.926829, 153
TRD, 2160.902439, 146
TRD, 2163.048780, 133
TRD, 2163.121951, 136
TRD, 2164.804878, 137
TRD, 2165.731707, 135
TRD, 2165.878049, 144
TRD, 2168.073171, 142
TRD, 2168.487805, 140
TRD, 2171.365854, 139
TRD, 2171.390244, 148
TRD, 2171.634146, 140
TRD, 2171.780488, 137
TRD, 2173.146341, 137
TRD, 2173.634146, 139
TRD, 2175.048780, 151
TRD, 2178.658537, 152
TRD, 2180.634146, 151
TRD, 2181.780488, 144
TRD, 2183.121951, 145
TRD, 2183.243902, 144
TRD, 2183.560976, 139
TRD, 2184.439024, 148
TRD, 2188.585366, 144
TRD, 2189.073171, 145
TRD, 2189.121951, 148
TRD, 2189.390244, 141
TRD, 2190.219512, 148
TRD, 2190.463415, 149
TRD, 2191.390244, 146
TRD, 2193.341463, 144
TRD, 2194.073171, 141
TRD, 2195.390244, 140
TRD, 2197.073171, 155
TRD, 2197.365854, 153
TRD, 2200.390244, 153
TRD, 2200.463415, 146
TRD, 2202.536585, 154
TRD, 2203.000000, 151
TRD, 2203.634146, 147
TRD, 2204.536585, 153
TRD, 2204.951220, 158
TRD, 2207.000000, 151
TRD, 2209.707317, 149
TRD, 2209.829268, 149
TRD, 2210.219512, 151
TRD, 2211.268293, 151
TRD, 2212.024390, 149
TRD, 2213.146341, 145
TRD, 2214.146341, 144
TRD, 2214.292683, 144
TRD, 2215.951220, 148
TRD, 2216.414634, 151
TRD, 2219.292683, 144
TRD, 2219.560976, 143
TRD, 2220.365854, 141
TRD, 2221.975610, 145
TRD, 2222.219512, 141
TRD, 2223.219512, 148
TRD, 2224.121951, 146
TRD, 2224.414634, 147
TRD, 2224.731707, 152
TRD, 2226.390244, 148
TRD, 2226.560976, 153
TRD, 2226.902439, 156
TRD, 2230.268293, 152
TRD, 2231.292683, 163
TRD, 2233.000000, 168
TRD, 2233.975610, 167
TRD, 2234.195122, 147
TRD, 2235.902439, 160
TRD, 2236.585366, 158
TRD, 2237.487805, 153
TRD, 2237.853659, 154
TRD, 2239.731707, 149
TRD, 2240.000000, 150
TRD, 2240.682927, 146
TRD, 2241.487805, 139
TRD, 2241.609756, 147
TRD, 2242.024390, 135
TRD, 2243.829268, 148
TRD, 2244.463415, 149
TRD, 2246.926829, 155
TRD, 2248.024390, 157
TRD, 2248.682927, 153
TRD, 2248.707317, 158
TRD, 2249.902439, 153
TRD, 2250.170732, 158
TRD, 2252.073171, 153
TRD, 2253.634146, 156
TRD, 2253.780488, 156
TRD, 2254.341463, 156
TRD, 2255.024390, 155
TRD, 2255.317073, 160
TRD, 2256.048780, 159
TRD, 2256.756098, 161
TRD, 2257.463415, 165
TRD, 2257.829268, 156
TRD, 2257.902439, 152
TRD, 2259.487805, 141
TRD, 2259.926829, 138
TRD, 2260.414634, 139
TRD, 2260.853659, 154
TRD, 2261.975610, 142
TRD, 2262.439024, 137
TRD, 2263.634146, 136
TRD, 2268.000000, 146
TRD, 2268.731707, 139
TRD, 2271.073171, 144
TRD, 2272.097561, 138
TRD, 2275.634146, 142
TRD, 2275.902439, 145
TRD, 2277.975610, 143
TRD, 2278.463415, 140
TRD, 2278.878049, 138
TRD, 2279.121951, 135
TRD, 2279.341463, 143
TRD, 2279.756098, 144
TRD, 2280.902439, 145
TRD, 2282.097561, 143
TRD, 2282.463415, 136
TRD, 2285.219512, 137
TRD, 2285.707317, 151
TRD, 2287.268293, 146
TRD, 2289.512195, 145
TRD, 2291.804878, 154
TRD, 2291.926829, 155
TRD, 2291.951220, 151
TRD, 2292.243902, 147
TRD, 2292.609756, 147
TRD, 2293.195122, 146
TRD, 2294.048780, 141
TRD, 2294.658537, 149
TRD, 2295.634146, 149
TRD, 2296.317073, 151
TRD, 2296.902439, 150
TRD, 2297.146341, 152
TRD, 2300.195122, 148
TRD, 2301.414634, 158
TRD, 2301.853659, 145
TRD, 2303.658537, 152
TRD, 2303.682927, 144
TRD, 2304.658537, 158
TRD, 2305.317073, 163
TRD, 2306.268293, 148
TRD, 2309.536585, 144
TRD, 2309.585366, 145
TRD, 2310.317073, 144
TRD, 2310.780488, 143
TRD, 2311.195122, 143
TRD, 2311.780488, 150
TRD, 2311.878049, 150
TRD, 2312.926829, 144
TRD, 2313.878049, 146
TRD, 2314.878049, 139
TRD, 2315.804878, 140
TRD, 2316.780488, 149
TRD, 2317.878049, 137
TRD, 2318.170732, 151
TRD, 2318.560976, 136
TRD, 2321.926829, 144
TRD, 2323.609756, 142
TRD, 2323.829268, 147
TRD, 2324.682927, 141
TRD, 2325.560976, 140
TRD, 2328.829268, 137
TRD, 2329.365854, 146
TRD, 2330.243902, 143
TRD, 2330.390244, 146
TRD, 2331.609756, 137
TRD, 2332.341463, 138
TRD, 2334.414634, 140
TRD, 2335.756098, 146
TRD, 2337.024390, 146
TRD, 2337.463415, 147
TRD, 2338.243902, 142
TRD, 2338.585366, 141
TRD, 2339.487805, 144
TRD, 2340.951220, 144
TRD, 2340.975610, 138
TRD, 2341.682927, 137
TRD, 2342.658537, 145
TRD, 2344.512195, 139
TRD, 2347.000000, 137
TRD, 2347.634146, 146
TRD, 2348.707317, 150
TRD, 2349.512195, 150
TRD, 2350.146341, 152
TRD, 2351.756098, 143
TRD, 2352.073171, 151
TRD, 2353.219512, 151
TRD, 2354.073171, 142
TRD, 2355.682927, 152
TRD, 2356.731707, 141
TRD, 2357.048780, 141
TRD, 2358.365854, 143
TRD, 2358.609756, 150
TRD, 2359.121951, 139
TRD, 2359.292683, 150
TRD, 2360.024390, 154
TRD, 2360.682927, 154
TRD, 2361.804878, 160
TRD, 2361.878049, 149
TRD, 2362.073171, 146
TRD, 2362.682927, 145
TRD, 2363.073171, 154
TRD, 2366.512195, 153
TRD, 2366.560976, 152
TRD, 2370.707317, 152
TRD, 2370.878049, 155
TRD, 2371.634146, 152
TRD, 2374.121951, 149
TRD, 2374.195122, 146
TRD, 2375.756098, 155
TRD, 2377.609756, 150
TRD, 2378.414634, 151
TRD, 2379.829268, 151
TRD, 2380.634146, 151
TRD, 2381.292683, 149
TRD, 2382.951220, 150
TRD, 2383.146341, 148
TRD, 2383.317073, 145
TRD, 2383.439024, 151
TRD, 2385.000000, 148
TRD, 2385.073171, 149
TRD, 2385.634146, 151
TRD, 2386.195122, 153
TRD, 2387.634146, 137
TRD, 2387.707317, 141
TRD, 2387.780488, 132
TRD, 2388.658537, 135
TRD, 2389.731707, 144
TRD, 2390.243902, 147
TRD, 2391.048780, 149
TRD, 2391.951220, 138
TRD, 2393.512195, 150
TRD, 2394.048780, 150
TRD, 2395.365854, 141
TRD, 2396.048780, 149
TRD, 2399.804878, 145
TRD, 2400.853659, 147
TRD, 2401.512195, 142
TRD, 2402.195122, 148
TRD, 2402.756098, 147
TRD, 2405.000000, 142
TRD, 2406.585366, 144
TRD, 2406.829268, 143
TRD, 2406.878049, 146
TRD, 2407.121951, 140
TRD, 2409.390244, 148
TRD, 2409.512195, 144
TRD, 2411.585366, 150
TRD, 2413.146341, 156
TRD, 2416.170732, 141
TRD, 2418.073171, 152
TRD, 2418.902439, 152
TRD, 2419.024390, 154
TRD, 2420.073171, 140
TRD, 2420.975610, 145
TRD, 2424.439024, 151
TRD, 2425.146341, 153
TRD, 2425.439024, 155
TRD, 2425.512195, 156
TRD, 2426.243902, 149
TRD, 2426.780488, 154
TRD, 2427.195122, 150
TRD, 2428.829268, 154
TRD, 2429.585366, 154
TRD, 2430.975610, 151
TRD, 2432.365854, 157
TRD, 2435.780488, 155
TRD, 2437.243902, 157
TRD, 2438.439024, 156
TRD, 2442.512195, 153
TRD, 2443.048780, 153
TRD, 2443.268293, 154
TRD, 2443.975610, 152
TRD, 2444.024390, 153
TRD, 2444.560976, 153
TRD, 2444.780488, 153
TRD, 2446.512195, 148
TRD, 2447.829268, 149
TRD, 2450.390244, 145
TRD, 2451.804878, 147
TRD, 2452.487805, 144
TRD, 2453.243902, 145
TRD, 2453.536585, 149
TRD, 2454.048780, 153
TRD, 2454.292683, 150
TRD, 2456.439024, 158
TRD, 2457.585366, 161
TRD, 2460.365854, 151
TRD, 2461.195122, 149
TRD, 2462.365854, 145
TRD, 2463.658537, 144
TRD, 2463.804878, 145
TRD, 2464.097561, 147
TRD, 2464.170732, 142
TRD, 2466.512195, 145
TRD, 2467.926829, 142
TRD, 2468.024390, 141
TRD, 2468.756098, 140
TRD, 2469.439024, 150
TRD, 2470.634146, 138
TRD, 2470.951220, 126
TRD, 2471.780488, 140
TRD, 2473.024390, 143
TRD, 2473.609756, 149
TRD, 2475.121951, 130
TRD, 2475.512195, 134
TRD, 2478.317073, 144
TRD, 2479.170732, 143
TRD, 2479.195122, 150
TRD, 2479.292683, 142
TRD, 2479.512195, 142
TRD, 2479.536585, 137
TRD, 2479.951220, 148
TRD, 2480.292683, 138
TRD, 2481.390244, 139
TRD, 2482.146341, 147
TRD, 2482.243902, 153
TRD, 2485.048780, 140
TRD, 2486.560976, 144
TRD, 2488.780488, 142
TRD, 2491.195122, 140
TRD, 2491.390244, 138
TRD, 2491.804878, 139
TRD, 2491.975610, 137
TRD, 2492.097561, 137
TRD, 2492.756098, 134
TRD, 2493.756098, 133
TRD, 2494.658537, 136
TRD, 2495.390244, 142
TRD, 2495.512195, 140
TRD, 2496.902439, 143
TRD, 2496.975610, 137
TRD, 2497.170732, 136
TRD, 2499.536585, 143
TRD, 2500.829268, 134
TRD, 2502.512195, 136
TRD, 2504.609756, 135
TRD, 2505.121951, 141
TRD, 2505.609756, 132
TRD, 2505.707317, 131
TRD, 2506.268293, 139
TRD, 2506.463415, 135
TRD, 2506.975610, 128
TRD, 2507.146341, 136
TRD, 2511.195122, 135
TRD, 2511.487805, 142
TRD, 2511.902439, 128
TRD, 2511.975610, 139
TRD, 2513.975610, 141
TRD, 2515.097561, 135
TRD, 2516.097561, 128
TRD, 2516.365854, 125
TRD, 2517.365854, 134
TRD, 2521.121951, 126
TRD, 2521.707317, 129
TRD, 2521.926829, 125
TRD, 2522.439024, 124
TRD, 2523.853659, 132
TRD, 2523.902439, 126
TRD, 2524.292683, 140
TRD, 2524.609756, 140
TRD, 2525.536585, 149
TRD, 2526.487805, 139
TRD, 2527.170732, 137
TRD, 2527.756098, 136
TRD, 2528.512195, 137
TRD, 2529.902439, 136
TRD, 2530.097561, 127
TRD, 2532.365854, 124
TRD, 2533.341463, 138
TRD, 2535.585366, 127
TRD, 2536.048780, 122
TRD, 2537.000000, 134
TRD, 2537.048780, 136
TRD, 2538.731707, 129
TRD, 2539.365854, 124
TRD, 2542.024390, 126
TRD, 2542.292683, 125
TRD, 2542.414634, 130
TRD, 2543.048780, 133
TRD, 2543.243902, 132
TRD, 2545.439024, 133
TRD, 2546.439024, 133
TRD, 2547.707317, 137
TRD, 2550.585366, 138
TRD, 2550.829268, 134
TRD, 2550.902439, 139
TRD, 2551.439024, 131
TRD, 2551.926829, 129
TRD, 2552.707317, 133
TRD, 2553.097561, 131
TRD, 2557.170732, 129
TRD, 2557.560976, 127
TRD, 2558.097561, 133
TRD, 2558.390244, 135
TRD, 2558.829268, 130
TRD, 2559.585366, 135
TRD, 2561.756098, 130
TRD, 2562.707317, 128
TRD, 2563.975610, 128
TRD, 2564.317073, 135
TRD, 2565.000000, 131
TRD, 2565.268293, 143
TRD, 2566.243902, 129
TRD, 2566.658537, 126
TRD, 2566.682927, 144
TRD, 2568.682927, 131
TRD, 2569.170732, 129
TRD, 2569.292683, 130
TRD, 2569.341463, 122
TRD, 2575.219512, 121
TRD, 2577.073171, 120
TRD, 2577.512195, 124
TRD, 2578.170732, 120
TRD, 2578.536585, 123
TRD, 2579.024390, 118
TRD, 2580.365854, 124
TRD, 2581.731707, 122
TRD, 2581.878049, 126
TRD, 2582.512195, 119
TRD, 2583.097561, 122
TRD, 2583.268293, 127
TRD, 2584.609756, 129
TRD, 2584.634146, 122
TRD, 2585.365854, 122
TRD, 2585.634146, 123
TRD, 2587.219512, 119
TRD, 2587.268293, 115
TRD, 2587.292683, 126
TRD, 2587.731707, 119
TRD, 2589.317073, 125
TRD, 2589.902439, 131
TRD, 2592.658537, 130
TRD, 2592.780488, 124
TRD, 2593.414634, 135
TRD, 2594.536585, 130
TRD, 2595.731707, 131
TRD, 2596.439024, 130
TRD, 2597.780488, 132
TRD, 2598.195122, 134
TRD, 2599.243902, 123
TRD, 2599.902439, 134
TRD, 2600.243902, 141
TRD, 2601.634146, 136
TRD, 2601.975610, 135
TRD, 2602.804878, 139
TRD, 2605.390244, 134
TRD, 2606.487805, 135
TRD, 2609.170732, 134
TRD, 2609.195122, 132
TRD, 2609.463415, 130
TRD, 2612.560976, 129
TRD, 2613.219512, 131
TRD, 2613.756098, 133
TRD, 2614.292683, 128
TRD, 2614.536585, 128
TRD, 2614.975610, 134
TRD, 2615.487805, 132
TRD, 2616.439024, 134
TRD, 2617.000000, 130
TRD, 2619.829268, 132
TRD, 2620.121951, 127
TRD, 2621.121951, 118
TRD, 2621.560976, 135
TRD, 2622.390244, 122
TRD, 2623.658537, 130
TRD, 2624.219512, 134
TRD, 2624.756098, 132
TRD, 2626.585366, 138
TRD, 2628.219512, 132
TRD, 2630.243902, 131
TRD, 2635.463415, 133
TRD, 2635.780488, 130
TRD, 2636.097561, 135
TRD, 2636.439024, 128
TRD, 2636.853659, 138
TRD, 2637.365854, 122
TRD, 2638.878049, 127
TRD, 2639.390244, 124
TRD, 2639.512195, 120
TRD, 2640.560976, 135
TRD, 2641.268293, 136
TRD, 2642.365854, 139
TRD, 2644.634146, 139
TRD, 2645.073171, 139
TRD, 2646.243902, 141
TRD, 2646.292683, 138
TRD, 2648.268293, 137
TRD, 2648.780488, 134
TRD, 2649.268293, 142
TRD, 2649.682927, 139
TRD, 2651.219512, 146
TRD, 2651.829268, 137
TRD, 2652.195122, 135
TRD, 2653.024390, 134
TRD, 2654.536585, 125
TRD, 2655.414634, 123
TRD, 2657.487805, 125
TRD, 2658.195122, 125
TRD, 2659.097561, 125
TRD, 2659.439024, 130
TRD, 2659.707317, 134
TRD, 2661.780488, 126
TRD, 2662.658537, 130
TRD, 2662.780488, 125
TRD, 2663.902439, 132
TRD, 2664.560976, 137
TRD, 2665.439024, 138
TRD, 2665.512195, 132
TRD, 2665.634146, 131
TRD, 2666.097561, 130
TRD, 2666.585366, 133
TRD, 2666.804878, 127
TRD, 2670.536585, 148
TRD, 2670.609756, 145
TRD, 2672.878049, 139
TRD, 2672.926829, 137
TRD, 2677.097561, 133
TRD, 2678.097561, 130
TRD, 2681.341463, 130
TRD, 2681.512195, 129
TRD, 2682.536585, 124
TRD, 2682.804878, 127
TRD, 2683.097561, 123
TRD, 2684.341463, 121
TRD, 2685.146341, 125
TRD, 2686.146341, 129
TRD, 2687.170732, 130
TRD, 2687.951220, 130
TRD, 2688.024390, 127
TRD, 2688.219512, 131
TRD, 2689.390244, 124
TRD, 2689.756098, 145
TRD, 2690.439024, 123
TRD, 2691.365854, 122
TRD, 2695.317073, 137
TRD, 2695.829268, 136
TRD, 2696.634146, 132
TRD, 2697.951220, 131
TRD, 2698.609756, 130
TRD, 2700.024390, 127
TRD, 2700.756098, 128
TRD, 2701.170732, 127
TRD, 2702.121951, 121
TRD, 2702.560976, 122
TRD, 2702.658537, 124
TRD, 2703.609756, 122
TRD, 2703.658537, 126
TRD, 2703.829268, 127
TRD, 2704.975610, 139
TRD, 2705.682927, 133
TRD, 2707.170732, 138
TRD, 2707.219512, 132
TRD, 2708.024390, 131
TRD, 2709.853659, 130
TRD, 2711.902439, 135
TRD, 2712.439024, 130
TRD, 2712.951220, 125
TRD, 2713.951220, 132
TRD, 2714.560976, 130
TRD, 2716.560976, 114
TRD, 2717.121951, 113
TRD, 2717.170732, 117
TRD, 2718.048780, 111
TRD, 2718.731707, 117
TRD, 2719.000000, 122
TRD, 2719.219512, 126
TRD, 2720.414634, 133
TRD, 2721.243902, 127
TRD, 2722.609756, 132
TRD, 2724.073171, 127
TRD, 2724.609756, 133
TRD, 2727.146341, 128
TRD, 2730.975610, 118
TRD, 2731.170732, 118
TRD, 2731.634146, 122
TRD, 2731.926829, 124
TRD, 2732.024390, 133
TRD, 2732.219512, 131
TRD, 2733.121951, 121
TRD, 2735.756098, 122
TRD, 2737.073171, 125
TRD, 2737.341463, 126
TRD, 2737.707317, 122
TRD, 2738.000000, 121
TRD, 2739.512195, 120
TRD, 2740.414634, 125
TRD, 2742.414634, 125
TRD, 2742.731707, 125
TRD, 2743.414634, 127
TRD, 2743.804878, 124
TRD, 2743.902439, 127
TRD, 2745.073171, 128
TRD, 2745.195122, 120
TRD, 2745.219512, 137
TRD, 2745.243902, 118
TRD, 2745.560976, 114
TRD, 2746.926829, 130
TRD, 2748.804878, 128
TRD, 2749.682927, 126
TRD, 2750.951220, 128
TRD, 2751.073171, 124
TRD, 2751.585366, 123
TRD, 2752.756098, 123
TRD, 2753.243902, 122
TRD, 2753.317073, 121
TRD, 2754.560976, 120
TRD, 2755.024390, 115
TRD, 2755.560976, 115
TRD, 2759.682927, 116
TRD, 2760.536585, 112
TRD, 2760.707317, 112
TRD, 2761.975610, 116
TRD, 2762.487805, 116
TRD, 2763.292683, 116
TRD, 2763.341463, 111
TRD, 2763.780488, 117
TRD, 2764.170732, 122
TRD, 2765.170732, 127
TRD, 2765.560976, 123
TRD, 2766.975610, 121
TRD, 2767.975610, 119
TRD, 2768.268293, 121
TRD, 2770.000000, 118
TRD, 2770.390244, 122
TRD, 2770.975610, 115
TRD, 2773.170732, 126
TRD, 2773.902439, 123
TRD, 2775.463415, 125
TRD, 2777.195122, 130
TRD, 2777.243902, 130
TRD, 2778.682927, 129
TRD, 2780.170732, 126
TRD, 2780.512195, 128
TRD, 2781.000000, 126
TRD, 2781.390244, 126
TRD, 2781.414634, 122
TRD, 2782.634146, 124
TRD, 2784.707317, 126
TRD, 2785.658537, 117
TRD, 2787.902439, 122
TRD, 2789.292683, 120
TRD, 2789.829268, 121
TRD, 2789.926829, 124
TRD, 2792.097561, 124
TRD, 2792.146341, 126
TRD, 2792.780488, 128
TRD, 2794.024390, 122
TRD, 2796.146341, 123
TRD, 2797.024390, 118
TRD, 2799.926829, 124
TRD, 2800.195122, 125
TRD, 2800.219512, 121
TRD, 2800.780488, 120
TRD, 2801.146341, 129
TRD, 2801.707317, 129
TRD, 2802.097561, 129
TRD, 2802.292683, 129
TRD, 2803.463415, 123
TRD, 2805.365854, 136
TRD, 2805.390244, 129
TRD, 2807.707317, 127
TRD, 2807.878049, 127
TRD, 2809.390244, 128
TRD, 2810.073171, 128
TRD, 2810.536585, 133
TRD, 2813.512195, 129
TRD, 2814.487805, 127
TRD, 2815.170732, 126
TRD, 2816.951220, 125
TRD, 2820.731707, 126
TRD, 2821.682927, 123
TRD, 2822.121951, 124
TRD, 2822.780488, 121
TRD, 2825.609756, 123
TRD, 2826.097561, 122
TRD, 2826.219512, 122
TRD, 2828.317073, 121
TRD, 2830.829268, 120
TRD, 2831.902439, 122
TRD, 2833.365854, 120
TRD, 2833.439024, 122
TRD, 2834.000000, 121
TRD, 2834.195122, 117
TRD, 2834.439024, 115
TRD, 2834.512195, 121
TRD, 2834.609756, 107
TRD, 2836.097561, 123
TRD, 2837.560976, 126
TRD, 2838.195122, 117
TRD, 2839.756098, 123
TRD, 2840.975610, 117
TRD, 2841.634146, 123
TRD, 2841.780488, 114
TRD, 2841.926829, 126
TRD, 2843.585366, 125
TRD, 2843.609756, 121
TRD, 2846.000000, 123
TRD, 2846.097561, 120
TRD, 2847.853659, 129
TRD, 2847.975610, 130
TRD, 2848.585366, 126
TRD, 2851.170732, 123
TRD, 2851.585366, 122
TRD, 2851.731707, 126
TRD, 2854.170732, 121
TRD, 2855.926829, 109
TRD, 2856.146341, 119
TRD, 2857.219512, 117
TRD, 2857.512195, 119
TRD, 2857.731707, 107
TRD, 2859.195122, 107
TRD, 2859.609756, 121
TRD, 2860.463415, 121
TRD, 2860.682927, 122
TRD, 2861.780488, 107
TRD, 2862.195122, 106
TRD, 2862.975610, 106
TRD, 2865.365854, 115
TRD, 2865.463415, 124
TRD, 2865.634146, 114
TRD, 2865.756098, 122
TRD, 2867.658537, 117
TRD, 2868.243902, 116
TRD, 2868.365854, 120
TRD, 2870.243902, 123
TRD, 2871.634146, 123
TRD, 2872.634146, 123
TRD, 2872.780488, 120
TRD, 2873.682927, 119
TRD, 2873.707317, 119
TRD, 2875.048780, 108
TRD, 2875.292683, 122
TRD, 2875.804878, 112
TRD, 2877.902439, 112
TRD, 2877.975610, 126
TRD, 2879.804878, 120
TRD, 2880.146341, 121
TRD, 2881.073171, 119
TRD, 2881.512195, 121
TRD, 2883.902439, 117
TRD, 2885.268293, 118
TRD, 2886.024390, 116
TRD, 2887.170732, 117
TRD, 2888.195122, 116
TRD, 2888.487805, 117
TRD, 2889.536585, 113
TRD, 2889.829268, 117
TRD, 2890.829268, 120
TRD, 2891.756098, 118
TRD, 2892.024390, 113
TRD, 2893.536585, 112
TRD, 2893.902439, 118
TRD, 2894.292683, 114
TRD, 2895.121951, 119
TRD, 2897.756098, 112
TRD, 2899.024390, 107
TRD, 2900.975610, 112
TRD, 2901.439024, 109
TRD, 2901.609756, 113
TRD, 2902.414634, 116
TRD, 2904.073171, 117
TRD, 2905.463415, 114
TRD, 2906.439024, 110
TRD, 2908.317073, 112
TRD, 2909.097561, 107
TRD, 2910.853659, 111
TRD, 2911.536585, 112
TRD, 2913.975610, 108
TRD, 2914.000000, 108
TRD, 2915.317073, 108
TRD, 2916.609756, 108
TRD, 2916.731707, 108
TRD, 2918.195122, 105
TRD, 2918.975610, 105
TRD, 2919.341463, 102
TRD, 2919.463415, 108
TRD, 2919.926829, 105
TRD, 2920.292683, 110
TRD, 2920.634146, 119
TRD, 2921.756098, 109
TRD, 2921.926829, 107
TRD, 2923.804878, 104
TRD, 2924.780488, 115
TRD, 2924.829268, 112
TRD, 2925.634146, 101
TRD, 2927.000000, 102
TRD, 2927.658537, 106
TRD, 2928.609756, 103
TRD, 2929.170732, 101
TRD, 2931.073171, 99
TRD, 2931.341463, 100
TRD, 2931.804878, 96
TRD, 2933.341463, 97
TRD, 2933.585366, 100
TRD, 2935.463415, 100
TRD, 2936.000000, 102
TRD, 2936.487805, 109
TRD, 2938.878049, 98
TRD, 2939.512195, 102
TRD, 2939.707317, 97
TRD, 2941.073171, 100
TRD, 2942.951220, 104
TRD, 2943.853659, 99
TRD, 2944.560976, 106
TRD, 2947.487805, 101
TRD, 2947.829268, 101
TRD, 2948.097561, 103
TRD, 2948.243902, 106
TRD, 2948.463415, 96
TRD, 2948.585366, 108
TRD, 2950.463415, 94
TRD, 2950.926829, 94
TRD, 2951.853659, 102
TRD, 2953.829268, 101
TRD, 2954.463415, 107
TRD, 2954.804878, 98
TRD, 2956.585366, 96
TRD, 2956.634146, 108
TRD, 2957.536585, 111
TRD, 2958.317073, 110
TRD, 2958.414634, 106
TRD, 2959.463415, 109
TRD, 2959.707317, 107
TRD, 2960.073171, 123
TRD, 2962.121951, 111
TRD, 2962.268293, 104
TRD, 2962.853659, 103
TRD, 2962.878049, 99
TRD, 2964.195122, 102
TRD, 2966.170732, 116
TRD, 2966.487805, 104
TRD, 2967.341463, 106
TRD, 2967.902439, 107
TRD, 2968.170732, 109
TRD, 2970.195122, 112
TRD, 2970.926829, 109
TRD, 2971.292683, 111
TRD, 2972.268293, 111
TRD, 2973.292683, 109
TRD, 2974.219512, 108
TRD, 2975.487805, 107
TRD, 2975.756098, 105
TRD, 2977.512195, 110
TRD, 2977.585366, 104
TRD, 2979.390244, 106
TRD, 2979.487805, 101
TRD, 2980.195122, 111
TRD, 2980.975610, 110
TRD, 2981.560976, 109
TRD, 2984.292683, 115
TRD, 2984.829268, 114
TRD, 2984.878049, 115
TRD, 2985.560976, 106
TRD, 2988.000000, 120
TRD, 2988.804878, 117
TRD, 2989.146341, 129
TRD, 2989.804878, 107
TRD, 2991.048780, 103
TRD, 2991.268293, 109
TRD, 2991.536585, 112
TRD, 2992.317073, 116
TRD, 2993.414634, 120
TRD, 2993.609756, 110
TRD, 2994.341463, 108
TRD, 2994.780488, 99
TRD, 2994.853659, 95
TRD, 2996.000000, 98
TRD, 2996.121951, 97
TRD, 2998.560976, 112
TRD, 2999.439024, 108
TRD, 3001.268293, 113
TRD, 3002.609756, 111
TRD, 3007.048780, 111
TRD, 3007.341463, 105
TRD, 3007.975610, 114
TRD, 3008.024390, 105
TRD, 3011.170732, 111
TRD, 3013.658537, 109
TRD, 3014.756098, 110
TRD, 3015.097561, 110
TRD, 3015.268293, 110
TRD, 3016.756098, 108
TRD, 3017.487805, 114
TRD, 3018.902439, 118
TRD, 3019.585366, 112
TRD, 3022.609756, 113
TRD, 3023.707317, 114
TRD, 3023.902439, 111
TRD, 3024.536585, 107
TRD, 3025.000000, 108
TRD, 3026.243902, 106
TRD, 3026.390244, 107
TRD, 3026.487805, 109
TRD, 3027.439024, 106
TRD, 3028.463415, 105
TRD, 3028.878049, 116
TRD, 3029.609756, 114
TRD, 3030.707317, 106
TRD, 3031.000000, 109
TRD, 3032.024390, 110
TRD, 3032.073171, 103
TRD, 3032.170732, 102
TRD, 3032.853659, 115
TRD, 3034.390244, 121
TRD, 3034.536585, 118
TRD, 3035.560976, 108
TRD, 3036.926829, 113
TRD, 3037.048780, 107
TRD, 3039.975610, 122
TRD, 3040.487805, 118
TRD, 3044.341463, 114
TRD, 3046.707317, 115
TRD, 3046.756098, 114
TRD, 3048.634146, 107
TRD, 3049.512195, 113
TRD, 3050.292683, 105
TRD, 3050.585366, 109
TRD, 3050.707317, 103
TRD, 3050.926829, 109
TRD, 3051.780488, 109
TRD, 3052.902439, 109
TRD, 3053.463415, 109
TRD, 3053.756098, 115
TRD, 3055.121951, 114
TRD, 3055.195122, 110
TRD, 3055.439024, 115
TRD, 3056.975610, 122
TRD, 3057.146341, 106
TRD, 3057.634146, 108
TRD, 3058.365854, 113
TRD, 3061.707317, 112
TRD, 3062.439024, 114
TRD, 3062.634146, 106
TRD, 3063.243902, 103
TRD, 3063.512195, 99
TRD, 3064.243902, 102
TRD, 3064.414634, 109
TRD, 3064.707317, 101
TRD, 3065.268293, 114
TRD, 3067.609756, 112
TRD, 3068.292683, 103
TRD, 3068.707317, 110
TRD, 3069.146341, 109
TRD, 3071.146341, 108
TRD, 3071.487805, 108
TRD, 3072.560976, 103
TRD, 3073.902439, 108
TRD, 3074.097561, 102
TRD, 3074.780488, 102
TRD, 3074.902439, 114
TRD, 3075.829268, 116
TRD, 3076.609756, 116
TRD, 3079.268293, 109
TRD, 3079.390244, 106
TRD, 3083.146341, 118
TRD, 3083.292683, 114
TRD, 3084.682927, 114
TRD, 3084.926829, 113
TRD, 3085.463415, 119
TRD, 3085.731707, 119
TRD, 3086.000000, 112
TRD, 3086.878049, 108
TRD, 3087.804878, 114
TRD, 3088.000000, 114
TRD, 3089.097561, 109
TRD, 3089.658537, 107
TRD, 3089.707317, 114
TRD, 3091.414634, 115
TRD, 3093.756098, 117
TRD, 3094.317073, 106
TRD, 3096.341463, 113
TRD, 3096.756098, 113
TRD, 3096.951220, 114
TRD, 3097.146341, 116
TRD, 3097.439024, 117
TRD, 3097.829268, 117
TRD, 3098.707317, 114
TRD, 3099.024390, 105
TRD, 3100.243902, 124
TRD, 3100.780488, 113
TRD, 3101.609756, 118
TRD, 3101.658537, 111
TRD, 3103.195122, 114
TRD, 3103.634146, 109
TRD, 3104.048780, 111
TRD, 3104.439024, 110
TRD, 3106.390244, 110
TRD, 3106.463415, 99
TRD, 3107.365854, 101
TRD, 3108.365854, 107
TRD, 3110.634146, 109
TRD, 3113.000000, 107
TRD, 3113.170732, 107
TRD, 3113.536585, 108
TRD, 3116.439024, 107
TRD, 3117.487805, 106
TRD, 3119.024390, 108
TRD, 3119.073171, 105
TRD, 3119.292683, 110
TRD, 3119.658537, 111
TRD, 3121.292683, 110
TRD, 3122.097561, 106
TRD, 3123.000000, 106
TRD, 3124.829268, 107
TRD, 3124.878049, 106
TRD, 3126.512195, 108
TRD, 3127.243902, 105
TRD, 3127.902439, 99
TRD, 3128.146341, 112
TRD, 3128.219512, 98
TRD, 3128.292683, 114
TRD, 3129.292683, 114
TRD, 3131.878049, 116
TRD, 3132.317073, 116
TRD, 3133.414634, 119
TRD, 3134.414634, 115
TRD, 3134.975610, 119
TRD, 3135.073171, 112
TRD, 3136.292683, 113
TRD, 3137.975610, 117
TRD, 3139.219512, 110
TRD, 3139.804878, 103
TRD, 3141.560976, 109
TRD, 3142.000000, 109
TRD, 3143.536585, 104
TRD, 3143.707317, 104
TRD, 3145.000000, 109
TRD, 3145.195122, 103
TRD, 3145.487805, 105
TRD, 3146.073171, 113
TRD, 3146.170732, 115
TRD, 3146.536585, 105
TRD, 3147.170732, 105
TRD, 3147.414634, 101
TRD, 3148.170732, 112
TRD, 3148.780488, 119
TRD, 3150.121951, 122
TRD, 3151.268293, 128
TRD, 3153.414634, 122
TRD, 3154.975610, 127
TRD, 3157.024390, 113
TRD, 3158.243902, 108
TRD, 3158.463415, 112
TRD, 3158.634146, 115
TRD, 3159.707317, 106
TRD, 3160.926829, 113
TRD, 3161.682927, 105
TRD, 3162.195122, 104
TRD, 3162.292683, 103
TRD, 3163.536585, 114
TRD, 3165.536585, 109
TRD, 3165.658537, 105
TRD, 3165.829268, 104
TRD, 3167.756098, 109
TRD, 3168.682927, 109
TRD, 3169.414634, 112
TRD, 3169.439024, 104
TRD, 3171.585366, 112
TRD, 3171.853659, 108
TRD, 3172.414634, 110
TRD, 3172.731707, 106
TRD, 3172.951220, 118
TRD, 3173.756098, 118
TRD, 3176.073171, 133
TRD, 3176.268293, 123
TRD, 3180.804878, 125
TRD, 3183.902439, 122
TRD, 3184.292683, 106
TRD, 3184.634146, 117
TRD, 3186.317073, 130
TRD, 3187.829268, 121
TRD, 3189.073171, 113
TRD, 3189.170732, 114
TRD, 3190.756098, 115
TRD, 3191.634146, 107
TRD, 3191.707317, 120
TRD, 3192.878049, 116
TRD, 3196.000000, 114
TRD, 3196.024390, 116
TRD, 3197.804878, 119
TRD, 3198.024390, 113
TRD, 3199.292683, 112
TRD, 3200.000000, 116
TRD, 3200.292683, 112
TRD, 3200.951220, 121
TRD, 3201.439024, 123
TRD, 3202.365854, 116
TRD, 3202.804878, 115
TRD, 3202.853659, 118
TRD, 3203.292683, 119
TRD, 3203.634146, 118
TRD, 3203.853659, 110
TRD, 3204.048780, 124
TRD, 3205.585366, 124
TRD, 3206.682927, 113
TRD, 3207.780488, 125
TRD, 3208.682927, 118
TRD, 3213.097561, 116
TRD, 3213.560976, 115
TRD, 3213.634146, 121
TRD, 3215.121951, 117
TRD, 3215.853659, 120
TRD, 3218.243902, 116
TRD, 3218.804878, 120
TRD, 3221.073171, 119
TRD, 3221.487805, 121
TRD, 3222.219512, 121
TRD, 3222.731707, 122
TRD, 3225.024390, 121
TRD, 3226.463415, 121
TRD, 3226.756098, 122
TRD, 3226.975610, 120
TRD, 3228.024390, 117
TRD, 3228.878049, 124
TRD, 3229.634146, 117
TRD, 3229.707317, 115
TRD, 3230.463415, 113
TRD, 3232.317073, 123
TRD, 3232.634146, 125
TRD, 3232.951220, 120
TRD, 3233.048780, 126
TRD, 3234.682927, 124
TRD, 3234.878049, 132
TRD, 3235.609756, 127
TRD, 3237.317073, 123
TRD, 3237.463415, 120
TRD, 3238.121951, 127
TRD, 3239.878049, 122
TRD, 3242.609756, 127
TRD, 3242.853659, 126
TRD, 3242.878049, 127
TRD, 3245.121951, 125
TRD, 3248.024390, 124
TRD, 3248.707317, 126
TRD, 3249.390244, 128
TRD, 3252.219512, 123
TRD, 3252.731707, 125
TRD, 3252.951220, 119
TRD, 3252.975610, 124
TRD, 3253.658537, 126
TRD, 3254.000000, 133
TRD, 3254.170732, 128
TRD, 3254.317073, 134
TRD, 3255.609756, 125
TRD, 3256.341463, 127
TRD, 3256.439024, 134
TRD, 3260.560976, 131
TRD, 3261.024390, 130
TRD, 3262.146341, 130
TRD, 3262.243902, 135
TRD, 3263.804878, 135
TRD, 3264.341463, 129
TRD, 3264.365854, 137
TRD, 3264.707317, 129
TRD, 3264.853659, 128
TRD, 3269.341463, 135
TRD, 3269.658537, 137
TRD, 3270.000000, 137
TRD, 3271.073171, 126
TRD, 3271.146341, 138
TRD, 3271.951220, 140
TRD, 3273.536585, 150
TRD, 3274.365854, 131
TRD, 3275.975610, 130
TRD, 3276.341463, 128
TRD, 3277.487805, 128
TRD, 3278.512195, 132
TRD, 3279.024390, 130
TRD, 3279.195122, 133
TRD, 3280.609756, 134
TRD, 3281.121951, 130
TRD, 3281.170732, 129
TRD, 3281.268293, 127
TRD, 3283.073171, 126
TRD, 3284.609756, 133
TRD, 3284.926829, 129
TRD, 3286.097561, 134
TRD, 3286.170732, 124
TRD, 3287.121951, 148
TRD, 3287.560976, 141
TRD, 3287.878049, 127
TRD, 3289.707317, 145
TRD, 3291.341463, 142
TRD, 3292.975610, 141
TRD, 3293.756098, 135
TRD, 3293.780488, 133
TRD, 3294.365854, 138
TRD, 3294.560976, 133
TRD, 3295.707317, 128
TRD, 3297.073171, 122
TRD, 3298.756098, 127
TRD, 3300.634146, 125
TRD, 3301.804878, 125
TRD, 3302.000000, 135
TRD, 3304.439024, 136
TRD, 3304.780488, 130
TRD, 3305.048780, 128
TRD, 3305.390244, 136
TRD, 3305.804878, 126
TRD, 3306.146341, 132
TRD, 3306.926829, 134
TRD, 3309.951220, 129
TRD, 3310.317073, 136
TRD, 3310.707317, 130
TRD, 3311.000000, 139
TRD, 3313.170732, 141
TRD, 3313.560976, 140
TRD, 3313.756098, 134
TRD, 3314.195122, 133
TRD, 3314.536585, 142
TRD, 3315.268293, 146
TRD, 3316.170732, 143
TRD, 3316.512195, 140
TRD, 3317.170732, 133
TRD, 3317.585366, 128
TRD, 3318.439024, 130
TRD, 3319.365854, 126
TRD, 3322.878049, 138
TRD, 3323.560976, 134
TRD, 3324.439024, 134
TRD, 3325.365854, 143
TRD, 3327.902439, 133
TRD, 3329.146341, 134
TRD, 3330.658537, 134
TRD, 3332.487805, 132
TRD, 3333.243902, 137
TRD, 3334.024390, 125
TRD, 3334.121951, 128
TRD, 3335.585366, 124
TRD, 3336.146341, 126
TRD, 3336.804878, 126
TRD, 3338.951220, 124
TRD, 3339.804878, 138
TRD, 3340.512195, 131
TRD, 3341.024390, 138
TRD, 3343.609756, 135
TRD, 3344.707317, 130
TRD, 3344.975610, 132
TRD, 3345.804878, 126
TRD, 3346.780488, 133
TRD, 3347.048780, 134
TRD, 3347.878049, 138
TRD, 3348.658537, 146
TRD, 3348.975610, 128
TRD, 3349.048780, 128
TRD, 3349.146341, 131
TRD, 3350.682927, 127
TRD, 3351.634146, 128
TRD, 3352.780488, 126
TRD, 3352.902439, 131
TRD, 3353.097561, 145
TRD, 3353.317073, 143
TRD, 3355.121951, 141
TRD, 3358.804878, 146
TRD, 3359.560976, 145
TRD, 3359.780488, 139
TRD, 3360.707317, 134
TRD, 3362.804878, 137
TRD, 3362.926829, 131
TRD, 3363.731707, 129
TRD, 3364.707317, 131
TRD, 3365.073171, 128
TRD, 3365.439024, 130
TRD, 3365.609756, 125
TRD, 3366.024390, 124
TRD, 3367.292683, 130
TRD, 3368.292683, 134
TRD, 3368.658537, 128
TRD, 3371.682927, 145
TRD, 3372.731707, 130
TRD, 3373.585366, 131
TRD, 3374.341463, 133
TRD, 3375.365854, 135
TRD, 3376.170732, 130
TRD, 3376.609756, 133
TRD, 3377.634146, 127
TRD, 3379.731707, 128
TRD, 3380.170732, 126
TRD, 3380.487805, 123
TRD, 3383.878049, 126
TRD, 3385.170732, 133
TRD, 3385.756098, 136
TRD, 3385.780488, 128
TRD, 3386.414634, 136
TRD, 3386.780488, 136
TRD, 3388.902439, 134
TRD, 3389.414634, 134
TRD, 3389.439024, 133
TRD, 3389.560976, 127
TRD, 3390.512195, 135
TRD, 3390.731707, 132
TRD, 3394.365854, 125
TRD, 3395.390244, 126
TRD, 3396.073171, 123
TRD, 3396.097561, 121
TRD, 3396.390244, 126
TRD, 3396.463415, 127
TRD, 3397.000000, 118
TRD, 3399.146341, 120
TRD, 3401.463415, 121
TRD, 3403.780488, 123
TRD, 3404.512195, 125
TRD, 3404.756098, 127
TRD, 3405.682927, 123
TRD, 3406.414634, 124
TRD, 3408.634146, 133
TRD, 3409.414634, 132
TRD, 3414.024390, 131
TRD, 3414.121951, 130
TRD, 3416.756098, 131
TRD, 3417.463415, 129
TRD, 3418.048780, 129
TRD, 3419.365854, 130
TRD, 3420.365854, 128
TRD, 3420.756098, 130
TRD, 3421.487805, 126
TRD, 3421.853659, 125
TRD, 3422.731707, 129
TRD, 3423.048780, 131
TRD, 3425.195122, 144
TRD, 3425.902439, 133
TRD, 3425.951220, 133
TRD, 3427.268293, 128
TRD, 3427.390244, 133
TRD, 3427.512195, 122
TRD, 3428.073171, 130
TRD, 3429.585366, 125
TRD, 3432.024390, 134
TRD, 3432.560976, 126
TRD, 3435.097561, 128
TRD, 3435.780488, 129
TRD, 3437.463415, 125
TRD, 3437.829268, 128
TRD, 3439.146341, 123
TRD, 3440.121951, 125
TRD, 3440.243902, 120
TRD, 3440.560976, 126
TRD, 3440.658537, 111
TRD, 3441.170732, 127
TRD, 3441.292683, 134
TRD, 3442.439024, 134
TRD, 3446.560976, 119
TRD, 3446.707317, 109
TRD, 3448.146341, 119
TRD, 3448.707317, 127
TRD, 3449.707317, 130
TRD, 3449.926829, 118
TRD, 3450.341463, 119
TRD, 3450.731707, 131
TRD, 3451.512195, 134
TRD, 3454.560976, 120
TRD, 3454.926829, 117
TRD, 3456.219512, 120
TRD, 3456.317073, 114
TRD, 3456.390244, 109
TRD, 3456.829268, 124
TRD, 3457.170732, 122
TRD, 3460.585366, 121
TRD, 3461.048780, 121
TRD, 3461.146341, 119
TRD, 3461.463415, 123
TRD, 3462.780488, 116
TRD, 3462.951220, 113
TRD, 3464.512195, 111
TRD, 3465.341463, 118
TRD, 3465.414634, 110
TRD, 3466.707317, 121
TRD, 3467.878049, 126
TRD, 3468.926829, 136
TRD, 3470.097561, 127
TRD, 3470.463415, 125
TRD, 3470.951220, 130
TRD, 3473.268293, 126
TRD, 3473.658537, 126
TRD, 3475.756098, 128
TRD, 3477.756098, 122
TRD, 3478.195122, 123
TRD, 3479.560976, 127
TRD, 3479.853659, 121
TRD, 3481.829268, 117
TRD, 3482.926829, 117
TRD, 3483.634146, 121
TRD, 3483.926829, 114
TRD, 3484.512195, 110
TRD, 3485.658537, 122
TRD, 3486.414634, 108
TRD, 3486.585366, 112
TRD, 3488.121951, 114
TRD, 3488.341463, 106
TRD, 3488.487805, 117
TRD, 3491.219512, 118
TRD, 3491.414634, 121
TRD, 3491.756098, 115
TRD, 3493.926829, 120
TRD, 3495.024390, 119
TRD, 3495.536585, 119
TRD, 3496.000000, 123
TRD, 3496.975610, 117
TRD, 3497.414634, 115
TRD, 3498.707317, 115
TRD, 3500.219512, 129
TRD, 3500.804878, 114
TRD, 3502.073171, 124
TRD, 3502.317073, 125
TRD, 3503.390244, 117
TRD, 3504.341463, 122
TRD, 3508.048780, 121
TRD, 3508.365854, 121
TRD, 3509.243902, 120
TRD, 3509.414634, 124
TRD, 3510.317073, 119
TRD, 3510.512195, 118
TRD, 3511.000000, 123
TRD, 3511.243902, 126
TRD, 3511.487805, 123
TRD, 3513.024390, 120
TRD, 3513.170732, 118
TRD, 3513.756098, 126
TRD, 3514.024390, 127
TRD, 3520.170732, 126
TRD, 3521.073171, 121
TRD, 3522.780488, 127
TRD, 3522.926829, 121
TRD, 3523.439024, 127
TRD, 3524.390244, 120
TRD, 3526.073171, 117
TRD, 3526.682927, 119
TRD, 3527.146341, 115
TRD, 3527.195122, 124
TRD, 3527.829268, 110
TRD, 3530.097561, 122
TRD, 3530.609756, 115
TRD, 3532.292683, 124
TRD, 3533.024390, 125
TRD, 3533.121951, 120
TRD, 3533.219512, 127
TRD, 3535.146341, 128
TRD, 3537.024390, 119
TRD, 3537.463415, 116
TRD, 3537.804878, 114
TRD, 3537.951220, 120
TRD, 3538.073171, 129
TRD, 3538.292683, 127
TRD, 3538.780488, 114
TRD, 3539.170732, 111
TRD, 3540.024390, 114
TRD, 3540.658537, 128
TRD, 3541.365854, 129
TRD, 3543.073171, 131
TRD, 3543.170732, 118
TRD, 3544.292683, 121
TRD, 3546.097561, 121
TRD, 3546.268293, 137
TRD, 3547.195122, 122
TRD, 3549.146341, 123
TRD, 3549.951220, 133
TRD, 3550.000000, 122
TRD, 3553.512195, 126
TRD, 3554.902439, 131
TRD, 3555.097561, 132
TRD, 3556.317073, 128
TRD, 3557.341463, 128
TRD, 3557.439024, 127
TRD, 3557.780488, 132
TRD, 3558.341463, 126
TRD, 3560.048780, 125
TRD, 3561.780488, 124
TRD, 3562.512195, 123
TRD, 3564.926829, 122
TRD, 3567.341463, 127
TRD, 3567.804878, 128
TRD, 3568.292683, 129
TRD, 3569.073171, 123
TRD, 3569.951220, 122
TRD, 3570.658537, 126
TRD, 3570.780488, 127
TRD, 3571.878049, 128
TRD, 3572.414634, 131
TRD, 3572.878049, 124
TRD, 3573.317073, 122
TRD, 3574.292683, 123
TRD, 3574.926829, 125
TRD, 3574.951220, 121
TRD, 3575.292683, 121
TRD, 3575.780488, 119
TRD, 3575.878049, 128
TRD, 3578.682927, 122
TRD, 3578.878049, 116
TRD, 3579.634146, 120
TRD, 3580.390244, 111
TRD, 3580.512195, 117
TRD, 3581.365854, 118
TRD, 3582.000000, 113
TRD, 3582.146341, 112
TRD, 3582.365854, 114
TRD, 3583.439024, 120
TRD, 3583.634146, 118
TRD, 3586.878049, 118
TRD, 3586.902439, 122
TRD, 3587.853659, 129
TRD, 3588.121951, 126
TRD, 3588.878049, 133
TRD, 3591.560976, 136
TRD, 3592.853659, 136
TRD, 3593.268293, 124
TRD, 3593.390244, 123
TRD, 3594.000000, 119
TRD, 3594.073171, 122
TRD, 3596.707317, 126
TRD, 3597.975610, 120
TRD, 3599.536585, 134
