ga_trial, 000001, 56, 222, GA, 3, 1, 3.000000, ZIC, 42, 20, 2.100000, 
ga_trial, 000011, 103, 174, GA, 3, 1, 3.000000, ZIC, 89, 20, 4.450000, 
ga_trial, 000012, 87, 174, GA, 3, 1, 3.000000, ZIC, 105, 20, 5.250000, 
ga_trial, 000014, 80, 209, GA, 3, 1, 3.000000, ZIC, 195, 20, 9.750000, 
ga_trial, 000017, 85, 179, GA, 3, 1, 3.000000, ZIC, 274, 20, 13.700000, 
ga_trial, 000018, 60, 128, GA, 3, 1, 3.000000, ZIC, 314, 20, 15.700000, 
ga_trial, 000020, 52, 262, GA, 12, 1, 12.000000, ZIC, 361, 20, 18.050000, 
ga_trial, 000023, 50, 185, GA, 12, 1, 12.000000, ZIC, 399, 20, 19.950000, 
ga_trial, 000025, 71, 161, GA, 12, 1, 12.000000, ZIC, 435, 20, 21.750000, 
ga_trial, 000027, 67, 210, GA, 23, 1, 23.000000, ZIC, 491, 20, 24.550000, 
ga_trial, 000029, 113, 150, GA, 23, 1, 23.000000, ZIC, 559, 20, 27.950000, 
ga_trial, 000037, 85, 231, GA, 23, 1, 23.000000, ZIC, 585, 20, 29.250000, 
ga_trial, 000037, 77, 125, GA, 23, 1, 23.000000, ZIC, 664, 20, 33.200000, 
ga_trial, 000040, 74, 207, GA, 29, 1, 29.000000, ZIC, 747, 20, 37.350000, 
ga_trial, 000043, 106, 230, GA, 29, 1, 29.000000, ZIC, 794, 20, 39.700000, 
ga_trial, 000044, 63, 154, GA, 29, 1, 29.000000, ZIC, 884, 20, 44.200000, 
ga_trial, 000048, 94, 174, GA, 32, 1, 32.000000, ZIC, 959, 20, 47.950000, 
ga_trial, 000050, 89, 197, GA, 39, 1, 39.000000, ZIC, 1008, 20, 50.400000, 
ga_trial, 000060, 80, 181, GA, 39, 1, 39.000000, ZIC, 1088, 20, 54.400000, 
ga_trial, 000063, 55, 157, GA, 39, 1, 39.000000, ZIC, 1136, 20, 56.800000, 
ga_trial, 000069, 95, 290, GA, 44, 1, 44.000000, ZIC, 1198, 20, 59.900000, 
ga_trial, 000076, 70, 106, GA, 44, 1, 44.000000, ZIC, 1277, 20, 63.850000, 
ga_trial, 000076, 70, 205, GA, 44, 1, 44.000000, ZIC, 1357, 20, 67.850000, 
ga_trial, 000077, 109, 205, GA, 49, 1, 49.000000, ZIC, 1386, 20, 69.300000, 
ga_trial, 000081, 100, 106, GA, 49, 1, 49.000000, ZIC, 1466, 20, 73.300000, 
ga_trial, 000083, 99, 144, GA, 93, 1, 93.000000, ZIC, 1467, 20, 73.350000, 
ga_trial, 000083, 90, 144, GA, 93, 1, 93.000000, ZIC, 1493, 20, 74.650000, 
ga_trial, 000086, 70, 111, GA, 93, 1, 93.000000, ZIC, 1530, 20, 76.500000, 
ga_trial, 000091, 66, 115, GA, 93, 1, 93.000000, ZIC, 1588, 20, 79.400000, 
ga_trial, 000092, 66, 115, GA, 93, 1, 93.000000, ZIC, 1667, 20, 83.350000, 
ga_trial, 000094, 99, 115, GA, 93, 1, 93.000000, ZIC, 1683, 20, 84.150000, 
ga_trial, 000097, 55, 235, GA, 93, 1, 93.000000, ZIC, 1719, 20, 85.950000, 
ga_trial, 000097, 55, 235, GA, 103, 1, 103.000000, ZIC, 1809, 20, 90.450000, 
ga_trial, 000100, 47, 111, GA, 103, 1, 103.000000, ZIC, 1868, 20, 93.400000, 
ga_trial, 000105, 75, 170, GA, 103, 1, 103.000000, ZIC, 1905, 20, 95.250000, 
ga_trial, 000109, 113, 204, GA, 106, 1, 106.000000, ZIC, 1980, 20, 99.000000, 
ga_trial, 000116, 117, 234, GA, 116, 1, 116.000000, ZIC, 2004, 20, 100.200000, 
ga_trial, 000121, 60, 136, GA, 116, 1, 116.000000, ZIC, 2072, 20, 103.600000, 
ga_trial, 000125, 63, 133, GA, 116, 1, 116.000000, ZIC, 2111, 20, 105.550000, 
ga_trial, 000126, 108, 178, GA, 133, 1, 133.000000, ZIC, 2128, 20, 106.400000, 
ga_trial, 000126, 67, 175, GA, 133, 1, 133.000000, ZIC, 2188, 20, 109.400000, 
ga_trial, 000127, 58, 175, GA, 133, 1, 133.000000, ZIC, 2246, 20, 112.300000, 
ga_trial, 000136, 121, 153, GA, 135, 1, 135.000000, ZIC, 2311, 20, 115.550000, 
ga_trial, 000137, 79, 153, GA, 135, 1, 135.000000, ZIC, 2391, 20, 119.550000, 
ga_trial, 000145, 112, 174, GA, 138, 1, 138.000000, ZIC, 2455, 20, 122.750000, 
ga_trial, 000149, 115, 146, GA, 138, 1, 138.000000, ZIC, 2479, 20, 123.950000, 
ga_trial, 000155, 79, 166, GA, 138, 1, 138.000000, ZIC, 2549, 20, 127.450000, 
ga_trial, 000158, 140, 266, GA, 146, 1, 146.000000, ZIC, 2630, 20, 131.500000, 
ga_trial, 000168, 78, 151, GA, 146, 1, 146.000000, ZIC, 2665, 20, 133.250000, 
ga_trial, 000168, 78, 198, GA, 159, 1, 159.000000, ZIC, 2675, 20, 133.750000, 
ga_trial, 000169, 78, 198, GA, 159, 1, 159.000000, ZIC, 2681, 20, 134.050000, 
ga_trial, 000174, 129, 208, GA, 164, 1, 164.000000, ZIC, 2699, 20, 134.950000, 
ga_trial, 000177, 75, 208, GA, 164, 1, 164.000000, ZIC, 2769, 20, 138.450000, 
ga_trial, 000180, 73, 135, GA, 164, 1, 164.000000, ZIC, 2826, 20, 141.300000, 
ga_trial, 000182, 69, 135, GA, 164, 1, 164.000000, ZIC, 2856, 20, 142.800000, 
ga_trial, 000183, 89, 117, GA, 164, 1, 164.000000, ZIC, 2902, 20, 145.100000, 
ga_trial, 000187, 85, 193, GA, 194, 1, 194.000000, ZIC, 2950, 20, 147.500000, 
ga_trial, 000188, 68, 267, GA, 194, 1, 194.000000, ZIC, 2997, 20, 149.850000, 
ga_trial, 000197, 51, 118, GA, 194, 1, 194.000000, ZIC, 3037, 20, 151.850000, 
ga_trial, 000200, 76, 185, GA, 198, 1, 198.000000, ZIC, 3078, 20, 153.900000, 
ga_trial, 000203, 93, 255, GA, 198, 1, 198.000000, ZIC, 3114, 20, 155.700000, 
ga_trial, 000203, 83, 255, GA, 198, 1, 198.000000, ZIC, 3193, 20, 159.650000, 
ga_trial, 000204, 83, 177, GA, 198, 1, 198.000000, ZIC, 3273, 20, 163.650000, 
ga_trial, 000207, 56, 209, GA, 203, 1, 203.000000, ZIC, 3346, 20, 167.300000, 
ga_trial, 000213, 69, 119, GA, 203, 1, 203.000000, ZIC, 3396, 20, 169.800000, 
ga_trial, 000214, 37, 194, GA, 234, 1, 234.000000, ZIC, 3432, 20, 171.600000, 
ga_trial, 000217, 51, 169, GA, 234, 1, 234.000000, ZIC, 3491, 20, 174.550000, 
ga_trial, 000219, 44, 148, GA, 234, 1, 234.000000, ZIC, 3531, 20, 176.550000, 
ga_trial, 000221, 73, 119, GA, 234, 1, 234.000000, ZIC, 3555, 20, 177.750000, 
ga_trial, 000224, 109, 151, GA, 236, 1, 236.000000, ZIC, 3576, 20, 178.800000, 
ga_trial, 000227, 88, 207, GA, 236, 1, 236.000000, ZIC, 3623, 20, 181.150000, 
ga_trial, 000227, 55, 286, GA, 236, 1, 236.000000, ZIC, 3671, 20, 183.550000, 
ga_trial, 000234, 96, 177, GA, 241, 1, 241.000000, ZIC, 3700, 20, 185.000000, 
ga_trial, 000234, 58, 177, GA, 241, 1, 241.000000, ZIC, 3727, 20, 186.350000, 
ga_trial, 000238, 118, 193, GA, 241, 1, 241.000000, ZIC, 3807, 20, 190.350000, 
ga_trial, 000241, 76, 154, GA, 241, 1, 241.000000, ZIC, 3845, 20, 192.250000, 
ga_trial, 000243, 106, 167, GA, 241, 1, 241.000000, ZIC, 3914, 20, 195.700000, 
ga_trial, 000247, 72, 230, GA, 260, 1, 260.000000, ZIC, 3951, 20, 197.550000, 
ga_trial, 000248, 84, 114, GA, 260, 1, 260.000000, ZIC, 3999, 20, 199.950000, 
ga_trial, 000252, 102, 214, GA, 260, 1, 260.000000, ZIC, 4059, 20, 202.950000, 
ga_trial, 000254, 95, 164, GA, 260, 1, 260.000000, ZIC, 4138, 20, 206.900000, 
ga_trial, 000259, 76, 266, GA, 260, 1, 260.000000, ZIC, 4208, 20, 210.400000, 
ga_trial, 000261, 95, 207, GA, 271, 1, 271.000000, ZIC, 4264, 20, 213.200000, 
ga_trial, 000264, 96, 183, GA, 274, 1, 274.000000, ZIC, 4328, 20, 216.400000, 
ga_trial, 000270, 103, 148, GA, 274, 1, 274.000000, ZIC, 4386, 20, 219.300000, 
ga_trial, 000274, 102, 289, GA, 274, 1, 274.000000, ZIC, 4456, 20, 222.800000, 
ga_trial, 000280, 102, 265, GA, 294, 1, 294.000000, ZIC, 4459, 20, 222.950000, 
ga_trial, 000281, 50, 191, GA, 294, 1, 294.000000, ZIC, 4538, 20, 226.900000, 
ga_trial, 000285, 94, 163, GA, 296, 1, 296.000000, ZIC, 4614, 20, 230.700000, 
ga_trial, 000290, 112, 223, GA, 296, 1, 296.000000, ZIC, 4704, 20, 235.200000, 
ga_trial, 000293, 58, 105, GA, 296, 1, 296.000000, ZIC, 4774, 20, 238.700000, 
ga_trial, 000294, 58, 147, GA, 296, 1, 296.000000, ZIC, 4842, 20, 242.100000, 
ga_trial, 000296, 73, 178, GA, 296, 1, 296.000000, ZIC, 4889, 20, 244.450000, 
ga_trial, 000300, 119, 202, GA, 299, 1, 299.000000, ZIC, 4931, 20, 246.550000, 
ga_trial, 000303, 80, 224, GA, 299, 1, 299.000000, ZIC, 4999, 20, 249.950000, 
ga_trial, 000308, 55, 171, GA, 301, 1, 301.000000, ZIC, 5064, 20, 253.200000, 
ga_trial, 000318, 100, 109, GA, 301, 1, 301.000000, ZIC, 5144, 20, 257.200000, 
ga_trial, 000321, 91, 174, GA, 301, 1, 301.000000, ZIC, 5183, 20, 259.150000, 
ga_trial, 000323, 106, 179, GA, 304, 1, 304.000000, ZIC, 5258, 20, 262.900000, 
ga_trial, 000326, 94, 137, GA, 304, 1, 304.000000, ZIC, 5348, 20, 267.400000, 
ga_trial, 000330, 90, 157, GA, 361, 1, 361.000000, ZIC, 5380, 20, 269.000000, 
ga_trial, 000341, 73, 202, GA, 361, 1, 361.000000, ZIC, 5470, 20, 273.500000, 
ga_trial, 000342, 59, 143, GA, 388, 1, 388.000000, ZIC, 5499, 20, 274.950000, 
ga_trial, 000346, 73, 171, GA, 388, 1, 388.000000, ZIC, 5546, 20, 277.300000, 
ga_trial, 000349, 85, 171, GA, 388, 1, 388.000000, ZIC, 5591, 20, 279.550000, 
ga_trial, 000353, 109, 179, GA, 388, 1, 388.000000, ZIC, 5681, 20, 284.050000, 
ga_trial, 000354, 98, 127, GA, 388, 1, 388.000000, ZIC, 5739, 20, 286.950000, 
ga_trial, 000355, 67, 258, GA, 388, 1, 388.000000, ZIC, 5798, 20, 289.900000, 
ga_trial, 000361, 95, 139, GA, 388, 1, 388.000000, ZIC, 5868, 20, 293.400000, 
ga_trial, 000362, 95, 208, GA, 396, 1, 396.000000, ZIC, 5872, 20, 293.600000, 
ga_trial, 000364, 77, 228, GA, 396, 1, 396.000000, ZIC, 5901, 20, 295.050000, 
ga_trial, 000368, 105, 153, GA, 396, 1, 396.000000, ZIC, 5957, 20, 297.850000, 
ga_trial, 000368, 82, 153, GA, 396, 1, 396.000000, ZIC, 5995, 20, 299.750000, 
ga_trial, 000376, 56, 138, GA, 396, 1, 396.000000, ZIC, 6054, 20, 302.700000, 
ga_trial, 000377, 134, 186, GA, 399, 1, 399.000000, ZIC, 6129, 20, 306.450000, 
ga_trial, 000378, 98, 186, GA, 399, 1, 399.000000, ZIC, 6165, 20, 308.250000, 
ga_trial, 000380, 86, 167, GA, 399, 1, 399.000000, ZIC, 6235, 20, 311.750000, 
ga_trial, 000382, 68, 167, GA, 399, 1, 399.000000, ZIC, 6274, 20, 313.700000, 
ga_trial, 000388, 100, 161, GA, 399, 1, 399.000000, ZIC, 6342, 20, 317.100000, 
ga_trial, 000392, 93, 157, GA, 399, 1, 399.000000, ZIC, 6422, 20, 321.100000, 
ga_trial, 000393, 69, 157, GA, 399, 1, 399.000000, ZIC, 6467, 20, 323.350000, 
ga_trial, 000394, 47, 228, GA, 399, 1, 399.000000, ZIC, 6513, 20, 325.650000, 
ga_trial, 000397, 82, 195, GA, 399, 1, 399.000000, ZIC, 6550, 20, 327.500000, 
ga_trial, 000400, 131, 161, GA, 399, 1, 399.000000, ZIC, 6639, 20, 331.950000, 
ga_trial, 000402, 113, 141, GA, 399, 1, 399.000000, ZIC, 6707, 20, 335.350000, 
ga_trial, 000404, 113, 250, GA, 432, 1, 432.000000, ZIC, 6774, 20, 338.700000, 
ga_trial, 000409, 88, 156, GA, 432, 1, 432.000000, ZIC, 6811, 20, 340.550000, 
ga_trial, 000414, 85, 124, GA, 432, 1, 432.000000, ZIC, 6901, 20, 345.050000, 
ga_trial, 000415, 85, 161, GA, 434, 1, 434.000000, ZIC, 6977, 20, 348.850000, 
ga_trial, 000421, 70, 142, GA, 434, 1, 434.000000, ZIC, 7023, 20, 351.150000, 
ga_trial, 000426, 71, 94, GA, 434, 1, 434.000000, ZIC, 7093, 20, 354.650000, 
ga_trial, 000432, 71, 155, GA, 434, 1, 434.000000, ZIC, 7161, 20, 358.050000, 
ga_trial, 000435, 80, 181, GA, 434, 1, 434.000000, ZIC, 7211, 20, 360.550000, 
ga_trial, 000436, 81, 161, GA, 434, 1, 434.000000, ZIC, 7300, 20, 365.000000, 
ga_trial, 000439, 68, 179, GA, 434, 1, 434.000000, ZIC, 7348, 20, 367.400000, 
ga_trial, 000440, 40, 191, GA, 434, 1, 434.000000, ZIC, 7408, 20, 370.400000, 
ga_trial, 000442, 48, 92, GA, 434, 1, 434.000000, ZIC, 7457, 20, 372.850000, 
ga_trial, 000451, 62, 178, GA, 437, 1, 437.000000, ZIC, 7510, 20, 375.500000, 
ga_trial, 000451, 47, 178, GA, 437, 1, 437.000000, ZIC, 7560, 20, 378.000000, 
ga_trial, 000452, 82, 178, GA, 437, 1, 437.000000, ZIC, 7595, 20, 379.750000, 
ga_trial, 000456, 85, 178, GA, 445, 1, 445.000000, ZIC, 7621, 20, 381.050000, 
ga_trial, 000457, 80, 111, GA, 445, 1, 445.000000, ZIC, 7690, 20, 384.500000, 
ga_trial, 000458, 107, 171, GA, 445, 1, 445.000000, ZIC, 7717, 20, 385.850000, 
ga_trial, 000466, 70, 183, GA, 445, 1, 445.000000, ZIC, 7766, 20, 388.300000, 
ga_trial, 000472, 115, 150, GA, 445, 1, 445.000000, ZIC, 7856, 20, 392.800000, 
ga_trial, 000472, 70, 167, GA, 445, 1, 445.000000, ZIC, 7912, 20, 395.600000, 
ga_trial, 000474, 97, 262, GA, 445, 1, 445.000000, ZIC, 7992, 20, 399.600000, 
ga_trial, 000481, 57, 191, GA, 445, 1, 445.000000, ZIC, 8029, 20, 401.450000, 
ga_trial, 000485, 97, 156, GA, 445, 1, 445.000000, ZIC, 8118, 20, 405.900000, 
ga_trial, 000489, 85, 340, GA, 452, 1, 452.000000, ZIC, 8156, 20, 407.800000, 
ga_trial, 000495, 91, 168, GA, 452, 1, 452.000000, ZIC, 8204, 20, 410.200000, 
ga_trial, 000500, 74, 142, GA, 473, 1, 473.000000, ZIC, 8206, 20, 410.300000, 
ga_trial, 000505, 98, 164, GA, 473, 1, 473.000000, ZIC, 8286, 20, 414.300000, 
ga_trial, 000506, 98, 168, GA, 473, 1, 473.000000, ZIC, 8332, 20, 416.600000, 
ga_trial, 000509, 65, 209, GA, 473, 1, 473.000000, ZIC, 8381, 20, 419.050000, 
ga_trial, 000513, 85, 197, GA, 478, 1, 478.000000, ZIC, 8476, 20, 423.800000, 
ga_trial, 000515, 81, 226, GA, 478, 1, 478.000000, ZIC, 8504, 20, 425.200000, 
ga_trial, 000515, 125, 254, GA, 496, 1, 496.000000, ZIC, 8575, 20, 428.750000, 
ga_trial, 000517, 91, 176, GA, 496, 1, 496.000000, ZIC, 8643, 20, 432.150000, 
ga_trial, 000527, 70, 164, GA, 496, 1, 496.000000, ZIC, 8733, 20, 436.650000, 
ga_trial, 000528, 75, 215, GA, 523, 1, 523.000000, ZIC, 8762, 20, 438.100000, 
ga_trial, 000531, 103, 122, GA, 523, 1, 523.000000, ZIC, 8797, 20, 439.850000, 
ga_trial, 000532, 68, 160, GA, 523, 1, 523.000000, ZIC, 8867, 20, 443.350000, 
ga_trial, 000538, 73, 121, GA, 523, 1, 523.000000, ZIC, 8884, 20, 444.200000, 
ga_trial, 000538, 73, 106, GA, 523, 1, 523.000000, ZIC, 8922, 20, 446.100000, 
ga_trial, 000538, 68, 121, GA, 567, 1, 567.000000, ZIC, 8923, 20, 446.150000, 
ga_trial, 000542, 84, 121, GA, 567, 1, 567.000000, ZIC, 8993, 20, 449.650000, 
ga_trial, 000546, 127, 185, GA, 579, 1, 579.000000, ZIC, 9048, 20, 452.400000, 
ga_trial, 000548, 86, 156, GA, 579, 1, 579.000000, ZIC, 9117, 20, 455.850000, 
ga_trial, 000548, 113, 156, GA, 579, 1, 579.000000, ZIC, 9207, 20, 460.350000, 
ga_trial, 000553, 77, 179, GA, 579, 1, 579.000000, ZIC, 9266, 20, 463.300000, 
ga_trial, 000559, 60, 158, GA, 579, 1, 579.000000, ZIC, 9334, 20, 466.700000, 
ga_trial, 000561, 55, 180, GA, 616, 1, 616.000000, ZIC, 9342, 20, 467.100000, 
ga_trial, 000561, 55, 135, GA, 616, 1, 616.000000, ZIC, 9392, 20, 469.600000, 
ga_trial, 000564, 66, 146, GA, 616, 1, 616.000000, ZIC, 9461, 20, 473.050000, 
ga_trial, 000573, 74, 166, GA, 618, 1, 618.000000, ZIC, 9537, 20, 476.850000, 
ga_trial, 000577, 87, 179, GA, 621, 1, 621.000000, ZIC, 9634, 20, 481.700000, 
ga_trial, 000585, 100, 271, GA, 621, 1, 621.000000, ZIC, 9661, 20, 483.050000, 
ga_trial, 000587, 56, 182, GA, 621, 1, 621.000000, ZIC, 9720, 20, 486.000000, 
ga_trial, 000590, 70, 123, GA, 621, 1, 621.000000, ZIC, 9778, 20, 488.900000, 
ga_trial, 000592, 82, 123, GA, 621, 1, 621.000000, ZIC, 9824, 20, 491.200000, 
ga_trial, 000596, 96, 176, GA, 624, 1, 624.000000, ZIC, 9888, 20, 494.400000, 
ga_trial, 000597, 61, 221, GA, 624, 1, 624.000000, ZIC, 9958, 20, 497.900000, 
ga_trial, 000603, 94, 247, GA, 674, 1, 674.000000, ZIC, 9986, 20, 499.300000, 
ga_trial, 000605, 72, 123, GA, 674, 1, 674.000000, ZIC, 10013, 20, 500.650000, 
ga_trial, 000609, 79, 172, GA, 708, 1, 708.000000, ZIC, 10013, 20, 500.650000, 
ga_trial, 000617, 80, 177, GA, 708, 1, 708.000000, ZIC, 10071, 20, 503.550000, 
ga_trial, 000621, 90, 227, GA, 708, 1, 708.000000, ZIC, 10139, 20, 506.950000, 
ga_trial, 000622, 83, 209, GA, 708, 1, 708.000000, ZIC, 10188, 20, 509.400000, 
ga_trial, 000623, 63, 254, GA, 708, 1, 708.000000, ZIC, 10225, 20, 511.250000, 
ga_trial, 000625, 77, 155, GA, 708, 1, 708.000000, ZIC, 10315, 20, 515.750000, 
ga_trial, 000626, 86, 178, GA, 708, 1, 708.000000, ZIC, 10360, 20, 518.000000, 
ga_trial, 000635, 94, 178, GA, 711, 1, 711.000000, ZIC, 10413, 20, 520.650000, 
ga_trial, 000636, 83, 178, GA, 711, 1, 711.000000, ZIC, 10493, 20, 524.650000, 
ga_trial, 000642, 116, 154, GA, 728, 1, 728.000000, ZIC, 10543, 20, 527.150000, 
ga_trial, 000642, 86, 154, GA, 728, 1, 728.000000, ZIC, 10622, 20, 531.100000, 
ga_trial, 000647, 76, 242, GA, 738, 1, 738.000000, ZIC, 10657, 20, 532.850000, 
ga_trial, 000651, 82, 116, GA, 738, 1, 738.000000, ZIC, 10725, 20, 536.250000, 
ga_trial, 000655, 90, 98, GA, 738, 1, 738.000000, ZIC, 10805, 20, 540.250000, 
ga_trial, 000659, 80, 280, GA, 738, 1, 738.000000, ZIC, 10864, 20, 543.200000, 
ga_trial, 000660, 80, 172, GA, 762, 1, 762.000000, ZIC, 10907, 20, 545.350000, 
ga_trial, 000662, 80, 172, GA, 762, 1, 762.000000, ZIC, 10967, 20, 548.350000, 
ga_trial, 000665, 61, 199, GA, 762, 1, 762.000000, ZIC, 11035, 20, 551.750000, 
ga_trial, 000667, 76, 126, GA, 817, 1, 817.000000, ZIC, 11069, 20, 553.450000, 
ga_trial, 000670, 113, 197, GA, 817, 1, 817.000000, ZIC, 11116, 20, 555.800000, 
ga_trial, 000684, 83, 163, GA, 817, 1, 817.000000, ZIC, 11174, 20, 558.700000, 
ga_trial, 000685, 93, 238, GA, 833, 1, 833.000000, ZIC, 11214, 20, 560.700000, 
ga_trial, 000687, 51, 126, GA, 833, 1, 833.000000, ZIC, 11233, 20, 561.650000, 
ga_trial, 000691, 69, 192, GA, 836, 1, 836.000000, ZIC, 11308, 20, 565.400000, 
ga_trial, 000693, 80, 153, GA, 836, 1, 836.000000, ZIC, 11398, 20, 569.900000, 
ga_trial, 000702, 90, 116, GA, 836, 1, 836.000000, ZIC, 11488, 20, 574.400000, 
ga_trial, 000703, 105, 221, GA, 839, 1, 839.000000, ZIC, 11519, 20, 575.950000, 
ga_trial, 000704, 100, 164, GA, 839, 1, 839.000000, ZIC, 11599, 20, 579.950000, 
ga_trial, 000707, 73, 135, GA, 839, 1, 839.000000, ZIC, 11678, 20, 583.900000, 
ga_trial, 000709, 71, 146, GA, 887, 1, 887.000000, ZIC, 11708, 20, 585.400000, 
ga_trial, 000714, 64, 191, GA, 887, 1, 887.000000, ZIC, 11734, 20, 586.700000, 
ga_trial, 000716, 88, 143, GA, 923, 1, 923.000000, ZIC, 11776, 20, 588.800000, 
ga_trial, 000721, 95, 193, GA, 923, 1, 923.000000, ZIC, 11791, 20, 589.550000, 
ga_trial, 000729, 53, 152, GA, 923, 1, 923.000000, ZIC, 11828, 20, 591.400000, 
ga_trial, 000730, 98, 152, GA, 925, 1, 925.000000, ZIC, 11904, 20, 595.200000, 
ga_trial, 000733, 85, 346, GA, 925, 1, 925.000000, ZIC, 11953, 20, 597.650000, 
ga_trial, 000743, 79, 201, GA, 928, 1, 928.000000, ZIC, 11962, 20, 598.100000, 
ga_trial, 000747, 107, 112, GA, 928, 1, 928.000000, ZIC, 12008, 20, 600.400000, 
ga_trial, 000757, 102, 152, GA, 928, 1, 928.000000, ZIC, 12075, 20, 603.750000, 
ga_trial, 000760, 76, 152, GA, 928, 1, 928.000000, ZIC, 12144, 20, 607.200000, 
ga_trial, 000762, 129, 152, GA, 928, 1, 928.000000, ZIC, 12222, 20, 611.100000, 
ga_trial, 000769, 60, 126, GA, 967, 1, 967.000000, ZIC, 12250, 20, 612.500000, 
ga_trial, 000771, 84, 235, GA, 967, 1, 967.000000, ZIC, 12274, 20, 613.700000, 
ga_trial, 000777, 67, 133, GA, 967, 1, 967.000000, ZIC, 12324, 20, 616.200000, 
ga_trial, 000780, 100, 177, GA, 967, 1, 967.000000, ZIC, 12372, 20, 618.600000, 
ga_trial, 000782, 107, 165, GA, 967, 1, 967.000000, ZIC, 12419, 20, 620.950000, 
ga_trial, 000785, 80, 123, GA, 1007, 1, 1007.000000, ZIC, 12468, 20, 623.400000, 
ga_trial, 000785, 80, 154, GA, 1007, 1, 1007.000000, ZIC, 12558, 20, 627.900000, 
ga_trial, 000788, 47, 146, GA, 1007, 1, 1007.000000, ZIC, 12584, 20, 629.200000, 
ga_trial, 000791, 88, 154, GA, 1009, 1, 1009.000000, ZIC, 12649, 20, 632.450000, 
ga_trial, 000798, 95, 201, GA, 1014, 1, 1014.000000, ZIC, 12711, 20, 635.550000, 
ga_trial, 000798, 95, 201, GA, 1014, 1, 1014.000000, ZIC, 12781, 20, 639.050000, 
ga_trial, 000801, 96, 207, GA, 1014, 1, 1014.000000, ZIC, 12839, 20, 641.950000, 
ga_trial, 000802, 60, 113, GA, 1014, 1, 1014.000000, ZIC, 12858, 20, 642.900000, 
ga_trial, 000806, 92, 210, GA, 1014, 1, 1014.000000, ZIC, 12904, 20, 645.200000, 
ga_trial, 000809, 102, 182, GA, 1017, 1, 1017.000000, ZIC, 12924, 20, 646.200000, 
ga_trial, 000814, 79, 263, GA, 1017, 1, 1017.000000, ZIC, 12972, 20, 648.600000, 
ga_trial, 000818, 76, 129, GA, 1017, 1, 1017.000000, ZIC, 13018, 20, 650.900000, 
ga_trial, 000819, 78, 163, GA, 1017, 1, 1017.000000, ZIC, 13087, 20, 654.350000, 
ga_trial, 000820, 45, 115, GA, 1017, 1, 1017.000000, ZIC, 13136, 20, 656.800000, 
ga_trial, 000821, 51, 148, GA, 1017, 1, 1017.000000, ZIC, 13176, 20, 658.800000, 
ga_trial, 000825, 72, 197, GA, 1025, 1, 1025.000000, ZIC, 13235, 20, 661.750000, 
ga_trial, 000828, 66, 156, GA, 1025, 1, 1025.000000, ZIC, 13275, 20, 663.750000, 
ga_trial, 000833, 92, 201, GA, 1025, 1, 1025.000000, ZIC, 13310, 20, 665.500000, 
ga_trial, 000836, 72, 223, GA, 1025, 1, 1025.000000, ZIC, 13358, 20, 667.900000, 
ga_trial, 000838, 119, 196, GA, 1029, 1, 1029.000000, ZIC, 13454, 20, 672.700000, 
ga_trial, 000840, 69, 237, GA, 1029, 1, 1029.000000, ZIC, 13501, 20, 675.050000, 
ga_trial, 000845, 108, 214, GA, 1034, 1, 1034.000000, ZIC, 13541, 20, 677.050000, 
ga_trial, 000848, 81, 120, GA, 1034, 1, 1034.000000, ZIC, 13611, 20, 680.550000, 
ga_trial, 000850, 97, 120, GA, 1034, 1, 1034.000000, ZIC, 13668, 20, 683.400000, 
ga_trial, 000853, 56, 170, GA, 1034, 1, 1034.000000, ZIC, 13707, 20, 685.350000, 
ga_trial, 000858, 93, 196, GA, 1034, 1, 1034.000000, ZIC, 13722, 20, 686.100000, 
ga_trial, 000859, 70, 185, GA, 1038, 1, 1038.000000, ZIC, 13752, 20, 687.600000, 
ga_trial, 000861, 63, 137, GA, 1038, 1, 1038.000000, ZIC, 13812, 20, 690.600000, 
ga_trial, 000863, 47, 142, GA, 1038, 1, 1038.000000, ZIC, 13829, 20, 691.450000, 
ga_trial, 000864, 82, 120, GA, 1038, 1, 1038.000000, ZIC, 13847, 20, 692.350000, 
ga_trial, 000865, 82, 120, GA, 1038, 1, 1038.000000, ZIC, 13937, 20, 696.850000, 
ga_trial, 000867, 100, 222, GA, 1045, 1, 1045.000000, ZIC, 13986, 20, 699.300000, 
ga_trial, 000875, 110, 149, GA, 1045, 1, 1045.000000, ZIC, 14066, 20, 703.300000, 
ga_trial, 000877, 53, 159, GA, 1045, 1, 1045.000000, ZIC, 14092, 20, 704.600000, 
ga_trial, 000880, 85, 169, GA, 1045, 1, 1045.000000, ZIC, 14170, 20, 708.500000, 
ga_trial, 000881, 58, 93, GA, 1045, 1, 1045.000000, ZIC, 14219, 20, 710.950000, 
ga_trial, 000886, 78, 211, GA, 1049, 1, 1049.000000, ZIC, 14260, 20, 713.000000, 
ga_trial, 000890, 89, 142, GA, 1049, 1, 1049.000000, ZIC, 14309, 20, 715.450000, 
ga_trial, 000890, 89, 144, GA, 1057, 1, 1057.000000, ZIC, 14313, 20, 715.650000, 
ga_trial, 000894, 104, 226, GA, 1057, 1, 1057.000000, ZIC, 14360, 20, 718.000000, 
ga_trial, 000897, 54, 113, GA, 1057, 1, 1057.000000, ZIC, 14380, 20, 719.000000, 
ga_trial, 000900, 85, 192, GA, 1057, 1, 1057.000000, ZIC, 14459, 20, 722.950000, 
ga_trial, 000907, 110, 229, GA, 1062, 1, 1062.000000, ZIC, 14499, 20, 724.950000, 
ga_trial, 000908, 84, 180, GA, 1062, 1, 1062.000000, ZIC, 14558, 20, 727.900000, 
ga_trial, 000909, 89, 112, GA, 1062, 1, 1062.000000, ZIC, 14608, 20, 730.400000, 
ga_trial, 000909, 57, 156, GA, 1062, 1, 1062.000000, ZIC, 14676, 20, 733.800000, 
ga_trial, 000913, 132, 258, GA, 1071, 1, 1071.000000, ZIC, 14734, 20, 736.700000, 
ga_trial, 000913, 94, 290, GA, 1071, 1, 1071.000000, ZIC, 14769, 20, 738.450000, 
ga_trial, 000918, 68, 127, GA, 1071, 1, 1071.000000, ZIC, 14829, 20, 741.450000, 
ga_trial, 000922, 100, 152, GA, 1071, 1, 1071.000000, ZIC, 14876, 20, 743.800000, 
ga_trial, 000931, 119, 175, GA, 1074, 1, 1074.000000, ZIC, 14929, 20, 746.450000, 
ga_trial, 000932, 59, 175, GA, 1074, 1, 1074.000000, ZIC, 14943, 20, 747.150000, 
ga_trial, 000933, 54, 190, GA, 1088, 1, 1088.000000, ZIC, 14974, 20, 748.700000, 
ga_trial, 000943, 76, 112, GA, 1137, 1, 1137.000000, ZIC, 15025, 20, 751.250000, 
ga_trial, 000943, 76, 163, GA, 1137, 1, 1137.000000, ZIC, 15073, 20, 753.650000, 
ga_trial, 000946, 93, 173, GA, 1137, 1, 1137.000000, ZIC, 15109, 20, 755.450000, 
ga_trial, 000946, 91, 159, GA, 1137, 1, 1137.000000, ZIC, 15188, 20, 759.400000, 
ga_trial, 000949, 46, 144, GA, 1137, 1, 1137.000000, ZIC, 15213, 20, 760.650000, 
ga_trial, 000954, 78, 219, GA, 1137, 1, 1137.000000, ZIC, 15313, 20, 765.650000, 
ga_trial, 000954, 85, 271, GA, 1137, 1, 1137.000000, ZIC, 15340, 20, 767.000000, 
ga_trial, 000960, 35, 163, GA, 1137, 1, 1137.000000, ZIC, 15369, 20, 768.450000, 
ga_trial, 000961, 64, 163, GA, 1141, 1, 1141.000000, ZIC, 15399, 20, 769.950000, 
ga_trial, 000966, 67, 121, GA, 1141, 1, 1141.000000, ZIC, 15437, 20, 771.850000, 
ga_trial, 000971, 115, 200, GA, 1146, 1, 1146.000000, ZIC, 15466, 20, 773.300000, 
ga_trial, 000972, 60, 152, GA, 1146, 1, 1146.000000, ZIC, 15524, 20, 776.200000, 
ga_trial, 000977, 69, 103, GA, 1146, 1, 1146.000000, ZIC, 15574, 20, 778.700000, 
ga_trial, 000978, 23, 114, GA, 1146, 1, 1146.000000, ZIC, 15600, 20, 780.000000, 
ga_trial, 000985, 52, 219, GA, 1146, 1, 1146.000000, ZIC, 15649, 20, 782.450000, 
ga_trial, 000986, 65, 162, GA, 1146, 1, 1146.000000, ZIC, 15706, 20, 785.300000, 
ga_trial, 000989, 88, 251, GA, 1150, 1, 1150.000000, ZIC, 15747, 20, 787.350000, 
ga_trial, 000994, 76, 221, GA, 1150, 1, 1150.000000, ZIC, 15847, 20, 792.350000, 
ga_trial, 000996, 73, 123, GA, 1150, 1, 1150.000000, ZIC, 15885, 20, 794.250000, 
ga_trial, 000997, 73, 123, GA, 1150, 1, 1150.000000, ZIC, 15935, 20, 796.750000, 
ga_trial, 001000, 88, 313, GA, 1161, 1, 1161.000000, ZIC, 15958, 20, 797.900000, 
ga_trial, 001001, 109, 269, GA, 1161, 1, 1161.000000, ZIC, 16017, 20, 800.850000, 
ga_trial, 001004, 78, 146, GA, 1161, 1, 1161.000000, ZIC, 16096, 20, 804.800000, 
ga_trial, 001006, 42, 275, GA, 1161, 1, 1161.000000, ZIC, 16156, 20, 807.800000, 
ga_trial, 001013, 101, 205, GA, 1161, 1, 1161.000000, ZIC, 16235, 20, 811.750000, 
ga_trial, 001014, 102, 158, GA, 1176, 1, 1176.000000, ZIC, 16276, 20, 813.800000, 
ga_trial, 001014, 50, 158, GA, 1176, 1, 1176.000000, ZIC, 16334, 20, 816.700000, 
ga_trial, 001023, 100, 158, GA, 1176, 1, 1176.000000, ZIC, 16381, 20, 819.050000, 
ga_trial, 001027, 74, 222, GA, 1219, 1, 1219.000000, ZIC, 16416, 20, 820.800000, 
ga_trial, 001034, 93, 122, GA, 1219, 1, 1219.000000, ZIC, 16475, 20, 823.750000, 
ga_trial, 001035, 93, 137, GA, 1219, 1, 1219.000000, ZIC, 16522, 20, 826.100000, 
ga_trial, 001036, 93, 114, GA, 1219, 1, 1219.000000, ZIC, 16527, 20, 826.350000, 
ga_trial, 001038, 113, 169, GA, 1237, 1, 1237.000000, ZIC, 16532, 20, 826.600000, 
ga_trial, 001040, 81, 169, GA, 1240, 1, 1240.000000, ZIC, 16629, 20, 831.450000, 
ga_trial, 001042, 78, 222, GA, 1240, 1, 1240.000000, ZIC, 16697, 20, 834.850000, 
ga_trial, 001046, 59, 111, GA, 1240, 1, 1240.000000, ZIC, 16756, 20, 837.800000, 
ga_trial, 001047, 59, 173, GA, 1240, 1, 1240.000000, ZIC, 16783, 20, 839.150000, 
ga_trial, 001050, 69, 215, GA, 1240, 1, 1240.000000, ZIC, 16863, 20, 843.150000, 
ga_trial, 001051, 69, 215, GA, 1240, 1, 1240.000000, ZIC, 16920, 20, 846.000000, 
ga_trial, 001059, 82, 143, GA, 1240, 1, 1240.000000, ZIC, 17010, 20, 850.500000, 
ga_trial, 001061, 107, 247, GA, 1248, 1, 1248.000000, ZIC, 17102, 20, 855.100000, 
ga_trial, 001066, 87, 140, GA, 1248, 1, 1248.000000, ZIC, 17161, 20, 858.050000, 
ga_trial, 001067, 105, 166, GA, 1248, 1, 1248.000000, ZIC, 17229, 20, 861.450000, 
ga_trial, 001069, 100, 149, GA, 1254, 1, 1254.000000, ZIC, 17257, 20, 862.850000, 
ga_trial, 001075, 115, 205, GA, 1263, 1, 1263.000000, ZIC, 17315, 20, 865.750000, 
ga_trial, 001081, 76, 129, GA, 1263, 1, 1263.000000, ZIC, 17395, 20, 869.750000, 
ga_trial, 001082, 87, 149, GA, 1263, 1, 1263.000000, ZIC, 17430, 20, 871.500000, 
ga_trial, 001085, 73, 162, GA, 1265, 1, 1265.000000, ZIC, 17462, 20, 873.100000, 
ga_trial, 001093, 56, 160, GA, 1265, 1, 1265.000000, ZIC, 17509, 20, 875.450000, 
ga_trial, 001095, 82, 203, GA, 1272, 1, 1272.000000, ZIC, 17602, 20, 880.100000, 
ga_trial, 001103, 72, 115, GA, 1337, 1, 1337.000000, ZIC, 17615, 20, 880.750000, 
ga_trial, 001104, 72, 139, GA, 1337, 1, 1337.000000, ZIC, 17654, 20, 882.700000, 
ga_trial, 001110, 74, 145, GA, 1337, 1, 1337.000000, ZIC, 17691, 20, 884.550000, 
ga_trial, 001117, 83, 210, GA, 1337, 1, 1337.000000, ZIC, 17738, 20, 886.900000, 
ga_trial, 001121, 105, 146, GA, 1337, 1, 1337.000000, ZIC, 17795, 20, 889.750000, 
ga_trial, 001121, 105, 146, GA, 1368, 1, 1368.000000, ZIC, 17853, 20, 892.650000, 
ga_trial, 001124, 55, 318, GA, 1372, 1, 1372.000000, ZIC, 17872, 20, 893.600000, 
ga_trial, 001133, 70, 222, GA, 1372, 1, 1372.000000, ZIC, 17952, 20, 897.600000, 
ga_trial, 001134, 71, 189, GA, 1372, 1, 1372.000000, ZIC, 18001, 20, 900.050000, 
ga_trial, 001135, 82, 223, GA, 1372, 1, 1372.000000, ZIC, 18069, 20, 903.450000, 
ga_trial, 001139, 85, 167, GA, 1392, 1, 1392.000000, ZIC, 18105, 20, 905.250000, 
ga_trial, 001141, 100, 167, GA, 1392, 1, 1392.000000, ZIC, 18164, 20, 908.200000, 
ga_trial, 001145, 82, 133, GA, 1392, 1, 1392.000000, ZIC, 18200, 20, 910.000000, 
ga_trial, 001147, 103, 147, GA, 1412, 1, 1412.000000, ZIC, 18258, 20, 912.900000, 
ga_trial, 001148, 103, 147, GA, 1412, 1, 1412.000000, ZIC, 18282, 20, 914.100000, 
ga_trial, 001153, 65, 90, GA, 1412, 1, 1412.000000, ZIC, 18322, 20, 916.100000, 
ga_trial, 001156, 75, 107, GA, 1412, 1, 1412.000000, ZIC, 18361, 20, 918.050000, 
ga_trial, 001163, 128, 150, GA, 1414, 1, 1414.000000, ZIC, 18371, 20, 918.550000, 
ga_trial, 001164, 117, 150, GA, 1414, 1, 1414.000000, ZIC, 18428, 20, 921.400000, 
ga_trial, 001164, 102, 130, GA, 1414, 1, 1414.000000, ZIC, 18454, 20, 922.700000, 
ga_trial, 001164, 102, 259, GA, 1434, 1, 1434.000000, ZIC, 18479, 20, 923.950000, 
ga_trial, 001170, 58, 213, GA, 1434, 1, 1434.000000, ZIC, 18539, 20, 926.950000, 
ga_trial, 001171, 113, 192, GA, 1434, 1, 1434.000000, ZIC, 18618, 20, 930.900000, 
ga_trial, 001181, 107, 151, GA, 1436, 1, 1436.000000, ZIC, 18716, 20, 935.800000, 
ga_trial, 001183, 76, 210, GA, 1436, 1, 1436.000000, ZIC, 18740, 20, 937.000000, 
ga_trial, 001184, 52, 210, GA, 1436, 1, 1436.000000, ZIC, 18778, 20, 938.900000, 
ga_trial, 001188, 80, 228, GA, 1441, 1, 1441.000000, ZIC, 18818, 20, 940.900000, 
ga_trial, 001191, 88, 247, GA, 1441, 1, 1441.000000, ZIC, 18853, 20, 942.650000, 
ga_trial, 001192, 88, 278, GA, 1441, 1, 1441.000000, ZIC, 18923, 20, 946.150000, 
ga_trial, 001197, 116, 266, GA, 1441, 1, 1441.000000, ZIC, 19003, 20, 950.150000, 
ga_trial, 001198, 116, 131, GA, 1469, 1, 1469.000000, ZIC, 19064, 20, 953.200000, 
ga_trial, 001200, 132, 160, GA, 1469, 1, 1469.000000, ZIC, 19064, 20, 953.200000, 
