rl_trial0, 000002, 85, 134, GVWY, 0, 10, 0.000000, RL, 22, 1, 22.000000, SHVR, 0, 10, 0.000000, ZIC, 0, 10, 0.000000, ZIP, 11, 10, 1.100000, 
rl_trial0, 000004, 95, 134, GVWY, 58, 10, 5.800000, RL, 22, 1, 22.000000, SHVR, 0, 10, 0.000000, ZIC, 2, 10, 0.200000, ZIP, 11, 10, 1.100000, 
rl_trial0, 000006, 95, 134, GVWY, 58, 10, 5.800000, RL, 22, 1, 22.000000, SHVR, 0, 10, 0.000000, ZIC, 46, 10, 4.600000, ZIP, 42, 10, 4.200000, 
rl_trial0, 000008, 97, 126, GVWY, 58, 10, 5.800000, RL, 22, 1, 22.000000, SHVR, 0, 10, 0.000000, ZIC, 46, 10, 4.600000, ZIP, 90, 10, 9.000000, 
rl_trial0, 000008, 95, 126, GVWY, 58, 10, 5.800000, RL, 22, 1, 22.000000, SHVR, 37, 10, 3.700000, ZIC, 46, 10, 4.600000, ZIP, 133, 10, 13.300000, 
rl_trial0, 000009, 101, 126, GVWY, 81, 10, 8.100000, RL, 22, 1, 22.000000, SHVR, 37, 10, 3.700000, ZIC, 52, 10, 5.200000, ZIP, 133, 10, 13.300000, 
rl_trial0, 000009, 103, 126, GVWY, 98, 10, 9.800000, RL, 22, 1, 22.000000, SHVR, 37, 10, 3.700000, ZIC, 52, 10, 5.200000, ZIP, 133, 10, 13.300000, 
rl_trial0, 000011, 103, 119, GVWY, 142, 10, 14.200000, RL, 22, 1, 22.000000, SHVR, 78, 10, 7.800000, ZIC, 52, 10, 5.200000, ZIP, 133, 10, 13.300000, 
rl_trial0, 000011, 96, 118, GVWY, 175, 10, 17.500000, RL, 22, 1, 22.000000, SHVR, 78, 10, 7.800000, ZIC, 52, 10, 5.200000, ZIP, 144, 10, 14.400000, 
rl_trial0, 000012, 105, 119, GVWY, 187, 10, 18.700000, RL, 22, 1, 22.000000, SHVR, 99, 10, 9.900000, ZIC, 52, 10, 5.200000, ZIP, 144, 10, 14.400000, 
rl_trial0, 000012, 99, 119, GVWY, 211, 10, 21.100000, RL, 22, 1, 22.000000, SHVR, 99, 10, 9.900000, ZIC, 52, 10, 5.200000, ZIP, 144, 10, 14.400000, 
rl_trial0, 000015, 95, 100, GVWY, 239, 10, 23.900000, RL, 22, 1, 22.000000, SHVR, 99, 10, 9.900000, ZIC, 52, 10, 5.200000, ZIP, 145, 10, 14.500000, 
rl_trial0, 000016, 85, 100, GVWY, 239, 10, 23.900000, RL, 22, 1, 22.000000, SHVR, 99, 10, 9.900000, ZIC, 71, 10, 7.100000, ZIP, 145, 10, 14.500000, 
rl_trial0, 000017, 87, 97, GVWY, 239, 10, 23.900000, RL, 22, 1, 22.000000, SHVR, 99, 10, 9.900000, ZIC, 95, 10, 9.500000, ZIP, 176, 10, 17.600000, 
rl_trial0, 000018, 88, 97, GVWY, 239, 10, 23.900000, RL, 22, 1, 22.000000, SHVR, 99, 10, 9.900000, ZIC, 95, 10, 9.500000, ZIP, 199, 10, 19.900000, 
rl_trial0, 000018, 88, 97, GVWY, 239, 10, 23.900000, RL, 22, 1, 22.000000, SHVR, 99, 10, 9.900000, ZIC, 95, 10, 9.500000, ZIP, 252, 10, 25.200000, 
rl_trial0, 000019, 90, 97, GVWY, 241, 10, 24.100000, RL, 22, 1, 22.000000, SHVR, 142, 10, 14.200000, ZIC, 95, 10, 9.500000, ZIP, 252, 10, 25.200000, 
rl_trial0, 000019, 90, 102, GVWY, 241, 10, 24.100000, RL, 22, 1, 22.000000, SHVR, 142, 10, 14.200000, ZIC, 138, 10, 13.800000, ZIP, 294, 10, 29.400000, 
rl_trial0, 000020, 93, 107, GVWY, 244, 10, 24.400000, RL, 22, 1, 22.000000, SHVR, 142, 10, 14.200000, ZIC, 138, 10, 13.800000, ZIP, 294, 10, 29.400000, 
rl_trial0, 000020, 94, 113, GVWY, 244, 10, 24.400000, RL, 40, 1, 40.000000, SHVR, 142, 10, 14.200000, ZIC, 138, 10, 13.800000, ZIP, 294, 10, 29.400000, 
rl_trial0, 000022, 95, 113, GVWY, 244, 10, 24.400000, RL, 40, 1, 40.000000, SHVR, 142, 10, 14.200000, ZIC, 149, 10, 14.900000, ZIP, 338, 10, 33.800000, 
rl_trial0, 000023, 97, 113, GVWY, 271, 10, 27.100000, RL, 40, 1, 40.000000, SHVR, 179, 10, 17.900000, ZIC, 149, 10, 14.900000, ZIP, 338, 10, 33.800000, 
rl_trial0, 000024, 98, 113, GVWY, 301, 10, 30.100000, RL, 40, 1, 40.000000, SHVR, 179, 10, 17.900000, ZIC, 149, 10, 14.900000, ZIP, 373, 10, 37.300000, 
rl_trial0, 000026, 99, 113, GVWY, 328, 10, 32.800000, RL, 57, 1, 57.000000, SHVR, 179, 10, 17.900000, ZIC, 149, 10, 14.900000, ZIP, 373, 10, 37.300000, 
rl_trial0, 000026, 105, 115, GVWY, 328, 10, 32.800000, RL, 57, 1, 57.000000, SHVR, 179, 10, 17.900000, ZIC, 156, 10, 15.600000, ZIP, 373, 10, 37.300000, 
rl_trial0, 000027, 100, 115, GVWY, 331, 10, 33.100000, RL, 57, 1, 57.000000, SHVR, 179, 10, 17.900000, ZIC, 156, 10, 15.600000, ZIP, 373, 10, 37.300000, 
rl_trial0, 000028, 111, 119, GVWY, 331, 10, 33.100000, RL, 57, 1, 57.000000, SHVR, 212, 10, 21.200000, ZIC, 182, 10, 18.200000, ZIP, 373, 10, 37.300000, 
rl_trial0, 000028, 109, 119, GVWY, 382, 10, 38.200000, RL, 57, 1, 57.000000, SHVR, 212, 10, 21.200000, ZIC, 211, 10, 21.100000, ZIP, 373, 10, 37.300000, 
rl_trial0, 000028, 110, 119, GVWY, 382, 10, 38.200000, RL, 57, 1, 57.000000, SHVR, 236, 10, 23.600000, ZIC, 246, 10, 24.600000, ZIP, 373, 10, 37.300000, 
rl_trial0, 000030, 110, 111, GVWY, 382, 10, 38.200000, RL, 57, 1, 57.000000, SHVR, 236, 10, 23.600000, ZIC, 246, 10, 24.600000, ZIP, 381, 10, 38.100000, 
rl_trial0, 000030, 95, 111, GVWY, 382, 10, 38.200000, RL, 57, 1, 57.000000, SHVR, 249, 10, 24.900000, ZIC, 246, 10, 24.600000, ZIP, 421, 10, 42.100000, 
rl_trial0, 000032, 105, 113, GVWY, 382, 10, 38.200000, RL, 57, 1, 57.000000, SHVR, 309, 10, 30.900000, ZIC, 246, 10, 24.600000, ZIP, 461, 10, 46.100000, 
rl_trial0, 000032, 98, 119, GVWY, 427, 10, 42.700000, RL, 57, 1, 57.000000, SHVR, 309, 10, 30.900000, ZIC, 246, 10, 24.600000, ZIP, 461, 10, 46.100000, 
rl_trial0, 000032, 98, 113, GVWY, 427, 10, 42.700000, RL, 57, 1, 57.000000, SHVR, 309, 10, 30.900000, ZIC, 275, 10, 27.500000, ZIP, 480, 10, 48.000000, 
rl_trial0, 000033, 95, 113, GVWY, 454, 10, 45.400000, RL, 57, 1, 57.000000, SHVR, 309, 10, 30.900000, ZIC, 275, 10, 27.500000, ZIP, 482, 10, 48.200000, 
rl_trial0, 000034, 89, 113, GVWY, 468, 10, 46.800000, RL, 57, 1, 57.000000, SHVR, 309, 10, 30.900000, ZIC, 275, 10, 27.500000, ZIP, 482, 10, 48.200000, 
rl_trial0, 000038, 96, 104, GVWY, 468, 10, 46.800000, RL, 80, 1, 80.000000, SHVR, 309, 10, 30.900000, ZIC, 275, 10, 27.500000, ZIP, 492, 10, 49.200000, 
rl_trial0, 000039, 99, 109, GVWY, 468, 10, 46.800000, RL, 80, 1, 80.000000, SHVR, 309, 10, 30.900000, ZIC, 281, 10, 28.100000, ZIP, 531, 10, 53.100000, 
rl_trial0, 000039, 102, 104, GVWY, 468, 10, 46.800000, RL, 80, 1, 80.000000, SHVR, 404, 10, 40.400000, ZIC, 281, 10, 28.100000, ZIP, 531, 10, 53.100000, 
rl_trial0, 000040, 98, 109, GVWY, 468, 10, 46.800000, RL, 80, 1, 80.000000, SHVR, 435, 10, 43.500000, ZIC, 281, 10, 28.100000, ZIP, 580, 10, 58.000000, 
rl_trial0, 000040, 98, 107, GVWY, 496, 10, 49.600000, RL, 80, 1, 80.000000, SHVR, 435, 10, 43.500000, ZIC, 281, 10, 28.100000, ZIP, 580, 10, 58.000000, 
rl_trial0, 000041, 102, 113, GVWY, 496, 10, 49.600000, RL, 80, 1, 80.000000, SHVR, 435, 10, 43.500000, ZIC, 314, 10, 31.400000, ZIP, 580, 10, 58.000000, 
rl_trial0, 000041, 102, 113, GVWY, 538, 10, 53.800000, RL, 80, 1, 80.000000, SHVR, 435, 10, 43.500000, ZIC, 314, 10, 31.400000, ZIP, 593, 10, 59.300000, 
rl_trial0, 000044, 103, 107, GVWY, 538, 10, 53.800000, RL, 80, 1, 80.000000, SHVR, 476, 10, 47.600000, ZIC, 342, 10, 34.200000, ZIP, 593, 10, 59.300000, 
rl_trial0, 000045, 103, 107, GVWY, 538, 10, 53.800000, RL, 80, 1, 80.000000, SHVR, 561, 10, 56.100000, ZIC, 342, 10, 34.200000, ZIP, 593, 10, 59.300000, 
rl_trial0, 000045, 98, 104, GVWY, 539, 10, 53.900000, RL, 80, 1, 80.000000, SHVR, 561, 10, 56.100000, ZIC, 342, 10, 34.200000, ZIP, 640, 10, 64.000000, 
rl_trial0, 000046, 102, 107, GVWY, 540, 10, 54.000000, RL, 80, 1, 80.000000, SHVR, 561, 10, 56.100000, ZIC, 342, 10, 34.200000, ZIP, 689, 10, 68.900000, 
rl_trial0, 000046, 98, 104, GVWY, 540, 10, 54.000000, RL, 80, 1, 80.000000, SHVR, 566, 10, 56.600000, ZIC, 342, 10, 34.200000, ZIP, 702, 10, 70.200000, 
rl_trial0, 000047, 95, 104, GVWY, 567, 10, 56.700000, RL, 80, 1, 80.000000, SHVR, 566, 10, 56.600000, ZIC, 342, 10, 34.200000, ZIP, 704, 10, 70.400000, 
rl_trial0, 000047, 95, 107, GVWY, 567, 10, 56.700000, RL, 101, 1, 101.000000, SHVR, 566, 10, 56.600000, ZIC, 342, 10, 34.200000, ZIP, 743, 10, 74.300000, 
rl_trial0, 000047, 89, 99, GVWY, 581, 10, 58.100000, RL, 101, 1, 101.000000, SHVR, 566, 10, 56.600000, ZIC, 342, 10, 34.200000, ZIP, 743, 10, 74.300000, 
rl_trial0, 000048, 85, 100, GVWY, 581, 10, 58.100000, RL, 101, 1, 101.000000, SHVR, 566, 10, 56.600000, ZIC, 355, 10, 35.500000, ZIP, 744, 10, 74.400000, 
rl_trial0, 000049, 85, 100, GVWY, 581, 10, 58.100000, RL, 101, 1, 101.000000, SHVR, 566, 10, 56.600000, ZIC, 357, 10, 35.700000, ZIP, 746, 10, 74.600000, 
rl_trial0, 000049, 85, 107, GVWY, 581, 10, 58.100000, RL, 101, 1, 101.000000, SHVR, 566, 10, 56.600000, ZIC, 377, 10, 37.700000, ZIP, 754, 10, 75.400000, 
rl_trial0, 000052, 85, 107, GVWY, 596, 10, 59.600000, RL, 101, 1, 101.000000, SHVR, 625, 10, 62.500000, ZIC, 377, 10, 37.700000, ZIP, 754, 10, 75.400000, 
rl_trial0, 000053, 85, 97, GVWY, 596, 10, 59.600000, RL, 101, 1, 101.000000, SHVR, 671, 10, 67.100000, ZIC, 391, 10, 39.100000, ZIP, 754, 10, 75.400000, 
rl_trial0, 000053, 79, 97, GVWY, 621, 10, 62.100000, RL, 101, 1, 101.000000, SHVR, 671, 10, 67.100000, ZIC, 391, 10, 39.100000, ZIP, 754, 10, 75.400000, 
rl_trial0, 000054, 79, 95, GVWY, 621, 10, 62.100000, RL, 101, 1, 101.000000, SHVR, 671, 10, 67.100000, ZIC, 430, 10, 43.000000, ZIP, 754, 10, 75.400000, 
rl_trial0, 000055, 79, 97, GVWY, 656, 10, 65.600000, RL, 101, 1, 101.000000, SHVR, 671, 10, 67.100000, ZIC, 430, 10, 43.000000, ZIP, 757, 10, 75.700000, 
rl_trial0, 000058, 88, 107, GVWY, 656, 10, 65.600000, RL, 129, 1, 129.000000, SHVR, 671, 10, 67.100000, ZIC, 430, 10, 43.000000, ZIP, 757, 10, 75.700000, 
rl_trial0, 000061, 90, 92, GVWY, 659, 10, 65.900000, RL, 129, 1, 129.000000, SHVR, 671, 10, 67.100000, ZIC, 430, 10, 43.000000, ZIP, 794, 10, 79.400000, 
rl_trial0, 000062, 90, 91, GVWY, 659, 10, 65.900000, RL, 129, 1, 129.000000, SHVR, 671, 10, 67.100000, ZIC, 479, 10, 47.900000, ZIP, 820, 10, 82.000000, 
rl_trial0, 000062, 89, 92, GVWY, 659, 10, 65.900000, RL, 129, 1, 129.000000, SHVR, 711, 10, 71.100000, ZIC, 479, 10, 47.900000, ZIP, 845, 10, 84.500000, 
rl_trial0, 000062, 89, 92, GVWY, 667, 10, 66.700000, RL, 129, 1, 129.000000, SHVR, 711, 10, 71.100000, ZIC, 479, 10, 47.900000, ZIP, 856, 10, 85.600000, 
rl_trial0, 000062, 89, 102, GVWY, 672, 10, 67.200000, RL, 129, 1, 129.000000, SHVR, 711, 10, 71.100000, ZIC, 479, 10, 47.900000, ZIP, 891, 10, 89.100000, 
rl_trial0, 000062, 89, 107, GVWY, 700, 10, 70.000000, RL, 129, 1, 129.000000, SHVR, 711, 10, 71.100000, ZIC, 479, 10, 47.900000, ZIP, 891, 10, 89.100000, 
rl_trial0, 000063, 89, 107, GVWY, 700, 10, 70.000000, RL, 129, 1, 129.000000, SHVR, 756, 10, 75.600000, ZIC, 493, 10, 49.300000, ZIP, 891, 10, 89.100000, 
rl_trial0, 000064, 106, 119, GVWY, 700, 10, 70.000000, RL, 141, 1, 141.000000, SHVR, 756, 10, 75.600000, ZIC, 493, 10, 49.300000, ZIP, 891, 10, 89.100000, 
rl_trial0, 000065, 105, 119, GVWY, 700, 10, 70.000000, RL, 141, 1, 141.000000, SHVR, 795, 10, 79.500000, ZIC, 513, 10, 51.300000, ZIP, 891, 10, 89.100000, 
rl_trial0, 000066, 103, 119, GVWY, 700, 10, 70.000000, RL, 141, 1, 141.000000, SHVR, 795, 10, 79.500000, ZIC, 513, 10, 51.300000, ZIP, 931, 10, 93.100000, 
rl_trial0, 000066, 85, 108, GVWY, 744, 10, 74.400000, RL, 141, 1, 141.000000, SHVR, 795, 10, 79.500000, ZIC, 513, 10, 51.300000, ZIP, 977, 10, 97.700000, 
rl_trial0, 000067, 89, 105, GVWY, 744, 10, 74.400000, RL, 141, 1, 141.000000, SHVR, 801, 10, 80.100000, ZIC, 513, 10, 51.300000, ZIP, 1024, 10, 102.400000, 
rl_trial0, 000068, 89, 108, GVWY, 744, 10, 74.400000, RL, 141, 1, 141.000000, SHVR, 801, 10, 80.100000, ZIC, 528, 10, 52.800000, ZIP, 1037, 10, 103.700000, 
rl_trial0, 000071, 85, 102, GVWY, 752, 10, 75.200000, RL, 141, 1, 141.000000, SHVR, 801, 10, 80.100000, ZIC, 528, 10, 52.800000, ZIP, 1038, 10, 103.800000, 
rl_trial0, 000072, 85, 102, GVWY, 775, 10, 77.500000, RL, 141, 1, 141.000000, SHVR, 801, 10, 80.100000, ZIC, 528, 10, 52.800000, ZIP, 1044, 10, 104.400000, 
rl_trial0, 000073, 97, 107, GVWY, 775, 10, 77.500000, RL, 141, 1, 141.000000, SHVR, 801, 10, 80.100000, ZIC, 566, 10, 56.600000, ZIP, 1044, 10, 104.400000, 
rl_trial0, 000075, 98, 113, GVWY, 775, 10, 77.500000, RL, 165, 1, 165.000000, SHVR, 801, 10, 80.100000, ZIC, 566, 10, 56.600000, ZIP, 1053, 10, 105.300000, 
rl_trial0, 000076, 97, 113, GVWY, 814, 10, 81.400000, RL, 165, 1, 165.000000, SHVR, 837, 10, 83.700000, ZIC, 566, 10, 56.600000, ZIP, 1053, 10, 105.300000, 
rl_trial0, 000077, 101, 107, GVWY, 842, 10, 84.200000, RL, 165, 1, 165.000000, SHVR, 837, 10, 83.700000, ZIC, 566, 10, 56.600000, ZIP, 1053, 10, 105.300000, 
rl_trial0, 000079, 102, 113, GVWY, 842, 10, 84.200000, RL, 165, 1, 165.000000, SHVR, 837, 10, 83.700000, ZIC, 599, 10, 59.900000, ZIP, 1053, 10, 105.300000, 
rl_trial0, 000080, 103, 109, GVWY, 842, 10, 84.200000, RL, 165, 1, 165.000000, SHVR, 837, 10, 83.700000, ZIC, 599, 10, 59.900000, ZIP, 1066, 10, 106.600000, 
rl_trial0, 000081, 103, 105, GVWY, 842, 10, 84.200000, RL, 165, 1, 165.000000, SHVR, 891, 10, 89.100000, ZIC, 599, 10, 59.900000, ZIP, 1112, 10, 111.200000, 
rl_trial0, 000081, 103, 109, GVWY, 842, 10, 84.200000, RL, 185, 1, 185.000000, SHVR, 891, 10, 89.100000, ZIC, 599, 10, 59.900000, ZIP, 1162, 10, 116.200000, 
rl_trial0, 000082, 104, 109, GVWY, 842, 10, 84.200000, RL, 185, 1, 185.000000, SHVR, 891, 10, 89.100000, ZIC, 614, 10, 61.400000, ZIP, 1202, 10, 120.200000, 
rl_trial0, 000082, 102, 105, GVWY, 842, 10, 84.200000, RL, 185, 1, 185.000000, SHVR, 939, 10, 93.900000, ZIC, 614, 10, 61.400000, ZIP, 1202, 10, 120.200000, 
rl_trial0, 000083, 95, 105, GVWY, 863, 10, 86.300000, RL, 185, 1, 185.000000, SHVR, 939, 10, 93.900000, ZIC, 614, 10, 61.400000, ZIP, 1215, 10, 121.500000, 
rl_trial0, 000083, 88, 105, GVWY, 887, 10, 88.700000, RL, 185, 1, 185.000000, SHVR, 939, 10, 93.900000, ZIC, 614, 10, 61.400000, ZIP, 1215, 10, 121.500000, 
rl_trial0, 000083, 88, 113, GVWY, 887, 10, 88.700000, RL, 185, 1, 185.000000, SHVR, 939, 10, 93.900000, ZIC, 649, 10, 64.900000, ZIP, 1265, 10, 126.500000, 
rl_trial0, 000085, 99, 112, GVWY, 887, 10, 88.700000, RL, 185, 1, 185.000000, SHVR, 984, 10, 98.400000, ZIC, 663, 10, 66.300000, ZIP, 1265, 10, 126.500000, 
rl_trial0, 000087, 99, 108, GVWY, 932, 10, 93.200000, RL, 185, 1, 185.000000, SHVR, 984, 10, 98.400000, ZIC, 663, 10, 66.300000, ZIP, 1265, 10, 126.500000, 
rl_trial0, 000090, 101, 104, GVWY, 932, 10, 93.200000, RL, 185, 1, 185.000000, SHVR, 984, 10, 98.400000, ZIC, 663, 10, 66.300000, ZIP, 1313, 10, 131.300000, 
rl_trial0, 000090, 101, 105, GVWY, 958, 10, 95.800000, RL, 185, 1, 185.000000, SHVR, 991, 10, 99.100000, ZIC, 663, 10, 66.300000, ZIP, 1313, 10, 131.300000, 
rl_trial0, 000090, 101, 107, GVWY, 958, 10, 95.800000, RL, 185, 1, 185.000000, SHVR, 991, 10, 99.100000, ZIC, 678, 10, 67.800000, ZIP, 1353, 10, 135.300000, 
rl_trial0, 000093, 101, 105, GVWY, 958, 10, 95.800000, RL, 185, 1, 185.000000, SHVR, 1034, 10, 103.400000, ZIC, 678, 10, 67.800000, ZIP, 1353, 10, 135.300000, 
rl_trial0, 000095, 101, 105, GVWY, 986, 10, 98.600000, RL, 185, 1, 185.000000, SHVR, 1039, 10, 103.900000, ZIC, 678, 10, 67.800000, ZIP, 1353, 10, 135.300000, 
rl_trial0, 000096, 99, 105, GVWY, 1018, 10, 101.800000, RL, 185, 1, 185.000000, SHVR, 1071, 10, 107.100000, ZIC, 678, 10, 67.800000, ZIP, 1353, 10, 135.300000, 
rl_trial0, 000097, 99, 103, GVWY, 1018, 10, 101.800000, RL, 209, 1, 209.000000, SHVR, 1122, 10, 112.200000, ZIC, 678, 10, 67.800000, ZIP, 1353, 10, 135.300000, 
rl_trial0, 000097, 99, 107, GVWY, 1018, 10, 101.800000, RL, 209, 1, 209.000000, SHVR, 1122, 10, 112.200000, ZIC, 687, 10, 68.700000, ZIP, 1389, 10, 138.900000, 
rl_trial0, 000098, 105, 113, GVWY, 1018, 10, 101.800000, RL, 209, 1, 209.000000, SHVR, 1122, 10, 112.200000, ZIC, 700, 10, 70.000000, ZIP, 1389, 10, 138.900000, 
rl_trial0, 000099, 101, 113, GVWY, 1063, 10, 106.300000, RL, 209, 1, 209.000000, SHVR, 1122, 10, 112.200000, ZIC, 700, 10, 70.000000, ZIP, 1389, 10, 138.900000, 
rl_trial0, 000101, 101, 103, GVWY, 1083, 10, 108.300000, RL, 209, 1, 209.000000, SHVR, 1122, 10, 112.200000, ZIC, 700, 10, 70.000000, ZIP, 1403, 10, 140.300000, 
rl_trial0, 000101, 101, 103, GVWY, 1083, 10, 108.300000, RL, 232, 1, 232.000000, SHVR, 1174, 10, 117.400000, ZIC, 700, 10, 70.000000, ZIP, 1403, 10, 140.300000, 
rl_trial0, 000102, 101, 113, GVWY, 1083, 10, 108.300000, RL, 232, 1, 232.000000, SHVR, 1174, 10, 117.400000, ZIC, 737, 10, 73.700000, ZIP, 1451, 10, 145.100000, 
rl_trial0, 000102, 100, 107, GVWY, 1103, 10, 110.300000, RL, 232, 1, 232.000000, SHVR, 1174, 10, 117.400000, ZIC, 737, 10, 73.700000, ZIP, 1500, 10, 150.000000, 
rl_trial0, 000104, 100, 107, GVWY, 1103, 10, 110.300000, RL, 232, 1, 232.000000, SHVR, 1207, 10, 120.700000, ZIC, 737, 10, 73.700000, ZIP, 1510, 10, 151.000000, 
rl_trial0, 000105, 99, 107, GVWY, 1132, 10, 113.200000, RL, 232, 1, 232.000000, SHVR, 1207, 10, 120.700000, ZIC, 737, 10, 73.700000, ZIP, 1525, 10, 152.500000, 
rl_trial0, 000105, 95, 106, GVWY, 1171, 10, 117.100000, RL, 232, 1, 232.000000, SHVR, 1207, 10, 120.700000, ZIC, 737, 10, 73.700000, ZIP, 1526, 10, 152.600000, 
rl_trial0, 000106, 95, 105, GVWY, 1175, 10, 117.500000, RL, 232, 1, 232.000000, SHVR, 1207, 10, 120.700000, ZIC, 737, 10, 73.700000, ZIP, 1535, 10, 153.500000, 
rl_trial0, 000107, 89, 98, GVWY, 1175, 10, 117.500000, RL, 232, 1, 232.000000, SHVR, 1252, 10, 125.200000, ZIC, 737, 10, 73.700000, ZIP, 1535, 10, 153.500000, 
rl_trial0, 000107, 89, 98, GVWY, 1207, 10, 120.700000, RL, 232, 1, 232.000000, SHVR, 1252, 10, 125.200000, ZIC, 759, 10, 75.900000, ZIP, 1535, 10, 153.500000, 
rl_trial0, 000107, 89, 107, GVWY, 1207, 10, 120.700000, RL, 232, 1, 232.000000, SHVR, 1252, 10, 125.200000, ZIC, 759, 10, 75.900000, ZIP, 1620, 10, 162.000000, 
rl_trial0, 000108, 89, 107, GVWY, 1207, 10, 120.700000, RL, 232, 1, 232.000000, SHVR, 1252, 10, 125.200000, ZIC, 782, 10, 78.200000, ZIP, 1662, 10, 166.200000, 
rl_trial0, 000111, 94, 102, GVWY, 1207, 10, 120.700000, RL, 257, 1, 257.000000, SHVR, 1255, 10, 125.500000, ZIC, 782, 10, 78.200000, ZIP, 1662, 10, 166.200000, 
rl_trial0, 000113, 89, 101, GVWY, 1207, 10, 120.700000, RL, 257, 1, 257.000000, SHVR, 1301, 10, 130.100000, ZIC, 782, 10, 78.200000, ZIP, 1669, 10, 166.900000, 
rl_trial0, 000113, 89, 102, GVWY, 1207, 10, 120.700000, RL, 257, 1, 257.000000, SHVR, 1352, 10, 135.200000, ZIC, 821, 10, 82.100000, ZIP, 1669, 10, 166.900000, 
rl_trial0, 000115, 89, 102, GVWY, 1213, 10, 121.300000, RL, 257, 1, 257.000000, SHVR, 1354, 10, 135.400000, ZIC, 821, 10, 82.100000, ZIP, 1669, 10, 166.900000, 
rl_trial0, 000116, 85, 98, GVWY, 1242, 10, 124.200000, RL, 257, 1, 257.000000, SHVR, 1354, 10, 135.400000, ZIC, 821, 10, 82.100000, ZIP, 1670, 10, 167.000000, 
rl_trial0, 000117, 85, 98, GVWY, 1242, 10, 124.200000, RL, 257, 1, 257.000000, SHVR, 1354, 10, 135.400000, ZIC, 821, 10, 82.100000, ZIP, 1730, 10, 173.000000, 
rl_trial0, 000117, 91, 98, GVWY, 1266, 10, 126.600000, RL, 257, 1, 257.000000, SHVR, 1354, 10, 135.400000, ZIC, 821, 10, 82.100000, ZIP, 1730, 10, 173.000000, 
rl_trial0, 000118, 92, 113, GVWY, 1298, 10, 129.800000, RL, 257, 1, 257.000000, SHVR, 1354, 10, 135.400000, ZIC, 821, 10, 82.100000, ZIP, 1763, 10, 176.300000, 
rl_trial0, 000120, 103, 107, GVWY, 1322, 10, 132.200000, RL, 257, 1, 257.000000, SHVR, 1394, 10, 139.400000, ZIC, 821, 10, 82.100000, ZIP, 1763, 10, 176.300000, 
rl_trial0, 000121, 104, 107, GVWY, 1325, 10, 132.500000, RL, 257, 1, 257.000000, SHVR, 1424, 10, 142.400000, ZIC, 821, 10, 82.100000, ZIP, 1763, 10, 176.300000, 
rl_trial0, 000122, 104, 113, GVWY, 1325, 10, 132.500000, RL, 257, 1, 257.000000, SHVR, 1424, 10, 142.400000, ZIC, 834, 10, 83.400000, ZIP, 1763, 10, 176.300000, 
rl_trial0, 000124, 104, 107, GVWY, 1325, 10, 132.500000, RL, 257, 1, 257.000000, SHVR, 1424, 10, 142.400000, ZIC, 838, 10, 83.800000, ZIP, 1777, 10, 177.700000, 
rl_trial0, 000125, 105, 113, GVWY, 1325, 10, 132.500000, RL, 257, 1, 257.000000, SHVR, 1472, 10, 147.200000, ZIC, 838, 10, 83.800000, ZIP, 1777, 10, 177.700000, 
rl_trial0, 000126, 105, 113, GVWY, 1325, 10, 132.500000, RL, 276, 1, 276.000000, SHVR, 1472, 10, 147.200000, ZIC, 838, 10, 83.800000, ZIP, 1818, 10, 181.800000, 
rl_trial0, 000127, 105, 106, GVWY, 1325, 10, 132.500000, RL, 276, 1, 276.000000, SHVR, 1472, 10, 147.200000, ZIC, 857, 10, 85.700000, ZIP, 1863, 10, 186.300000, 
rl_trial0, 000128, 104, 106, GVWY, 1328, 10, 132.800000, RL, 276, 1, 276.000000, SHVR, 1472, 10, 147.200000, ZIC, 857, 10, 85.700000, ZIP, 1863, 10, 186.300000, 
rl_trial0, 000130, 104, 105, GVWY, 1328, 10, 132.800000, RL, 276, 1, 276.000000, SHVR, 1502, 10, 150.200000, ZIC, 857, 10, 85.700000, ZIP, 1913, 10, 191.300000, 
rl_trial0, 000130, 104, 113, GVWY, 1328, 10, 132.800000, RL, 276, 1, 276.000000, SHVR, 1557, 10, 155.700000, ZIC, 872, 10, 87.200000, ZIP, 1913, 10, 191.300000, 
rl_trial0, 000130, 104, 113, GVWY, 1351, 10, 135.100000, RL, 276, 1, 276.000000, SHVR, 1557, 10, 155.700000, ZIC, 872, 10, 87.200000, ZIP, 1924, 10, 192.400000, 
rl_trial0, 000131, 105, 113, GVWY, 1385, 10, 138.500000, RL, 276, 1, 276.000000, SHVR, 1557, 10, 155.700000, ZIC, 877, 10, 87.700000, ZIP, 1924, 10, 192.400000, 
rl_trial0, 000131, 100, 113, GVWY, 1385, 10, 138.500000, RL, 276, 1, 276.000000, SHVR, 1557, 10, 155.700000, ZIC, 877, 10, 87.700000, ZIP, 1982, 10, 198.200000, 
rl_trial0, 000132, 100, 119, GVWY, 1402, 10, 140.200000, RL, 276, 1, 276.000000, SHVR, 1557, 10, 155.700000, ZIC, 877, 10, 87.700000, ZIP, 1982, 10, 198.200000, 
rl_trial0, 000132, 98, 119, GVWY, 1442, 10, 144.200000, RL, 301, 1, 301.000000, SHVR, 1557, 10, 155.700000, ZIC, 877, 10, 87.700000, ZIP, 1982, 10, 198.200000, 
rl_trial0, 000134, 98, 119, GVWY, 1461, 10, 146.100000, RL, 301, 1, 301.000000, SHVR, 1592, 10, 159.200000, ZIC, 877, 10, 87.700000, ZIP, 1982, 10, 198.200000, 
rl_trial0, 000135, 105, 108, GVWY, 1496, 10, 149.600000, RL, 301, 1, 301.000000, SHVR, 1631, 10, 163.100000, ZIC, 877, 10, 87.700000, ZIP, 1982, 10, 198.200000, 
rl_trial0, 000135, 99, 108, GVWY, 1541, 10, 154.100000, RL, 301, 1, 301.000000, SHVR, 1631, 10, 163.100000, ZIC, 877, 10, 87.700000, ZIP, 1982, 10, 198.200000, 
rl_trial0, 000136, 99, 119, GVWY, 1541, 10, 154.100000, RL, 301, 1, 301.000000, SHVR, 1631, 10, 163.100000, ZIC, 909, 10, 90.900000, ZIP, 1983, 10, 198.300000, 
rl_trial0, 000137, 89, 118, GVWY, 1541, 10, 154.100000, RL, 301, 1, 301.000000, SHVR, 1631, 10, 163.100000, ZIC, 932, 10, 93.200000, ZIP, 1984, 10, 198.400000, 
rl_trial0, 000139, 103, 118, GVWY, 1563, 10, 156.300000, RL, 301, 1, 301.000000, SHVR, 1631, 10, 163.100000, ZIC, 932, 10, 93.200000, ZIP, 2037, 10, 203.700000, 
rl_trial0, 000139, 98, 108, GVWY, 1564, 10, 156.400000, RL, 301, 1, 301.000000, SHVR, 1631, 10, 163.100000, ZIC, 932, 10, 93.200000, ZIP, 2049, 10, 204.900000, 
rl_trial0, 000141, 98, 103, GVWY, 1564, 10, 156.400000, RL, 301, 1, 301.000000, SHVR, 1684, 10, 168.400000, ZIC, 939, 10, 93.900000, ZIP, 2049, 10, 204.900000, 
rl_trial0, 000142, 99, 106, GVWY, 1564, 10, 156.400000, RL, 301, 1, 301.000000, SHVR, 1684, 10, 168.400000, ZIC, 939, 10, 93.900000, ZIP, 2134, 10, 213.400000, 
rl_trial0, 000143, 103, 113, GVWY, 1564, 10, 156.400000, RL, 301, 1, 301.000000, SHVR, 1722, 10, 172.200000, ZIC, 939, 10, 93.900000, ZIP, 2134, 10, 213.400000, 
rl_trial0, 000144, 99, 113, GVWY, 1564, 10, 156.400000, RL, 301, 1, 301.000000, SHVR, 1764, 10, 176.400000, ZIC, 939, 10, 93.900000, ZIP, 2182, 10, 218.200000, 
rl_trial0, 000145, 99, 113, GVWY, 1564, 10, 156.400000, RL, 323, 1, 323.000000, SHVR, 1764, 10, 176.400000, ZIC, 939, 10, 93.900000, ZIP, 2193, 10, 219.300000, 
rl_trial0, 000145, 99, 119, GVWY, 1564, 10, 156.400000, RL, 323, 1, 323.000000, SHVR, 1764, 10, 176.400000, ZIC, 966, 10, 96.600000, ZIP, 2193, 10, 219.300000, 
rl_trial0, 000147, 99, 134, GVWY, 1575, 10, 157.500000, RL, 323, 1, 323.000000, SHVR, 1764, 10, 176.400000, ZIC, 966, 10, 96.600000, ZIP, 2194, 10, 219.400000, 
rl_trial0, 000147, 95, 134, GVWY, 1603, 10, 160.300000, RL, 323, 1, 323.000000, SHVR, 1764, 10, 176.400000, ZIC, 966, 10, 96.600000, ZIP, 2195, 10, 219.500000, 
rl_trial0, 000147, 95, 134, GVWY, 1606, 10, 160.600000, RL, 323, 1, 323.000000, SHVR, 1764, 10, 176.400000, ZIC, 966, 10, 96.600000, ZIP, 2195, 10, 219.500000, 
rl_trial0, 000147, 89, 134, GVWY, 1620, 10, 162.000000, RL, 323, 1, 323.000000, SHVR, 1764, 10, 176.400000, ZIC, 966, 10, 96.600000, ZIP, 2195, 10, 219.500000, 
rl_trial0, 000148, 89, 107, GVWY, 1657, 10, 165.700000, RL, 323, 1, 323.000000, SHVR, 1764, 10, 176.400000, ZIC, 966, 10, 96.600000, ZIP, 2248, 10, 224.800000, 
rl_trial0, 000150, 99, 106, GVWY, 1657, 10, 165.700000, RL, 323, 1, 323.000000, SHVR, 1764, 10, 176.400000, ZIC, 1000, 10, 100.000000, ZIP, 2248, 10, 224.800000, 
rl_trial0, 000151, 96, 100, GVWY, 1657, 10, 165.700000, RL, 323, 1, 323.000000, SHVR, 1813, 10, 181.300000, ZIC, 1000, 10, 100.000000, ZIP, 2264, 10, 226.400000, 
rl_trial0, 000153, 97, 99, GVWY, 1657, 10, 165.700000, RL, 323, 1, 323.000000, SHVR, 1814, 10, 181.400000, ZIC, 1042, 10, 104.200000, ZIP, 2264, 10, 226.400000, 
rl_trial0, 000154, 97, 107, GVWY, 1657, 10, 165.700000, RL, 323, 1, 323.000000, SHVR, 1850, 10, 185.000000, ZIC, 1042, 10, 104.200000, ZIP, 2298, 10, 229.800000, 
rl_trial0, 000156, 98, 102, GVWY, 1657, 10, 165.700000, RL, 323, 1, 323.000000, SHVR, 1850, 10, 185.000000, ZIC, 1042, 10, 104.200000, ZIP, 2358, 10, 235.800000, 
rl_trial0, 000156, 89, 102, GVWY, 1684, 10, 168.400000, RL, 323, 1, 323.000000, SHVR, 1850, 10, 185.000000, ZIC, 1042, 10, 104.200000, ZIP, 2360, 10, 236.000000, 
rl_trial0, 000157, 89, 107, GVWY, 1712, 10, 171.200000, RL, 323, 1, 323.000000, SHVR, 1850, 10, 185.000000, ZIC, 1042, 10, 104.200000, ZIP, 2360, 10, 236.000000, 
rl_trial0, 000157, 85, 107, GVWY, 1720, 10, 172.000000, RL, 323, 1, 323.000000, SHVR, 1850, 10, 185.000000, ZIC, 1042, 10, 104.200000, ZIP, 2361, 10, 236.100000, 
rl_trial0, 000159, 95, 101, GVWY, 1758, 10, 175.800000, RL, 323, 1, 323.000000, SHVR, 1897, 10, 189.700000, ZIC, 1042, 10, 104.200000, ZIP, 2361, 10, 236.100000, 
rl_trial0, 000160, 97, 98, GVWY, 1758, 10, 175.800000, RL, 323, 1, 323.000000, SHVR, 1897, 10, 189.700000, ZIC, 1042, 10, 104.200000, ZIP, 2364, 10, 236.400000, 
rl_trial0, 000161, 96, 99, GVWY, 1758, 10, 175.800000, RL, 323, 1, 323.000000, SHVR, 1897, 10, 189.700000, ZIC, 1064, 10, 106.400000, ZIP, 2370, 10, 237.000000, 
rl_trial0, 000161, 96, 107, GVWY, 1764, 10, 176.400000, RL, 323, 1, 323.000000, SHVR, 1946, 10, 194.600000, ZIC, 1064, 10, 106.400000, ZIP, 2370, 10, 237.000000, 
rl_trial0, 000162, 96, 107, GVWY, 1764, 10, 176.400000, RL, 350, 1, 350.000000, SHVR, 1946, 10, 194.600000, ZIC, 1064, 10, 106.400000, ZIP, 2413, 10, 241.300000, 
rl_trial0, 000165, 97, 120, GVWY, 1764, 10, 176.400000, RL, 350, 1, 350.000000, SHVR, 1946, 10, 194.600000, ZIC, 1064, 10, 106.400000, ZIP, 2448, 10, 244.800000, 
rl_trial0, 000165, 95, 120, GVWY, 1780, 10, 178.000000, RL, 350, 1, 350.000000, SHVR, 1984, 10, 198.400000, ZIC, 1064, 10, 106.400000, ZIP, 2448, 10, 244.800000, 
rl_trial0, 000165, 85, 120, GVWY, 1804, 10, 180.400000, RL, 350, 1, 350.000000, SHVR, 1984, 10, 198.400000, ZIC, 1064, 10, 106.400000, ZIP, 2448, 10, 244.800000, 
rl_trial0, 000166, 96, 134, GVWY, 1814, 10, 181.400000, RL, 350, 1, 350.000000, SHVR, 1984, 10, 198.400000, ZIC, 1064, 10, 106.400000, ZIP, 2450, 10, 245.000000, 
rl_trial0, 000166, 96, 134, GVWY, 1820, 10, 182.000000, RL, 350, 1, 350.000000, SHVR, 1984, 10, 198.400000, ZIC, 1085, 10, 108.500000, ZIP, 2450, 10, 245.000000, 
rl_trial0, 000166, 89, 134, GVWY, 1820, 10, 182.000000, RL, 350, 1, 350.000000, SHVR, 1984, 10, 198.400000, ZIC, 1119, 10, 111.900000, ZIP, 2490, 10, 249.000000, 
rl_trial0, 000167, 105, 134, GVWY, 1823, 10, 182.300000, RL, 370, 1, 370.000000, SHVR, 1984, 10, 198.400000, ZIC, 1119, 10, 111.900000, ZIP, 2490, 10, 249.000000, 
rl_trial0, 000169, 105, 112, GVWY, 1870, 10, 187.000000, RL, 370, 1, 370.000000, SHVR, 1984, 10, 198.400000, ZIC, 1119, 10, 111.900000, ZIP, 2498, 10, 249.800000, 
rl_trial0, 000170, 105, 108, GVWY, 1870, 10, 187.000000, RL, 370, 1, 370.000000, SHVR, 2079, 10, 207.900000, ZIC, 1119, 10, 111.900000, ZIP, 2498, 10, 249.800000, 
rl_trial0, 000171, 105, 107, GVWY, 1870, 10, 187.000000, RL, 370, 1, 370.000000, SHVR, 2088, 10, 208.800000, ZIC, 1133, 10, 113.300000, ZIP, 2498, 10, 249.800000, 
rl_trial0, 000172, 105, 120, GVWY, 1870, 10, 187.000000, RL, 370, 1, 370.000000, SHVR, 2088, 10, 208.800000, ZIC, 1136, 10, 113.600000, ZIP, 2498, 10, 249.800000, 
rl_trial0, 000173, 89, 120, GVWY, 1873, 10, 187.300000, RL, 370, 1, 370.000000, SHVR, 2088, 10, 208.800000, ZIC, 1136, 10, 113.600000, ZIP, 2498, 10, 249.800000, 
rl_trial0, 000173, 89, 139, GVWY, 1873, 10, 187.300000, RL, 375, 1, 375.000000, SHVR, 2088, 10, 208.800000, ZIC, 1136, 10, 113.600000, ZIP, 2500, 10, 250.000000, 
rl_trial0, 000175, 105, 134, GVWY, 1881, 10, 188.100000, RL, 375, 1, 375.000000, SHVR, 2088, 10, 208.800000, ZIC, 1155, 10, 115.500000, ZIP, 2500, 10, 250.000000, 
rl_trial0, 000176, 105, 134, GVWY, 1902, 10, 190.200000, RL, 375, 1, 375.000000, SHVR, 2088, 10, 208.800000, ZIC, 1155, 10, 115.500000, ZIP, 2554, 10, 255.400000, 
rl_trial0, 000178, 105, 133, GVWY, 1902, 10, 190.200000, RL, 375, 1, 375.000000, SHVR, 2088, 10, 208.800000, ZIC, 1155, 10, 115.500000, ZIP, 2597, 10, 259.700000, 
rl_trial0, 000178, 105, 133, GVWY, 1902, 10, 190.200000, RL, 375, 1, 375.000000, SHVR, 2088, 10, 208.800000, ZIC, 1155, 10, 115.500000, ZIP, 2647, 10, 264.700000, 
rl_trial0, 000179, 96, 131, GVWY, 1926, 10, 192.600000, RL, 375, 1, 375.000000, SHVR, 2088, 10, 208.800000, ZIC, 1155, 10, 115.500000, ZIP, 2647, 10, 264.700000, 
rl_trial0, 000181, 98, 105, GVWY, 1926, 10, 192.600000, RL, 375, 1, 375.000000, SHVR, 2122, 10, 212.200000, ZIC, 1180, 10, 118.000000, ZIP, 2647, 10, 264.700000, 
rl_trial0, 000181, 96, 105, GVWY, 1953, 10, 195.300000, RL, 375, 1, 375.000000, SHVR, 2169, 10, 216.900000, ZIC, 1180, 10, 118.000000, ZIP, 2647, 10, 264.700000, 
rl_trial0, 000181, 98, 104, GVWY, 1953, 10, 195.300000, RL, 397, 1, 397.000000, SHVR, 2222, 10, 222.200000, ZIC, 1180, 10, 118.000000, ZIP, 2647, 10, 264.700000, 
rl_trial0, 000182, 98, 105, GVWY, 1953, 10, 195.300000, RL, 397, 1, 397.000000, SHVR, 2229, 10, 222.900000, ZIC, 1216, 10, 121.600000, ZIP, 2647, 10, 264.700000, 
rl_trial0, 000183, 100, 120, GVWY, 1953, 10, 195.300000, RL, 397, 1, 397.000000, SHVR, 2229, 10, 222.900000, ZIC, 1216, 10, 121.600000, ZIP, 2670, 10, 267.000000, 
rl_trial0, 000183, 98, 120, GVWY, 1993, 10, 199.300000, RL, 397, 1, 397.000000, SHVR, 2274, 10, 227.400000, ZIC, 1216, 10, 121.600000, ZIP, 2670, 10, 267.000000, 
rl_trial0, 000184, 99, 119, GVWY, 1993, 10, 199.300000, RL, 397, 1, 397.000000, SHVR, 2274, 10, 227.400000, ZIC, 1216, 10, 121.600000, ZIP, 2710, 10, 271.000000, 
rl_trial0, 000187, 95, 105, GVWY, 2021, 10, 202.100000, RL, 397, 1, 397.000000, SHVR, 2274, 10, 227.400000, ZIC, 1216, 10, 121.600000, ZIP, 2711, 10, 271.100000, 
rl_trial0, 000188, 85, 103, GVWY, 2035, 10, 203.500000, RL, 397, 1, 397.000000, SHVR, 2274, 10, 227.400000, ZIC, 1216, 10, 121.600000, ZIP, 2711, 10, 271.100000, 
rl_trial0, 000189, 96, 100, GVWY, 2066, 10, 206.600000, RL, 397, 1, 397.000000, SHVR, 2323, 10, 232.300000, ZIC, 1216, 10, 121.600000, ZIP, 2711, 10, 271.100000, 
rl_trial0, 000191, 96, 97, GVWY, 2066, 10, 206.600000, RL, 397, 1, 397.000000, SHVR, 2323, 10, 232.300000, ZIC, 1216, 10, 121.600000, ZIP, 2764, 10, 276.400000, 
rl_trial0, 000192, 96, 98, GVWY, 2066, 10, 206.600000, RL, 397, 1, 397.000000, SHVR, 2361, 10, 236.100000, ZIC, 1216, 10, 121.600000, ZIP, 2769, 10, 276.900000, 
rl_trial0, 000192, 85, 98, GVWY, 2102, 10, 210.200000, RL, 397, 1, 397.000000, SHVR, 2361, 10, 236.100000, ZIC, 1216, 10, 121.600000, ZIP, 2773, 10, 277.300000, 
rl_trial0, 000192, 85, 97, GVWY, 2102, 10, 210.200000, RL, 397, 1, 397.000000, SHVR, 2361, 10, 236.100000, ZIC, 1219, 10, 121.900000, ZIP, 2774, 10, 277.400000, 
rl_trial0, 000192, 85, 102, GVWY, 2102, 10, 210.200000, RL, 397, 1, 397.000000, SHVR, 2361, 10, 236.100000, ZIC, 1219, 10, 121.900000, ZIP, 2834, 10, 283.400000, 
rl_trial0, 000193, 79, 102, GVWY, 2116, 10, 211.600000, RL, 397, 1, 397.000000, SHVR, 2361, 10, 236.100000, ZIC, 1219, 10, 121.900000, ZIP, 2834, 10, 283.400000, 
rl_trial0, 000194, 79, 107, GVWY, 2116, 10, 211.600000, RL, 397, 1, 397.000000, SHVR, 2361, 10, 236.100000, ZIC, 1248, 10, 124.800000, ZIP, 2834, 10, 283.400000, 
rl_trial0, 000196, 79, 97, GVWY, 2157, 10, 215.700000, RL, 397, 1, 397.000000, SHVR, 2361, 10, 236.100000, ZIC, 1248, 10, 124.800000, ZIP, 2868, 10, 286.800000, 
rl_trial0, 000196, 79, 97, GVWY, 2157, 10, 215.700000, RL, 397, 1, 397.000000, SHVR, 2361, 10, 236.100000, ZIC, 1300, 10, 130.000000, ZIP, 2891, 10, 289.100000, 
rl_trial0, 000196, 87, 102, GVWY, 2157, 10, 215.700000, RL, 397, 1, 397.000000, SHVR, 2361, 10, 236.100000, ZIC, 1300, 10, 130.000000, ZIP, 2894, 10, 289.400000, 
rl_trial0, 000196, 87, 113, GVWY, 2157, 10, 215.700000, RL, 420, 1, 420.000000, SHVR, 2361, 10, 236.100000, ZIC, 1300, 10, 130.000000, ZIP, 2894, 10, 289.400000, 
rl_trial0, 000198, 103, 107, GVWY, 2158, 10, 215.800000, RL, 420, 1, 420.000000, SHVR, 2368, 10, 236.800000, ZIC, 1300, 10, 130.000000, ZIP, 2894, 10, 289.400000, 
rl_trial0, 000200, 96, 113, GVWY, 2158, 10, 215.800000, RL, 420, 1, 420.000000, SHVR, 2368, 10, 236.800000, ZIC, 1313, 10, 131.300000, ZIP, 2894, 10, 289.400000, 
rl_trial0, 000201, 96, 113, GVWY, 2194, 10, 219.400000, RL, 420, 1, 420.000000, SHVR, 2407, 10, 240.700000, ZIC, 1313, 10, 131.300000, ZIP, 2894, 10, 289.400000, 
rl_trial0, 000202, 102, 113, GVWY, 2212, 10, 221.200000, RL, 420, 1, 420.000000, SHVR, 2469, 10, 246.900000, ZIC, 1313, 10, 131.300000, ZIP, 2894, 10, 289.400000, 
rl_trial0, 000203, 104, 113, GVWY, 2252, 10, 225.200000, RL, 434, 1, 434.000000, SHVR, 2469, 10, 246.900000, ZIC, 1313, 10, 131.300000, ZIP, 2894, 10, 289.400000, 
rl_trial0, 000203, 102, 113, GVWY, 2254, 10, 225.400000, RL, 434, 1, 434.000000, SHVR, 2469, 10, 246.900000, ZIC, 1313, 10, 131.300000, ZIP, 2940, 10, 294.000000, 
rl_trial0, 000206, 108, 112, GVWY, 2254, 10, 225.400000, RL, 434, 1, 434.000000, SHVR, 2495, 10, 249.500000, ZIC, 1313, 10, 131.300000, ZIP, 2942, 10, 294.200000, 
rl_trial0, 000207, 107, 111, GVWY, 2254, 10, 225.400000, RL, 434, 1, 434.000000, SHVR, 2531, 10, 253.100000, ZIC, 1313, 10, 131.300000, ZIP, 2959, 10, 295.900000, 
rl_trial0, 000208, 107, 111, GVWY, 2254, 10, 225.400000, RL, 434, 1, 434.000000, SHVR, 2531, 10, 253.100000, ZIC, 1345, 10, 134.500000, ZIP, 3012, 10, 301.200000, 
rl_trial0, 000208, 105, 111, GVWY, 2280, 10, 228.000000, RL, 434, 1, 434.000000, SHVR, 2531, 10, 253.100000, ZIC, 1345, 10, 134.500000, ZIP, 3055, 10, 305.500000, 
rl_trial0, 000209, 105, 109, GVWY, 2326, 10, 232.600000, RL, 434, 1, 434.000000, SHVR, 2531, 10, 253.100000, ZIC, 1345, 10, 134.500000, ZIP, 3064, 10, 306.400000, 
rl_trial0, 000211, 98, 108, GVWY, 2326, 10, 232.600000, RL, 434, 1, 434.000000, SHVR, 2531, 10, 253.100000, ZIC, 1364, 10, 136.400000, ZIP, 3064, 10, 306.400000, 
rl_trial0, 000211, 95, 107, GVWY, 2343, 10, 234.300000, RL, 434, 1, 434.000000, SHVR, 2531, 10, 253.100000, ZIC, 1364, 10, 136.400000, ZIP, 3066, 10, 306.600000, 
rl_trial0, 000212, 96, 106, GVWY, 2343, 10, 234.300000, RL, 434, 1, 434.000000, SHVR, 2539, 10, 253.900000, ZIC, 1399, 10, 139.900000, ZIP, 3066, 10, 306.600000, 
rl_trial0, 000213, 96, 108, GVWY, 2369, 10, 236.900000, RL, 434, 1, 434.000000, SHVR, 2593, 10, 259.300000, ZIC, 1399, 10, 139.900000, ZIP, 3066, 10, 306.600000, 
rl_trial0, 000213, 96, 113, GVWY, 2369, 10, 236.900000, RL, 434, 1, 434.000000, SHVR, 2593, 10, 259.300000, ZIC, 1399, 10, 139.900000, ZIP, 3106, 10, 310.600000, 
rl_trial0, 000214, 112, 118, GVWY, 2369, 10, 236.900000, RL, 434, 1, 434.000000, SHVR, 2625, 10, 262.500000, ZIC, 1399, 10, 139.900000, ZIP, 3106, 10, 310.600000, 
rl_trial0, 000215, 110, 118, GVWY, 2369, 10, 236.900000, RL, 434, 1, 434.000000, SHVR, 2648, 10, 264.800000, ZIC, 1399, 10, 139.900000, ZIP, 3153, 10, 315.300000, 
rl_trial0, 000216, 95, 118, GVWY, 2369, 10, 236.900000, RL, 434, 1, 434.000000, SHVR, 2648, 10, 264.800000, ZIC, 1399, 10, 139.900000, ZIP, 3156, 10, 315.600000, 
rl_trial0, 000217, 95, 117, GVWY, 2369, 10, 236.900000, RL, 443, 1, 443.000000, SHVR, 2648, 10, 264.800000, ZIC, 1399, 10, 139.900000, ZIP, 3180, 10, 318.000000, 
rl_trial0, 000219, 107, 110, GVWY, 2369, 10, 236.900000, RL, 443, 1, 443.000000, SHVR, 2660, 10, 266.000000, ZIC, 1410, 10, 141.000000, ZIP, 3180, 10, 318.000000, 
rl_trial0, 000219, 107, 110, GVWY, 2406, 10, 240.600000, RL, 443, 1, 443.000000, SHVR, 2697, 10, 269.700000, ZIC, 1410, 10, 141.000000, ZIP, 3180, 10, 318.000000, 
rl_trial0, 000220, 97, 108, GVWY, 2453, 10, 245.300000, RL, 443, 1, 443.000000, SHVR, 2697, 10, 269.700000, ZIC, 1410, 10, 141.000000, ZIP, 3188, 10, 318.800000, 
rl_trial0, 000222, 97, 101, GVWY, 2453, 10, 245.300000, RL, 443, 1, 443.000000, SHVR, 2697, 10, 269.700000, ZIC, 1410, 10, 141.000000, ZIP, 3283, 10, 328.300000, 
rl_trial0, 000222, 95, 98, GVWY, 2453, 10, 245.300000, RL, 443, 1, 443.000000, SHVR, 2744, 10, 274.400000, ZIC, 1410, 10, 141.000000, ZIP, 3286, 10, 328.600000, 
rl_trial0, 000223, 95, 102, GVWY, 2453, 10, 245.300000, RL, 470, 1, 470.000000, SHVR, 2745, 10, 274.500000, ZIC, 1410, 10, 141.000000, ZIP, 3286, 10, 328.600000, 
rl_trial0, 000223, 95, 113, GVWY, 2453, 10, 245.300000, RL, 470, 1, 470.000000, SHVR, 2745, 10, 274.500000, ZIC, 1410, 10, 141.000000, ZIP, 3299, 10, 329.900000, 
rl_trial0, 000223, 89, 113, GVWY, 2477, 10, 247.700000, RL, 470, 1, 470.000000, SHVR, 2745, 10, 274.500000, ZIC, 1410, 10, 141.000000, ZIP, 3299, 10, 329.900000, 
rl_trial0, 000225, 89, 98, GVWY, 2477, 10, 247.700000, RL, 470, 1, 470.000000, SHVR, 2745, 10, 274.500000, ZIC, 1410, 10, 141.000000, ZIP, 3344, 10, 334.400000, 
rl_trial0, 000226, 89, 102, GVWY, 2477, 10, 247.700000, RL, 470, 1, 470.000000, SHVR, 2791, 10, 279.100000, ZIC, 1424, 10, 142.400000, ZIP, 3344, 10, 334.400000, 
rl_trial0, 000227, 89, 102, GVWY, 2512, 10, 251.200000, RL, 470, 1, 470.000000, SHVR, 2791, 10, 279.100000, ZIC, 1424, 10, 142.400000, ZIP, 3344, 10, 334.400000, 
rl_trial0, 000228, 89, 108, GVWY, 2540, 10, 254.000000, RL, 470, 1, 470.000000, SHVR, 2791, 10, 279.100000, ZIC, 1424, 10, 142.400000, ZIP, 3344, 10, 334.400000, 
rl_trial0, 000229, 92, 108, GVWY, 2540, 10, 254.000000, RL, 470, 1, 470.000000, SHVR, 2791, 10, 279.100000, ZIC, 1466, 10, 146.600000, ZIP, 3377, 10, 337.700000, 
rl_trial0, 000231, 94, 96, GVWY, 2540, 10, 254.000000, RL, 470, 1, 470.000000, SHVR, 2791, 10, 279.100000, ZIC, 1485, 10, 148.500000, ZIP, 3432, 10, 343.200000, 
rl_trial0, 000231, 94, 102, GVWY, 2540, 10, 254.000000, RL, 470, 1, 470.000000, SHVR, 2791, 10, 279.100000, ZIC, 1485, 10, 148.500000, ZIP, 3455, 10, 345.500000, 
rl_trial0, 000232, 95, 108, GVWY, 2543, 10, 254.300000, RL, 470, 1, 470.000000, SHVR, 2791, 10, 279.100000, ZIC, 1485, 10, 148.500000, ZIP, 3455, 10, 345.500000, 
rl_trial0, 000232, 93, 108, GVWY, 2557, 10, 255.700000, RL, 470, 1, 470.000000, SHVR, 2841, 10, 284.100000, ZIC, 1485, 10, 148.500000, ZIP, 3455, 10, 345.500000, 
rl_trial0, 000233, 93, 108, GVWY, 2557, 10, 255.700000, RL, 470, 1, 470.000000, SHVR, 2841, 10, 284.100000, ZIC, 1529, 10, 152.900000, ZIP, 3455, 10, 345.500000, 
rl_trial0, 000233, 93, 113, GVWY, 2579, 10, 257.900000, RL, 470, 1, 470.000000, SHVR, 2841, 10, 284.100000, ZIC, 1529, 10, 152.900000, ZIP, 3456, 10, 345.600000, 
rl_trial0, 000234, 89, 113, GVWY, 2612, 10, 261.200000, RL, 470, 1, 470.000000, SHVR, 2883, 10, 288.300000, ZIC, 1529, 10, 152.900000, ZIP, 3456, 10, 345.600000, 
rl_trial0, 000234, 85, 113, GVWY, 2630, 10, 263.000000, RL, 470, 1, 470.000000, SHVR, 2883, 10, 288.300000, ZIC, 1529, 10, 152.900000, ZIP, 3457, 10, 345.700000, 
rl_trial0, 000236, 95, 110, GVWY, 2630, 10, 263.000000, RL, 470, 1, 470.000000, SHVR, 2883, 10, 288.300000, ZIC, 1529, 10, 152.900000, ZIP, 3470, 10, 347.000000, 
rl_trial0, 000237, 95, 99, GVWY, 2630, 10, 263.000000, RL, 470, 1, 470.000000, SHVR, 2884, 10, 288.400000, ZIC, 1529, 10, 152.900000, ZIP, 3472, 10, 347.200000, 
rl_trial0, 000238, 95, 97, GVWY, 2630, 10, 263.000000, RL, 470, 1, 470.000000, SHVR, 2884, 10, 288.400000, ZIC, 1542, 10, 154.200000, ZIP, 3514, 10, 351.400000, 
rl_trial0, 000238, 95, 113, GVWY, 2630, 10, 263.000000, RL, 470, 1, 470.000000, SHVR, 2931, 10, 293.100000, ZIC, 1542, 10, 154.200000, ZIP, 3567, 10, 356.700000, 
rl_trial0, 000240, 96, 118, GVWY, 2630, 10, 263.000000, RL, 470, 1, 470.000000, SHVR, 2931, 10, 293.100000, ZIC, 1569, 10, 156.900000, ZIP, 3567, 10, 356.700000, 
rl_trial0, 000242, 107, 118, GVWY, 2630, 10, 263.000000, RL, 486, 1, 486.000000, SHVR, 2931, 10, 293.100000, ZIC, 1569, 10, 156.900000, ZIP, 3569, 10, 356.900000, 
rl_trial0, 000243, 105, 118, GVWY, 2630, 10, 263.000000, RL, 486, 1, 486.000000, SHVR, 2959, 10, 295.900000, ZIC, 1569, 10, 156.900000, ZIP, 3611, 10, 361.100000, 
rl_trial0, 000243, 105, 118, GVWY, 2653, 10, 265.300000, RL, 486, 1, 486.000000, SHVR, 2959, 10, 295.900000, ZIC, 1569, 10, 156.900000, ZIP, 3626, 10, 362.600000, 
rl_trial0, 000243, 105, 134, GVWY, 2653, 10, 265.300000, RL, 493, 1, 493.000000, SHVR, 2959, 10, 295.900000, ZIC, 1569, 10, 156.900000, ZIP, 3626, 10, 362.600000, 
rl_trial0, 000245, 105, 132, GVWY, 2687, 10, 268.700000, RL, 493, 1, 493.000000, SHVR, 2959, 10, 295.900000, ZIC, 1569, 10, 156.900000, ZIP, 3626, 10, 362.600000, 
rl_trial0, 000248, 111, 113, GVWY, 2687, 10, 268.700000, RL, 493, 1, 493.000000, SHVR, 3054, 10, 305.400000, ZIC, 1569, 10, 156.900000, ZIP, 3626, 10, 362.600000, 
rl_trial0, 000248, 111, 127, GVWY, 2687, 10, 268.700000, RL, 493, 1, 493.000000, SHVR, 3076, 10, 307.600000, ZIC, 1569, 10, 156.900000, ZIP, 3626, 10, 362.600000, 
rl_trial0, 000248, 108, 118, GVWY, 2687, 10, 268.700000, RL, 493, 1, 493.000000, SHVR, 3076, 10, 307.600000, ZIC, 1569, 10, 156.900000, ZIP, 3721, 10, 372.100000, 
rl_trial0, 000248, 104, 118, GVWY, 2735, 10, 273.500000, RL, 493, 1, 493.000000, SHVR, 3076, 10, 307.600000, ZIC, 1569, 10, 156.900000, ZIP, 3728, 10, 372.800000, 
rl_trial0, 000248, 89, 118, GVWY, 2749, 10, 274.900000, RL, 493, 1, 493.000000, SHVR, 3076, 10, 307.600000, ZIC, 1569, 10, 156.900000, ZIP, 3728, 10, 372.800000, 
rl_trial0, 000251, 96, 102, GVWY, 2749, 10, 274.900000, RL, 493, 1, 493.000000, SHVR, 3080, 10, 308.000000, ZIC, 1608, 10, 160.800000, ZIP, 3728, 10, 372.800000, 
rl_trial0, 000252, 95, 102, GVWY, 2774, 10, 277.400000, RL, 493, 1, 493.000000, SHVR, 3080, 10, 308.000000, ZIC, 1608, 10, 160.800000, ZIP, 3732, 10, 373.200000, 
rl_trial0, 000256, 97, 99, GVWY, 2774, 10, 277.400000, RL, 493, 1, 493.000000, SHVR, 3080, 10, 308.000000, ZIC, 1629, 10, 162.900000, ZIP, 3766, 10, 376.600000, 
rl_trial0, 000256, 97, 102, GVWY, 2774, 10, 277.400000, RL, 493, 1, 493.000000, SHVR, 3080, 10, 308.000000, ZIC, 1670, 10, 167.000000, ZIP, 3810, 10, 381.000000, 
rl_trial0, 000256, 89, 102, GVWY, 2791, 10, 279.100000, RL, 493, 1, 493.000000, SHVR, 3117, 10, 311.700000, ZIC, 1670, 10, 167.000000, ZIP, 3810, 10, 381.000000, 
rl_trial0, 000257, 79, 102, GVWY, 2816, 10, 281.600000, RL, 493, 1, 493.000000, SHVR, 3117, 10, 311.700000, ZIC, 1670, 10, 167.000000, ZIP, 3810, 10, 381.000000, 
rl_trial0, 000259, 89, 102, GVWY, 2828, 10, 282.800000, RL, 493, 1, 493.000000, SHVR, 3117, 10, 311.700000, ZIC, 1687, 10, 168.700000, ZIP, 3810, 10, 381.000000, 
rl_trial0, 000259, 89, 102, GVWY, 2857, 10, 285.700000, RL, 493, 1, 493.000000, SHVR, 3121, 10, 312.100000, ZIC, 1687, 10, 168.700000, ZIP, 3810, 10, 381.000000, 
rl_trial0, 000260, 96, 102, GVWY, 2857, 10, 285.700000, RL, 493, 1, 493.000000, SHVR, 3121, 10, 312.100000, ZIC, 1710, 10, 171.000000, ZIP, 3815, 10, 381.500000, 
rl_trial0, 000261, 96, 113, GVWY, 2857, 10, 285.700000, RL, 516, 1, 516.000000, SHVR, 3121, 10, 312.100000, ZIC, 1710, 10, 171.000000, ZIP, 3815, 10, 381.500000, 
rl_trial0, 000263, 104, 107, GVWY, 2857, 10, 285.700000, RL, 516, 1, 516.000000, SHVR, 3206, 10, 320.600000, ZIC, 1710, 10, 171.000000, ZIP, 3815, 10, 381.500000, 
rl_trial0, 000263, 102, 107, GVWY, 2890, 10, 289.000000, RL, 516, 1, 516.000000, SHVR, 3247, 10, 324.700000, ZIC, 1710, 10, 171.000000, ZIP, 3815, 10, 381.500000, 
rl_trial0, 000264, 102, 107, GVWY, 2915, 10, 291.500000, RL, 516, 1, 516.000000, SHVR, 3302, 10, 330.200000, ZIC, 1710, 10, 171.000000, ZIP, 3815, 10, 381.500000, 
rl_trial0, 000266, 102, 103, GVWY, 2936, 10, 293.600000, RL, 516, 1, 516.000000, SHVR, 3302, 10, 330.200000, ZIC, 1710, 10, 171.000000, ZIP, 3828, 10, 382.800000, 
rl_trial0, 000266, 98, 103, GVWY, 2936, 10, 293.600000, RL, 516, 1, 516.000000, SHVR, 3307, 10, 330.700000, ZIC, 1710, 10, 171.000000, ZIP, 3876, 10, 387.600000, 
rl_trial0, 000268, 95, 104, GVWY, 2938, 10, 293.800000, RL, 516, 1, 516.000000, SHVR, 3307, 10, 330.700000, ZIC, 1710, 10, 171.000000, ZIP, 3914, 10, 391.400000, 
rl_trial0, 000268, 89, 104, GVWY, 2973, 10, 297.300000, RL, 516, 1, 516.000000, SHVR, 3307, 10, 330.700000, ZIC, 1710, 10, 171.000000, ZIP, 3914, 10, 391.400000, 
rl_trial0, 000270, 97, 103, GVWY, 2973, 10, 297.300000, RL, 539, 1, 539.000000, SHVR, 3307, 10, 330.700000, ZIC, 1710, 10, 171.000000, ZIP, 3914, 10, 391.400000, 
rl_trial0, 000271, 97, 100, GVWY, 2973, 10, 297.300000, RL, 565, 1, 565.000000, SHVR, 3307, 10, 330.700000, ZIC, 1710, 10, 171.000000, ZIP, 3921, 10, 392.100000, 
rl_trial0, 000272, 89, 99, GVWY, 2973, 10, 297.300000, RL, 565, 1, 565.000000, SHVR, 3354, 10, 335.400000, ZIC, 1710, 10, 171.000000, ZIP, 3924, 10, 392.400000, 
rl_trial0, 000273, 90, 107, GVWY, 3004, 10, 300.400000, RL, 565, 1, 565.000000, SHVR, 3354, 10, 335.400000, ZIC, 1710, 10, 171.000000, ZIP, 3968, 10, 396.800000, 
rl_trial0, 000273, 90, 113, GVWY, 3004, 10, 300.400000, RL, 565, 1, 565.000000, SHVR, 3354, 10, 335.400000, ZIC, 1743, 10, 174.300000, ZIP, 3968, 10, 396.800000, 
rl_trial0, 000275, 89, 100, GVWY, 3035, 10, 303.500000, RL, 565, 1, 565.000000, SHVR, 3408, 10, 340.800000, ZIC, 1743, 10, 174.300000, ZIP, 3968, 10, 396.800000, 
rl_trial0, 000276, 94, 99, GVWY, 3035, 10, 303.500000, RL, 565, 1, 565.000000, SHVR, 3408, 10, 340.800000, ZIC, 1752, 10, 175.200000, ZIP, 3968, 10, 396.800000, 
rl_trial0, 000278, 94, 100, GVWY, 3035, 10, 303.500000, RL, 565, 1, 565.000000, SHVR, 3409, 10, 340.900000, ZIC, 1764, 10, 176.400000, ZIP, 3968, 10, 396.800000, 
rl_trial0, 000279, 94, 96, GVWY, 3035, 10, 303.500000, RL, 565, 1, 565.000000, SHVR, 3409, 10, 340.900000, ZIC, 1788, 10, 178.800000, ZIP, 3999, 10, 399.900000, 
rl_trial0, 000279, 94, 97, GVWY, 3044, 10, 304.400000, RL, 565, 1, 565.000000, SHVR, 3409, 10, 340.900000, ZIC, 1788, 10, 178.800000, ZIP, 4003, 10, 400.300000, 
rl_trial0, 000281, 89, 96, GVWY, 3067, 10, 306.700000, RL, 565, 1, 565.000000, SHVR, 3409, 10, 340.900000, ZIC, 1788, 10, 178.800000, ZIP, 4059, 10, 405.900000, 
rl_trial0, 000282, 94, 96, GVWY, 3081, 10, 308.100000, RL, 565, 1, 565.000000, SHVR, 3409, 10, 340.900000, ZIC, 1788, 10, 178.800000, ZIP, 4079, 10, 407.900000, 
rl_trial0, 000282, 95, 102, GVWY, 3081, 10, 308.100000, RL, 565, 1, 565.000000, SHVR, 3448, 10, 344.800000, ZIC, 1788, 10, 178.800000, ZIP, 4120, 10, 412.000000, 
rl_trial0, 000284, 95, 113, GVWY, 3084, 10, 308.400000, RL, 565, 1, 565.000000, SHVR, 3448, 10, 344.800000, ZIC, 1788, 10, 178.800000, ZIP, 4120, 10, 412.000000, 
rl_trial0, 000285, 95, 107, GVWY, 3084, 10, 308.400000, RL, 565, 1, 565.000000, SHVR, 3457, 10, 345.700000, ZIC, 1822, 10, 182.200000, ZIP, 4120, 10, 412.000000, 
rl_trial0, 000285, 95, 107, GVWY, 3119, 10, 311.900000, RL, 565, 1, 565.000000, SHVR, 3457, 10, 345.700000, ZIC, 1822, 10, 182.200000, ZIP, 4120, 10, 412.000000, 
rl_trial0, 000285, 89, 107, GVWY, 3133, 10, 313.300000, RL, 565, 1, 565.000000, SHVR, 3457, 10, 345.700000, ZIC, 1822, 10, 182.200000, ZIP, 4125, 10, 412.500000, 
rl_trial0, 000287, 94, 99, GVWY, 3133, 10, 313.300000, RL, 592, 1, 592.000000, SHVR, 3505, 10, 350.500000, ZIC, 1822, 10, 182.200000, ZIP, 4125, 10, 412.500000, 
rl_trial0, 000288, 94, 99, GVWY, 3133, 10, 313.300000, RL, 592, 1, 592.000000, SHVR, 3505, 10, 350.500000, ZIC, 1864, 10, 186.400000, ZIP, 4158, 10, 415.800000, 
rl_trial0, 000289, 94, 98, GVWY, 3133, 10, 313.300000, RL, 592, 1, 592.000000, SHVR, 3553, 10, 355.300000, ZIC, 1864, 10, 186.400000, ZIP, 4163, 10, 416.300000, 
rl_trial0, 000289, 94, 102, GVWY, 3165, 10, 316.500000, RL, 592, 1, 592.000000, SHVR, 3553, 10, 355.300000, ZIC, 1864, 10, 186.400000, ZIP, 4206, 10, 420.600000, 
rl_trial0, 000290, 94, 102, GVWY, 3189, 10, 318.900000, RL, 592, 1, 592.000000, SHVR, 3553, 10, 355.300000, ZIC, 1864, 10, 186.400000, ZIP, 4261, 10, 426.100000, 
rl_trial0, 000294, 94, 102, GVWY, 3189, 10, 318.900000, RL, 592, 1, 592.000000, SHVR, 3553, 10, 355.300000, ZIC, 1907, 10, 190.700000, ZIP, 4303, 10, 430.300000, 
rl_trial0, 000295, 96, 103, GVWY, 3189, 10, 318.900000, RL, 592, 1, 592.000000, SHVR, 3553, 10, 355.300000, ZIC, 1925, 10, 192.500000, ZIP, 4303, 10, 430.300000, 
rl_trial0, 000295, 96, 104, GVWY, 3216, 10, 321.600000, RL, 592, 1, 592.000000, SHVR, 3606, 10, 360.600000, ZIC, 1925, 10, 192.500000, ZIP, 4303, 10, 430.300000, 
rl_trial0, 000296, 96, 104, GVWY, 3216, 10, 321.600000, RL, 592, 1, 592.000000, SHVR, 3606, 10, 360.600000, ZIC, 1934, 10, 193.400000, ZIP, 4339, 10, 433.900000, 
rl_trial0, 000298, 97, 102, GVWY, 3216, 10, 321.600000, RL, 592, 1, 592.000000, SHVR, 3606, 10, 360.600000, ZIC, 1957, 10, 195.700000, ZIP, 4340, 10, 434.000000, 
rl_trial0, 000298, 97, 102, GVWY, 3254, 10, 325.400000, RL, 592, 1, 592.000000, SHVR, 3606, 10, 360.600000, ZIC, 1957, 10, 195.700000, ZIP, 4392, 10, 439.200000, 
rl_trial0, 000299, 89, 101, GVWY, 3270, 10, 327.000000, RL, 592, 1, 592.000000, SHVR, 3654, 10, 365.400000, ZIC, 1957, 10, 195.700000, ZIP, 4392, 10, 439.200000, 
rl_trial0, 000299, 85, 101, GVWY, 3288, 10, 328.800000, RL, 592, 1, 592.000000, SHVR, 3654, 10, 365.400000, ZIC, 1957, 10, 195.700000, ZIP, 4393, 10, 439.300000, 
rl_trial0, 000300, 85, 107, GVWY, 3293, 10, 329.300000, RL, 592, 1, 592.000000, SHVR, 3657, 10, 365.700000, ZIC, 1957, 10, 195.700000, ZIP, 4393, 10, 439.300000, 
rl_trial0, 000301, 105, 118, GVWY, 3293, 10, 329.300000, RL, 592, 1, 592.000000, SHVR, 3657, 10, 365.700000, ZIC, 1970, 10, 197.000000, ZIP, 4393, 10, 439.300000, 
rl_trial0, 000302, 111, 118, GVWY, 3293, 10, 329.300000, RL, 592, 1, 592.000000, SHVR, 3680, 10, 368.000000, ZIC, 1970, 10, 197.000000, ZIP, 4413, 10, 441.300000, 
rl_trial0, 000303, 96, 113, GVWY, 3293, 10, 329.300000, RL, 606, 1, 606.000000, SHVR, 3741, 10, 374.100000, ZIC, 1970, 10, 197.000000, ZIP, 4413, 10, 441.300000, 
rl_trial0, 000304, 106, 118, GVWY, 3310, 10, 331.000000, RL, 606, 1, 606.000000, SHVR, 3741, 10, 374.100000, ZIC, 1970, 10, 197.000000, ZIP, 4413, 10, 441.300000, 
rl_trial0, 000305, 99, 118, GVWY, 3345, 10, 334.500000, RL, 606, 1, 606.000000, SHVR, 3741, 10, 374.100000, ZIC, 1970, 10, 197.000000, ZIP, 4422, 10, 442.200000, 
rl_trial0, 000306, 99, 118, GVWY, 3345, 10, 334.500000, RL, 606, 1, 606.000000, SHVR, 3776, 10, 377.600000, ZIC, 1984, 10, 198.400000, ZIP, 4422, 10, 442.200000, 
rl_trial0, 000308, 105, 110, GVWY, 3345, 10, 334.500000, RL, 606, 1, 606.000000, SHVR, 3776, 10, 377.600000, ZIC, 2015, 10, 201.500000, ZIP, 4466, 10, 446.600000, 
rl_trial0, 000308, 104, 110, GVWY, 3348, 10, 334.800000, RL, 606, 1, 606.000000, SHVR, 3776, 10, 377.600000, ZIC, 2015, 10, 201.500000, ZIP, 4466, 10, 446.600000, 
rl_trial0, 000309, 104, 118, GVWY, 3348, 10, 334.800000, RL, 606, 1, 606.000000, SHVR, 3776, 10, 377.600000, ZIC, 2025, 10, 202.500000, ZIP, 4469, 10, 446.900000, 
rl_trial0, 000309, 104, 118, GVWY, 3392, 10, 339.200000, RL, 606, 1, 606.000000, SHVR, 3776, 10, 377.600000, ZIC, 2025, 10, 202.500000, ZIP, 4480, 10, 448.000000, 
rl_trial0, 000310, 100, 118, GVWY, 3413, 10, 341.300000, RL, 606, 1, 606.000000, SHVR, 3776, 10, 377.600000, ZIC, 2025, 10, 202.500000, ZIP, 4528, 10, 452.800000, 
rl_trial0, 000311, 100, 118, GVWY, 3426, 10, 342.600000, RL, 606, 1, 606.000000, SHVR, 3796, 10, 379.600000, ZIC, 2025, 10, 202.500000, ZIP, 4528, 10, 452.800000, 
rl_trial0, 000312, 99, 134, GVWY, 3426, 10, 342.600000, RL, 613, 1, 613.000000, SHVR, 3796, 10, 379.600000, ZIC, 2025, 10, 202.500000, ZIP, 4528, 10, 452.800000, 
rl_trial0, 000312, 99, 114, GVWY, 3426, 10, 342.600000, RL, 613, 1, 613.000000, SHVR, 3831, 10, 383.100000, ZIC, 2049, 10, 204.900000, ZIP, 4528, 10, 452.800000, 
rl_trial0, 000313, 99, 114, GVWY, 3455, 10, 345.500000, RL, 613, 1, 613.000000, SHVR, 3876, 10, 387.600000, ZIC, 2049, 10, 204.900000, ZIP, 4528, 10, 452.800000, 
rl_trial0, 000316, 100, 102, GVWY, 3455, 10, 345.500000, RL, 613, 1, 613.000000, SHVR, 3880, 10, 388.000000, ZIC, 2068, 10, 206.800000, ZIP, 4528, 10, 452.800000, 
rl_trial0, 000317, 100, 102, GVWY, 3455, 10, 345.500000, RL, 613, 1, 613.000000, SHVR, 3880, 10, 388.000000, ZIC, 2106, 10, 210.600000, ZIP, 4538, 10, 453.800000, 
rl_trial0, 000318, 99, 101, GVWY, 3474, 10, 347.400000, RL, 613, 1, 613.000000, SHVR, 3880, 10, 388.000000, ZIC, 2106, 10, 210.600000, ZIP, 4553, 10, 455.300000, 
rl_trial0, 000320, 99, 102, GVWY, 3474, 10, 347.400000, RL, 637, 1, 637.000000, SHVR, 3880, 10, 388.000000, ZIC, 2106, 10, 210.600000, ZIP, 4599, 10, 459.900000, 
rl_trial0, 000320, 99, 102, GVWY, 3474, 10, 347.400000, RL, 637, 1, 637.000000, SHVR, 3931, 10, 393.100000, ZIC, 2115, 10, 211.500000, ZIP, 4599, 10, 459.900000, 
rl_trial0, 000321, 99, 102, GVWY, 3478, 10, 347.800000, RL, 637, 1, 637.000000, SHVR, 3931, 10, 393.100000, ZIC, 2115, 10, 211.500000, ZIP, 4635, 10, 463.500000, 
rl_trial0, 000322, 99, 102, GVWY, 3517, 10, 351.700000, RL, 637, 1, 637.000000, SHVR, 3931, 10, 393.100000, ZIC, 2115, 10, 211.500000, ZIP, 4636, 10, 463.600000, 
rl_trial0, 000324, 95, 101, GVWY, 3555, 10, 355.500000, RL, 637, 1, 637.000000, SHVR, 3931, 10, 393.100000, ZIC, 2115, 10, 211.500000, ZIP, 4688, 10, 468.800000, 
rl_trial0, 000325, 98, 102, GVWY, 3559, 10, 355.900000, RL, 637, 1, 637.000000, SHVR, 3931, 10, 393.100000, ZIC, 2115, 10, 211.500000, ZIP, 4734, 10, 473.400000, 
rl_trial0, 000326, 99, 107, GVWY, 3559, 10, 355.900000, RL, 660, 1, 660.000000, SHVR, 3931, 10, 393.100000, ZIC, 2115, 10, 211.500000, ZIP, 4734, 10, 473.400000, 
rl_trial0, 000328, 99, 107, GVWY, 3589, 10, 358.900000, RL, 660, 1, 660.000000, SHVR, 3965, 10, 396.500000, ZIC, 2115, 10, 211.500000, ZIP, 4734, 10, 473.400000, 
rl_trial0, 000329, 99, 101, GVWY, 3607, 10, 360.700000, RL, 660, 1, 660.000000, SHVR, 3965, 10, 396.500000, ZIC, 2115, 10, 211.500000, ZIP, 4735, 10, 473.500000, 
rl_trial0, 000329, 95, 101, GVWY, 3607, 10, 360.700000, RL, 660, 1, 660.000000, SHVR, 3967, 10, 396.700000, ZIC, 2115, 10, 211.500000, ZIP, 4751, 10, 475.100000, 
rl_trial0, 000330, 95, 101, GVWY, 3636, 10, 363.600000, RL, 660, 1, 660.000000, SHVR, 3967, 10, 396.700000, ZIC, 2115, 10, 211.500000, ZIP, 4760, 10, 476.000000, 
rl_trial0, 000330, 89, 96, GVWY, 3636, 10, 363.600000, RL, 660, 1, 660.000000, SHVR, 4012, 10, 401.200000, ZIC, 2115, 10, 211.500000, ZIP, 4760, 10, 476.000000, 
rl_trial0, 000331, 89, 100, GVWY, 3636, 10, 363.600000, RL, 660, 1, 660.000000, SHVR, 4012, 10, 401.200000, ZIC, 2179, 10, 217.900000, ZIP, 4760, 10, 476.000000, 
rl_trial0, 000333, 91, 102, GVWY, 3644, 10, 364.400000, RL, 660, 1, 660.000000, SHVR, 4012, 10, 401.200000, ZIC, 2179, 10, 217.900000, ZIP, 4792, 10, 479.200000, 
rl_trial0, 000335, 99, 102, GVWY, 3644, 10, 364.400000, RL, 660, 1, 660.000000, SHVR, 4057, 10, 405.700000, ZIC, 2179, 10, 217.900000, ZIP, 4800, 10, 480.000000, 
rl_trial0, 000335, 96, 102, GVWY, 3644, 10, 364.400000, RL, 660, 1, 660.000000, SHVR, 4093, 10, 409.300000, ZIC, 2202, 10, 220.200000, ZIP, 4800, 10, 480.000000, 
rl_trial0, 000337, 96, 102, GVWY, 3644, 10, 364.400000, RL, 684, 1, 684.000000, SHVR, 4097, 10, 409.700000, ZIC, 2202, 10, 220.200000, ZIP, 4800, 10, 480.000000, 
rl_trial0, 000337, 89, 102, GVWY, 3659, 10, 365.900000, RL, 684, 1, 684.000000, SHVR, 4097, 10, 409.700000, ZIC, 2202, 10, 220.200000, ZIP, 4819, 10, 481.900000, 
rl_trial0, 000340, 97, 100, GVWY, 3696, 10, 369.600000, RL, 684, 1, 684.000000, SHVR, 4097, 10, 409.700000, ZIC, 2202, 10, 220.200000, ZIP, 4822, 10, 482.200000, 
rl_trial0, 000341, 99, 102, GVWY, 3726, 10, 372.600000, RL, 684, 1, 684.000000, SHVR, 4097, 10, 409.700000, ZIC, 2202, 10, 220.200000, ZIP, 4857, 10, 485.700000, 
rl_trial0, 000341, 97, 107, GVWY, 3726, 10, 372.600000, RL, 684, 1, 684.000000, SHVR, 4192, 10, 419.200000, ZIC, 2202, 10, 220.200000, ZIP, 4857, 10, 485.700000, 
rl_trial0, 000342, 97, 113, GVWY, 3726, 10, 372.600000, RL, 702, 1, 702.000000, SHVR, 4192, 10, 419.200000, ZIC, 2202, 10, 220.200000, ZIP, 4857, 10, 485.700000, 
rl_trial0, 000342, 97, 139, GVWY, 3726, 10, 372.600000, RL, 702, 1, 702.000000, SHVR, 4192, 10, 419.200000, ZIC, 2209, 10, 220.900000, ZIP, 4857, 10, 485.700000, 
rl_trial0, 000343, 89, 105, GVWY, 3726, 10, 372.600000, RL, 702, 1, 702.000000, SHVR, 4192, 10, 419.200000, ZIC, 2209, 10, 220.900000, ZIP, 4905, 10, 490.500000, 
rl_trial0, 000343, 96, 104, GVWY, 3728, 10, 372.800000, RL, 702, 1, 702.000000, SHVR, 4192, 10, 419.200000, ZIC, 2209, 10, 220.900000, ZIP, 4953, 10, 495.300000, 
rl_trial0, 000343, 95, 104, GVWY, 3753, 10, 375.300000, RL, 702, 1, 702.000000, SHVR, 4241, 10, 424.100000, ZIC, 2209, 10, 220.900000, ZIP, 4953, 10, 495.300000, 
rl_trial0, 000345, 97, 98, GVWY, 3753, 10, 375.300000, RL, 702, 1, 702.000000, SHVR, 4279, 10, 427.900000, ZIC, 2209, 10, 220.900000, ZIP, 4953, 10, 495.300000, 
rl_trial0, 000345, 95, 99, GVWY, 3753, 10, 375.300000, RL, 702, 1, 702.000000, SHVR, 4279, 10, 427.900000, ZIC, 2209, 10, 220.900000, ZIP, 4961, 10, 496.100000, 
rl_trial0, 000346, 97, 99, GVWY, 3753, 10, 375.300000, RL, 702, 1, 702.000000, SHVR, 4279, 10, 427.900000, ZIC, 2220, 10, 222.000000, ZIP, 4995, 10, 499.500000, 
rl_trial0, 000347, 97, 108, GVWY, 3784, 10, 378.400000, RL, 702, 1, 702.000000, SHVR, 4279, 10, 427.900000, ZIC, 2220, 10, 222.000000, ZIP, 5039, 10, 503.900000, 
rl_trial0, 000351, 97, 108, GVWY, 3784, 10, 378.400000, RL, 702, 1, 702.000000, SHVR, 4335, 10, 433.500000, ZIC, 2254, 10, 225.400000, ZIP, 5039, 10, 503.900000, 
rl_trial0, 000351, 97, 108, GVWY, 3821, 10, 382.100000, RL, 702, 1, 702.000000, SHVR, 4335, 10, 433.500000, ZIC, 2254, 10, 225.400000, ZIP, 5092, 10, 509.200000, 
rl_trial0, 000352, 99, 107, GVWY, 3821, 10, 382.100000, RL, 702, 1, 702.000000, SHVR, 4335, 10, 433.500000, ZIC, 2273, 10, 227.300000, ZIP, 5092, 10, 509.200000, 
rl_trial0, 000352, 96, 107, GVWY, 3860, 10, 386.000000, RL, 702, 1, 702.000000, SHVR, 4335, 10, 433.500000, ZIC, 2284, 10, 228.400000, ZIP, 5092, 10, 509.200000, 
rl_trial0, 000352, 96, 107, GVWY, 3875, 10, 387.500000, RL, 702, 1, 702.000000, SHVR, 4335, 10, 433.500000, ZIC, 2284, 10, 228.400000, ZIP, 5111, 10, 511.100000, 
rl_trial0, 000353, 105, 113, GVWY, 3875, 10, 387.500000, RL, 702, 1, 702.000000, SHVR, 4335, 10, 433.500000, ZIC, 2317, 10, 231.700000, ZIP, 5111, 10, 511.100000, 
rl_trial0, 000354, 100, 104, GVWY, 3875, 10, 387.500000, RL, 725, 1, 725.000000, SHVR, 4335, 10, 433.500000, ZIC, 2333, 10, 233.300000, ZIP, 5111, 10, 511.100000, 
rl_trial0, 000356, 99, 104, GVWY, 3875, 10, 387.500000, RL, 725, 1, 725.000000, SHVR, 4386, 10, 438.600000, ZIC, 2333, 10, 233.300000, ZIP, 5160, 10, 516.000000, 
rl_trial0, 000357, 100, 113, GVWY, 3904, 10, 390.400000, RL, 725, 1, 725.000000, SHVR, 4386, 10, 438.600000, ZIC, 2333, 10, 233.300000, ZIP, 5196, 10, 519.600000, 
rl_trial0, 000359, 100, 111, GVWY, 3904, 10, 390.400000, RL, 725, 1, 725.000000, SHVR, 4386, 10, 438.600000, ZIC, 2346, 10, 234.600000, ZIP, 5196, 10, 519.600000, 
rl_trial0, 000359, 100, 111, GVWY, 3933, 10, 393.300000, RL, 725, 1, 725.000000, SHVR, 4421, 10, 442.100000, ZIC, 2346, 10, 234.600000, ZIP, 5196, 10, 519.600000, 
rl_trial0, 000359, 100, 110, GVWY, 3934, 10, 393.400000, RL, 725, 1, 725.000000, SHVR, 4421, 10, 442.100000, ZIC, 2353, 10, 235.300000, ZIP, 5196, 10, 519.600000, 
rl_trial0, 000362, 99, 104, GVWY, 3953, 10, 395.300000, RL, 725, 1, 725.000000, SHVR, 4421, 10, 442.100000, ZIC, 2353, 10, 235.300000, ZIP, 5211, 10, 521.100000, 
rl_trial0, 000363, 101, 103, GVWY, 3956, 10, 395.600000, RL, 725, 1, 725.000000, SHVR, 4421, 10, 442.100000, ZIC, 2353, 10, 235.300000, ZIP, 5211, 10, 521.100000, 
rl_trial0, 000364, 99, 103, GVWY, 3956, 10, 395.600000, RL, 725, 1, 725.000000, SHVR, 4464, 10, 446.400000, ZIC, 2353, 10, 235.300000, ZIP, 5258, 10, 525.800000, 
rl_trial0, 000365, 95, 102, GVWY, 3995, 10, 399.500000, RL, 725, 1, 725.000000, SHVR, 4464, 10, 446.400000, ZIC, 2353, 10, 235.300000, ZIP, 5259, 10, 525.900000, 
rl_trial0, 000366, 95, 101, GVWY, 3995, 10, 399.500000, RL, 725, 1, 725.000000, SHVR, 4467, 10, 446.700000, ZIC, 2353, 10, 235.300000, ZIP, 5274, 10, 527.400000, 
rl_trial0, 000367, 89, 98, GVWY, 4009, 10, 400.900000, RL, 725, 1, 725.000000, SHVR, 4467, 10, 446.700000, ZIC, 2353, 10, 235.300000, ZIP, 5274, 10, 527.400000, 
rl_trial0, 000367, 89, 113, GVWY, 4009, 10, 400.900000, RL, 725, 1, 725.000000, SHVR, 4515, 10, 451.500000, ZIC, 2395, 10, 239.500000, ZIP, 5274, 10, 527.400000, 
rl_trial0, 000368, 90, 98, GVWY, 4009, 10, 400.900000, RL, 725, 1, 725.000000, SHVR, 4515, 10, 451.500000, ZIC, 2411, 10, 241.100000, ZIP, 5276, 10, 527.600000, 
rl_trial0, 000368, 90, 113, GVWY, 4009, 10, 400.900000, RL, 725, 1, 725.000000, SHVR, 4515, 10, 451.500000, ZIC, 2433, 10, 243.300000, ZIP, 5309, 10, 530.900000, 
rl_trial0, 000368, 91, 118, GVWY, 4026, 10, 402.600000, RL, 725, 1, 725.000000, SHVR, 4515, 10, 451.500000, ZIC, 2433, 10, 243.300000, ZIP, 5309, 10, 530.900000, 
rl_trial0, 000370, 101, 134, GVWY, 4026, 10, 402.600000, RL, 732, 1, 732.000000, SHVR, 4515, 10, 451.500000, ZIC, 2433, 10, 243.300000, ZIP, 5309, 10, 530.900000, 
rl_trial0, 000371, 101, 118, GVWY, 4057, 10, 405.700000, RL, 732, 1, 732.000000, SHVR, 4558, 10, 455.800000, ZIC, 2433, 10, 243.300000, ZIP, 5309, 10, 530.900000, 
rl_trial0, 000374, 106, 109, GVWY, 4057, 10, 405.700000, RL, 732, 1, 732.000000, SHVR, 4594, 10, 459.400000, ZIC, 2433, 10, 243.300000, ZIP, 5311, 10, 531.100000, 
rl_trial0, 000374, 95, 109, GVWY, 4057, 10, 405.700000, RL, 732, 1, 732.000000, SHVR, 4594, 10, 459.400000, ZIC, 2433, 10, 243.300000, ZIP, 5406, 10, 540.600000, 
rl_trial0, 000374, 89, 109, GVWY, 4081, 10, 408.100000, RL, 732, 1, 732.000000, SHVR, 4594, 10, 459.400000, ZIC, 2433, 10, 243.300000, ZIP, 5406, 10, 540.600000, 
rl_trial0, 000375, 104, 109, GVWY, 4105, 10, 410.500000, RL, 732, 1, 732.000000, SHVR, 4624, 10, 462.400000, ZIC, 2433, 10, 243.300000, ZIP, 5406, 10, 540.600000, 
rl_trial0, 000378, 94, 105, GVWY, 4105, 10, 410.500000, RL, 732, 1, 732.000000, SHVR, 4631, 10, 463.100000, ZIC, 2433, 10, 243.300000, ZIP, 5417, 10, 541.700000, 
rl_trial0, 000379, 100, 105, GVWY, 4131, 10, 413.100000, RL, 732, 1, 732.000000, SHVR, 4685, 10, 468.500000, ZIC, 2433, 10, 243.300000, ZIP, 5417, 10, 541.700000, 
rl_trial0, 000379, 100, 106, GVWY, 4131, 10, 413.100000, RL, 732, 1, 732.000000, SHVR, 4685, 10, 468.500000, ZIC, 2468, 10, 246.800000, ZIP, 5430, 10, 543.000000, 
rl_trial0, 000380, 100, 104, GVWY, 4134, 10, 413.400000, RL, 732, 1, 732.000000, SHVR, 4685, 10, 468.500000, ZIC, 2468, 10, 246.800000, ZIP, 5430, 10, 543.000000, 
rl_trial0, 000381, 100, 113, GVWY, 4134, 10, 413.400000, RL, 732, 1, 732.000000, SHVR, 4685, 10, 468.500000, ZIC, 2474, 10, 247.400000, ZIP, 5469, 10, 546.900000, 
rl_trial0, 000381, 98, 113, GVWY, 4134, 10, 413.400000, RL, 757, 1, 757.000000, SHVR, 4685, 10, 468.500000, ZIC, 2498, 10, 249.800000, ZIP, 5469, 10, 546.900000, 
rl_trial0, 000381, 98, 113, GVWY, 4175, 10, 417.500000, RL, 757, 1, 757.000000, SHVR, 4685, 10, 468.500000, ZIC, 2498, 10, 249.800000, ZIP, 5518, 10, 551.800000, 
rl_trial0, 000385, 99, 109, GVWY, 4175, 10, 417.500000, RL, 757, 1, 757.000000, SHVR, 4685, 10, 468.500000, ZIC, 2512, 10, 251.200000, ZIP, 5568, 10, 556.800000, 
rl_trial0, 000386, 95, 102, GVWY, 4204, 10, 420.400000, RL, 757, 1, 757.000000, SHVR, 4736, 10, 473.600000, ZIC, 2512, 10, 251.200000, ZIP, 5568, 10, 556.800000, 
rl_trial0, 000389, 99, 101, GVWY, 4204, 10, 420.400000, RL, 757, 1, 757.000000, SHVR, 4739, 10, 473.900000, ZIC, 2512, 10, 251.200000, ZIP, 5583, 10, 558.300000, 
rl_trial0, 000389, 98, 101, GVWY, 4222, 10, 422.200000, RL, 757, 1, 757.000000, SHVR, 4739, 10, 473.900000, ZIC, 2512, 10, 251.200000, ZIP, 5584, 10, 558.400000, 
rl_trial0, 000389, 98, 102, GVWY, 4226, 10, 422.600000, RL, 757, 1, 757.000000, SHVR, 4739, 10, 473.900000, ZIC, 2512, 10, 251.200000, ZIP, 5620, 10, 562.000000, 
rl_trial0, 000389, 99, 102, GVWY, 4226, 10, 422.600000, RL, 781, 1, 781.000000, SHVR, 4739, 10, 473.900000, ZIC, 2512, 10, 251.200000, ZIP, 5666, 10, 566.600000, 
rl_trial0, 000390, 98, 101, GVWY, 4265, 10, 426.500000, RL, 781, 1, 781.000000, SHVR, 4785, 10, 478.500000, ZIC, 2512, 10, 251.200000, ZIP, 5666, 10, 566.600000, 
rl_trial0, 000392, 95, 101, GVWY, 4293, 10, 429.300000, RL, 781, 1, 781.000000, SHVR, 4821, 10, 482.100000, ZIC, 2512, 10, 251.200000, ZIP, 5666, 10, 566.600000, 
rl_trial0, 000392, 89, 101, GVWY, 4328, 10, 432.800000, RL, 781, 1, 781.000000, SHVR, 4821, 10, 482.100000, ZIC, 2512, 10, 251.200000, ZIP, 5666, 10, 566.600000, 
rl_trial0, 000394, 97, 101, GVWY, 4328, 10, 432.800000, RL, 781, 1, 781.000000, SHVR, 4906, 10, 490.600000, ZIC, 2512, 10, 251.200000, ZIP, 5666, 10, 566.600000, 
rl_trial0, 000394, 97, 102, GVWY, 4328, 10, 432.800000, RL, 781, 1, 781.000000, SHVR, 4906, 10, 490.600000, ZIC, 2523, 10, 252.300000, ZIP, 5673, 10, 567.300000, 
rl_trial0, 000394, 97, 107, GVWY, 4328, 10, 432.800000, RL, 781, 1, 781.000000, SHVR, 4906, 10, 490.600000, ZIC, 2561, 10, 256.100000, ZIP, 5673, 10, 567.300000, 
rl_trial0, 000396, 99, 107, GVWY, 4358, 10, 435.800000, RL, 781, 1, 781.000000, SHVR, 4906, 10, 490.600000, ZIC, 2561, 10, 256.100000, ZIP, 5718, 10, 571.800000, 
rl_trial0, 000396, 97, 101, GVWY, 4377, 10, 437.700000, RL, 781, 1, 781.000000, SHVR, 4951, 10, 495.100000, ZIC, 2561, 10, 256.100000, ZIP, 5718, 10, 571.800000, 
rl_trial0, 000397, 98, 107, GVWY, 4377, 10, 437.700000, RL, 781, 1, 781.000000, SHVR, 4951, 10, 495.100000, ZIC, 2600, 10, 260.000000, ZIP, 5754, 10, 575.400000, 
rl_trial0, 000399, 99, 107, GVWY, 4382, 10, 438.200000, RL, 781, 1, 781.000000, SHVR, 4951, 10, 495.100000, ZIC, 2600, 10, 260.000000, ZIP, 5762, 10, 576.200000, 
rl_trial0, 000399, 99, 107, GVWY, 4382, 10, 438.200000, RL, 781, 1, 781.000000, SHVR, 4951, 10, 495.100000, ZIC, 2625, 10, 262.500000, ZIP, 5811, 10, 581.100000, 
rl_trial0, 000400, 99, 113, GVWY, 4382, 10, 438.200000, RL, 799, 1, 799.000000, SHVR, 4951, 10, 495.100000, ZIC, 2625, 10, 262.500000, ZIP, 5811, 10, 581.100000, 
rl_trial0, 000401, 99, 113, GVWY, 4410, 10, 441.000000, RL, 799, 1, 799.000000, SHVR, 4951, 10, 495.100000, ZIC, 2625, 10, 262.500000, ZIP, 5812, 10, 581.200000, 
rl_trial0, 000402, 99, 112, GVWY, 4410, 10, 441.000000, RL, 799, 1, 799.000000, SHVR, 4951, 10, 495.100000, ZIC, 2659, 10, 265.900000, ZIP, 5812, 10, 581.200000, 
rl_trial0, 000405, 99, 111, GVWY, 4438, 10, 443.800000, RL, 799, 1, 799.000000, SHVR, 4951, 10, 495.100000, ZIC, 2659, 10, 265.900000, ZIP, 5828, 10, 582.800000, 
rl_trial0, 000406, 102, 112, GVWY, 4457, 10, 445.700000, RL, 799, 1, 799.000000, SHVR, 5012, 10, 501.200000, ZIC, 2659, 10, 265.900000, ZIP, 5828, 10, 582.800000, 
rl_trial0, 000407, 103, 112, GVWY, 4500, 10, 450.000000, RL, 799, 1, 799.000000, SHVR, 5012, 10, 501.200000, ZIC, 2666, 10, 266.600000, ZIP, 5828, 10, 582.800000, 
rl_trial0, 000407, 105, 112, GVWY, 4500, 10, 450.000000, RL, 799, 1, 799.000000, SHVR, 5012, 10, 501.200000, ZIC, 2700, 10, 270.000000, ZIP, 5869, 10, 586.900000, 
rl_trial0, 000408, 105, 112, GVWY, 4500, 10, 450.000000, RL, 799, 1, 799.000000, SHVR, 5051, 10, 505.100000, ZIC, 2700, 10, 270.000000, ZIP, 5920, 10, 592.000000, 
rl_trial0, 000410, 104, 113, GVWY, 4503, 10, 450.300000, RL, 799, 1, 799.000000, SHVR, 5051, 10, 505.100000, ZIC, 2700, 10, 270.000000, ZIP, 5965, 10, 596.500000, 
rl_trial0, 000411, 98, 106, GVWY, 4526, 10, 452.600000, RL, 799, 1, 799.000000, SHVR, 5051, 10, 505.100000, ZIC, 2700, 10, 270.000000, ZIP, 5976, 10, 597.600000, 
rl_trial0, 000411, 98, 106, GVWY, 4526, 10, 452.600000, RL, 799, 1, 799.000000, SHVR, 5059, 10, 505.900000, ZIC, 2700, 10, 270.000000, ZIP, 5976, 10, 597.600000, 
rl_trial0, 000411, 99, 113, GVWY, 4526, 10, 452.600000, RL, 818, 1, 818.000000, SHVR, 5059, 10, 505.900000, ZIC, 2700, 10, 270.000000, ZIP, 5990, 10, 599.000000, 
rl_trial0, 000413, 100, 113, GVWY, 4569, 10, 456.900000, RL, 818, 1, 818.000000, SHVR, 5059, 10, 505.900000, ZIC, 2700, 10, 270.000000, ZIP, 6002, 10, 600.200000, 
rl_trial0, 000415, 106, 113, GVWY, 4569, 10, 456.900000, RL, 818, 1, 818.000000, SHVR, 5087, 10, 508.700000, ZIC, 2700, 10, 270.000000, ZIP, 6002, 10, 600.200000, 
rl_trial0, 000417, 98, 113, GVWY, 4569, 10, 456.900000, RL, 818, 1, 818.000000, SHVR, 5087, 10, 508.700000, ZIC, 2700, 10, 270.000000, ZIP, 6060, 10, 606.000000, 
rl_trial0, 000420, 98, 109, GVWY, 4591, 10, 459.100000, RL, 818, 1, 818.000000, SHVR, 5098, 10, 509.800000, ZIC, 2700, 10, 270.000000, ZIP, 6060, 10, 606.000000, 
rl_trial0, 000420, 99, 109, GVWY, 4591, 10, 459.100000, RL, 818, 1, 818.000000, SHVR, 5098, 10, 509.800000, ZIC, 2734, 10, 273.400000, ZIP, 6060, 10, 606.000000, 
rl_trial0, 000420, 98, 109, GVWY, 4611, 10, 461.100000, RL, 818, 1, 818.000000, SHVR, 5142, 10, 514.200000, ZIC, 2734, 10, 273.400000, ZIP, 6060, 10, 606.000000, 
rl_trial0, 000421, 95, 102, GVWY, 4638, 10, 463.800000, RL, 818, 1, 818.000000, SHVR, 5142, 10, 514.200000, ZIC, 2734, 10, 273.400000, ZIP, 6062, 10, 606.200000, 
rl_trial0, 000421, 95, 105, GVWY, 4638, 10, 463.800000, RL, 841, 1, 841.000000, SHVR, 5142, 10, 514.200000, ZIC, 2734, 10, 273.400000, ZIP, 6062, 10, 606.200000, 
rl_trial0, 000422, 97, 103, GVWY, 4638, 10, 463.800000, RL, 841, 1, 841.000000, SHVR, 5194, 10, 519.400000, ZIC, 2772, 10, 277.200000, ZIP, 6062, 10, 606.200000, 
rl_trial0, 000424, 97, 100, GVWY, 4643, 10, 464.300000, RL, 841, 1, 841.000000, SHVR, 5194, 10, 519.400000, ZIC, 2772, 10, 277.200000, ZIP, 6097, 10, 609.700000, 
rl_trial0, 000425, 95, 100, GVWY, 4660, 10, 466.000000, RL, 841, 1, 841.000000, SHVR, 5231, 10, 523.100000, ZIC, 2772, 10, 277.200000, ZIP, 6097, 10, 609.700000, 
rl_trial0, 000425, 89, 100, GVWY, 4695, 10, 469.500000, RL, 841, 1, 841.000000, SHVR, 5231, 10, 523.100000, ZIC, 2772, 10, 277.200000, ZIP, 6097, 10, 609.700000, 
rl_trial0, 000427, 85, 95, GVWY, 4706, 10, 470.600000, RL, 841, 1, 841.000000, SHVR, 5275, 10, 527.500000, ZIC, 2772, 10, 277.200000, ZIP, 6097, 10, 609.700000, 
rl_trial0, 000427, 85, 95, GVWY, 4706, 10, 470.600000, RL, 841, 1, 841.000000, SHVR, 5275, 10, 527.500000, ZIC, 2772, 10, 277.200000, ZIP, 6100, 10, 610.000000, 
rl_trial0, 000428, 85, 97, GVWY, 4706, 10, 470.600000, RL, 841, 1, 841.000000, SHVR, 5275, 10, 527.500000, ZIC, 2787, 10, 278.700000, ZIP, 6140, 10, 614.000000, 
rl_trial0, 000428, 89, 97, GVWY, 4706, 10, 470.600000, RL, 841, 1, 841.000000, SHVR, 5275, 10, 527.500000, ZIC, 2787, 10, 278.700000, ZIP, 6225, 10, 622.500000, 
rl_trial0, 000429, 89, 97, GVWY, 4726, 10, 472.600000, RL, 841, 1, 841.000000, SHVR, 5329, 10, 532.900000, ZIC, 2787, 10, 278.700000, ZIP, 6225, 10, 622.500000, 
rl_trial0, 000431, 92, 102, GVWY, 4759, 10, 475.900000, RL, 841, 1, 841.000000, SHVR, 5329, 10, 532.900000, ZIC, 2787, 10, 278.700000, ZIP, 6225, 10, 622.500000, 
rl_trial0, 000431, 93, 106, GVWY, 4759, 10, 475.900000, RL, 841, 1, 841.000000, SHVR, 5329, 10, 532.900000, ZIC, 2805, 10, 280.500000, ZIP, 6225, 10, 622.500000, 
rl_trial0, 000433, 95, 107, GVWY, 4796, 10, 479.600000, RL, 841, 1, 841.000000, SHVR, 5367, 10, 536.700000, ZIC, 2805, 10, 280.500000, ZIP, 6225, 10, 622.500000, 
rl_trial0, 000433, 97, 113, GVWY, 4796, 10, 479.600000, RL, 841, 1, 841.000000, SHVR, 5367, 10, 536.700000, ZIC, 2838, 10, 283.800000, ZIP, 6225, 10, 622.500000, 
rl_trial0, 000434, 100, 113, GVWY, 4796, 10, 479.600000, RL, 855, 1, 855.000000, SHVR, 5428, 10, 542.800000, ZIC, 2838, 10, 283.800000, ZIP, 6225, 10, 622.500000, 
rl_trial0, 000436, 101, 106, GVWY, 4796, 10, 479.600000, RL, 855, 1, 855.000000, SHVR, 5471, 10, 547.100000, ZIC, 2838, 10, 283.800000, ZIP, 6225, 10, 622.500000, 
rl_trial0, 000437, 102, 106, GVWY, 4796, 10, 479.600000, RL, 876, 1, 876.000000, SHVR, 5471, 10, 547.100000, ZIC, 2838, 10, 283.800000, ZIP, 6237, 10, 623.700000, 
rl_trial0, 000437, 102, 113, GVWY, 4820, 10, 482.000000, RL, 876, 1, 876.000000, SHVR, 5480, 10, 548.000000, ZIC, 2838, 10, 283.800000, ZIP, 6237, 10, 623.700000, 
rl_trial0, 000440, 102, 107, GVWY, 4820, 10, 482.000000, RL, 876, 1, 876.000000, SHVR, 5480, 10, 548.000000, ZIC, 2872, 10, 287.200000, ZIP, 6278, 10, 627.800000, 
rl_trial0, 000440, 101, 107, GVWY, 4841, 10, 484.100000, RL, 876, 1, 876.000000, SHVR, 5480, 10, 548.000000, ZIC, 2872, 10, 287.200000, ZIP, 6326, 10, 632.600000, 
rl_trial0, 000441, 105, 113, GVWY, 4841, 10, 484.100000, RL, 876, 1, 876.000000, SHVR, 5480, 10, 548.000000, ZIC, 2885, 10, 288.500000, ZIP, 6326, 10, 632.600000, 
rl_trial0, 000441, 102, 113, GVWY, 4875, 10, 487.500000, RL, 876, 1, 876.000000, SHVR, 5480, 10, 548.000000, ZIC, 2885, 10, 288.500000, ZIP, 6326, 10, 632.600000, 
rl_trial0, 000442, 102, 118, GVWY, 4892, 10, 489.200000, RL, 876, 1, 876.000000, SHVR, 5480, 10, 548.000000, ZIC, 2885, 10, 288.500000, ZIP, 6326, 10, 632.600000, 
rl_trial0, 000444, 102, 108, GVWY, 4925, 10, 492.500000, RL, 876, 1, 876.000000, SHVR, 5521, 10, 552.100000, ZIC, 2885, 10, 288.500000, ZIP, 6326, 10, 632.600000, 
rl_trial0, 000445, 102, 108, GVWY, 4968, 10, 496.800000, RL, 876, 1, 876.000000, SHVR, 5521, 10, 552.100000, ZIC, 2885, 10, 288.500000, ZIP, 6373, 10, 637.300000, 
rl_trial0, 000445, 102, 108, GVWY, 4968, 10, 496.800000, RL, 876, 1, 876.000000, SHVR, 5552, 10, 555.200000, ZIC, 2913, 10, 291.300000, ZIP, 6373, 10, 637.300000, 
rl_trial0, 000446, 104, 106, GVWY, 4968, 10, 496.800000, RL, 876, 1, 876.000000, SHVR, 5560, 10, 556.000000, ZIC, 2913, 10, 291.300000, ZIP, 6373, 10, 637.300000, 
rl_trial0, 000447, 104, 108, GVWY, 4968, 10, 496.800000, RL, 895, 1, 895.000000, SHVR, 5616, 10, 561.600000, ZIC, 2913, 10, 291.300000, ZIP, 6373, 10, 637.300000, 
rl_trial0, 000447, 104, 113, GVWY, 4968, 10, 496.800000, RL, 895, 1, 895.000000, SHVR, 5616, 10, 561.600000, ZIC, 2945, 10, 294.500000, ZIP, 6416, 10, 641.600000, 
rl_trial0, 000450, 99, 107, GVWY, 4991, 10, 499.100000, RL, 895, 1, 895.000000, SHVR, 5616, 10, 561.600000, ZIC, 2945, 10, 294.500000, ZIP, 6427, 10, 642.700000, 
rl_trial0, 000452, 99, 107, GVWY, 4991, 10, 499.100000, RL, 895, 1, 895.000000, SHVR, 5616, 10, 561.600000, ZIC, 2945, 10, 294.500000, ZIP, 6475, 10, 647.500000, 
rl_trial0, 000452, 99, 104, GVWY, 5023, 10, 502.300000, RL, 895, 1, 895.000000, SHVR, 5616, 10, 561.600000, ZIC, 2962, 10, 296.200000, ZIP, 6475, 10, 647.500000, 
rl_trial0, 000453, 95, 102, GVWY, 5062, 10, 506.200000, RL, 895, 1, 895.000000, SHVR, 5616, 10, 561.600000, ZIC, 2962, 10, 296.200000, ZIP, 6476, 10, 647.600000, 
rl_trial0, 000453, 95, 102, GVWY, 5065, 10, 506.500000, RL, 895, 1, 895.000000, SHVR, 5616, 10, 561.600000, ZIC, 2962, 10, 296.200000, ZIP, 6486, 10, 648.600000, 
rl_trial0, 000456, 96, 98, GVWY, 5065, 10, 506.500000, RL, 923, 1, 923.000000, SHVR, 5616, 10, 561.600000, ZIC, 2962, 10, 296.200000, ZIP, 6518, 10, 651.800000, 
rl_trial0, 000457, 95, 97, GVWY, 5065, 10, 506.500000, RL, 923, 1, 923.000000, SHVR, 5664, 10, 566.400000, ZIC, 2962, 10, 296.200000, ZIP, 6560, 10, 656.000000, 
rl_trial0, 000458, 95, 102, GVWY, 5065, 10, 506.500000, RL, 923, 1, 923.000000, SHVR, 5664, 10, 566.400000, ZIC, 2975, 10, 297.500000, ZIP, 6560, 10, 656.000000, 
rl_trial0, 000458, 96, 102, GVWY, 5083, 10, 508.300000, RL, 923, 1, 923.000000, SHVR, 5664, 10, 566.400000, ZIC, 2996, 10, 299.600000, ZIP, 6560, 10, 656.000000, 
rl_trial0, 000461, 99, 102, GVWY, 5083, 10, 508.300000, RL, 923, 1, 923.000000, SHVR, 5700, 10, 570.000000, ZIC, 2996, 10, 299.600000, ZIP, 6604, 10, 660.400000, 
rl_trial0, 000461, 99, 107, GVWY, 5111, 10, 511.100000, RL, 923, 1, 923.000000, SHVR, 5700, 10, 570.000000, ZIC, 2996, 10, 299.600000, ZIP, 6604, 10, 660.400000, 
rl_trial0, 000462, 98, 100, GVWY, 5111, 10, 511.100000, RL, 923, 1, 923.000000, SHVR, 5749, 10, 574.900000, ZIC, 2996, 10, 299.600000, ZIP, 6605, 10, 660.500000, 
rl_trial0, 000463, 98, 107, GVWY, 5141, 10, 514.100000, RL, 923, 1, 923.000000, SHVR, 5749, 10, 574.900000, ZIC, 2996, 10, 299.600000, ZIP, 6613, 10, 661.300000, 
rl_trial0, 000464, 95, 100, GVWY, 5168, 10, 516.800000, RL, 923, 1, 923.000000, SHVR, 5749, 10, 574.900000, ZIC, 2996, 10, 299.600000, ZIP, 6630, 10, 663.000000, 
rl_trial0, 000465, 95, 107, GVWY, 5168, 10, 516.800000, RL, 923, 1, 923.000000, SHVR, 5749, 10, 574.900000, ZIC, 3036, 10, 303.600000, ZIP, 6665, 10, 666.500000, 
rl_trial0, 000466, 89, 107, GVWY, 5168, 10, 516.800000, RL, 923, 1, 923.000000, SHVR, 5758, 10, 575.800000, ZIC, 3050, 10, 305.000000, ZIP, 6665, 10, 666.500000, 
rl_trial0, 000467, 97, 107, GVWY, 5168, 10, 516.800000, RL, 923, 1, 923.000000, SHVR, 5805, 10, 580.500000, ZIC, 3072, 10, 307.200000, ZIP, 6665, 10, 666.500000, 
rl_trial0, 000468, 98, 107, GVWY, 5190, 10, 519.000000, RL, 923, 1, 923.000000, SHVR, 5805, 10, 580.500000, ZIC, 3109, 10, 310.900000, ZIP, 6665, 10, 666.500000, 
rl_trial0, 000469, 98, 113, GVWY, 5190, 10, 519.000000, RL, 941, 1, 941.000000, SHVR, 5805, 10, 580.500000, ZIC, 3109, 10, 310.900000, ZIP, 6665, 10, 666.500000, 
rl_trial0, 000469, 95, 106, GVWY, 5190, 10, 519.000000, RL, 941, 1, 941.000000, SHVR, 5805, 10, 580.500000, ZIC, 3121, 10, 312.100000, ZIP, 6717, 10, 671.700000, 
rl_trial0, 000470, 89, 106, GVWY, 5225, 10, 522.500000, RL, 941, 1, 941.000000, SHVR, 5805, 10, 580.500000, ZIC, 3121, 10, 312.100000, ZIP, 6717, 10, 671.700000, 
rl_trial0, 000472, 99, 103, GVWY, 5228, 10, 522.800000, RL, 941, 1, 941.000000, SHVR, 5805, 10, 580.500000, ZIC, 3121, 10, 312.100000, ZIP, 6717, 10, 671.700000, 
rl_trial0, 000474, 99, 102, GVWY, 5228, 10, 522.800000, RL, 941, 1, 941.000000, SHVR, 5839, 10, 583.900000, ZIC, 3121, 10, 312.100000, ZIP, 6726, 10, 672.600000, 
rl_trial0, 000475, 99, 101, GVWY, 5267, 10, 526.700000, RL, 941, 1, 941.000000, SHVR, 5839, 10, 583.900000, ZIC, 3121, 10, 312.100000, ZIP, 6727, 10, 672.700000, 
rl_trial0, 000475, 98, 101, GVWY, 5296, 10, 529.600000, RL, 941, 1, 941.000000, SHVR, 5839, 10, 583.900000, ZIC, 3121, 10, 312.100000, ZIP, 6773, 10, 677.300000, 
rl_trial0, 000476, 95, 101, GVWY, 5313, 10, 531.300000, RL, 941, 1, 941.000000, SHVR, 5839, 10, 583.900000, ZIC, 3121, 10, 312.100000, ZIP, 6825, 10, 682.500000, 
rl_trial0, 000476, 98, 107, GVWY, 5313, 10, 531.300000, RL, 941, 1, 941.000000, SHVR, 5839, 10, 583.900000, ZIC, 3161, 10, 316.100000, ZIP, 6860, 10, 686.000000, 
rl_trial0, 000478, 95, 99, GVWY, 5313, 10, 531.300000, RL, 941, 1, 941.000000, SHVR, 5887, 10, 588.700000, ZIC, 3161, 10, 316.100000, ZIP, 6877, 10, 687.700000, 
rl_trial0, 000478, 95, 99, GVWY, 5313, 10, 531.300000, RL, 941, 1, 941.000000, SHVR, 5889, 10, 588.900000, ZIC, 3172, 10, 317.200000, ZIP, 6877, 10, 687.700000, 
rl_trial0, 000479, 98, 107, GVWY, 5313, 10, 531.300000, RL, 941, 1, 941.000000, SHVR, 5925, 10, 592.500000, ZIC, 3172, 10, 317.200000, ZIP, 6921, 10, 692.100000, 
rl_trial0, 000480, 97, 107, GVWY, 5340, 10, 534.000000, RL, 941, 1, 941.000000, SHVR, 5972, 10, 597.200000, ZIC, 3172, 10, 317.200000, ZIP, 6921, 10, 692.100000, 
rl_trial0, 000481, 97, 113, GVWY, 5340, 10, 534.000000, RL, 959, 1, 959.000000, SHVR, 5972, 10, 597.200000, ZIC, 3172, 10, 317.200000, ZIP, 6921, 10, 692.100000, 
rl_trial0, 000482, 95, 113, GVWY, 5340, 10, 534.000000, RL, 959, 1, 959.000000, SHVR, 5972, 10, 597.200000, ZIC, 3193, 10, 319.300000, ZIP, 6924, 10, 692.400000, 
rl_trial0, 000483, 89, 101, GVWY, 5375, 10, 537.500000, RL, 959, 1, 959.000000, SHVR, 5972, 10, 597.200000, ZIC, 3193, 10, 319.300000, ZIP, 6924, 10, 692.400000, 
rl_trial0, 000485, 85, 90, GVWY, 5375, 10, 537.500000, RL, 959, 1, 959.000000, SHVR, 6011, 10, 601.100000, ZIC, 3193, 10, 319.300000, ZIP, 6925, 10, 692.500000, 
rl_trial0, 000486, 85, 102, GVWY, 5408, 10, 540.800000, RL, 959, 1, 959.000000, SHVR, 6011, 10, 601.100000, ZIC, 3193, 10, 319.300000, ZIP, 6957, 10, 695.700000, 
rl_trial0, 000486, 79, 102, GVWY, 5422, 10, 542.200000, RL, 959, 1, 959.000000, SHVR, 6011, 10, 601.100000, ZIC, 3193, 10, 319.300000, ZIP, 6957, 10, 695.700000, 
rl_trial0, 000486, 79, 107, GVWY, 5422, 10, 542.200000, RL, 982, 1, 982.000000, SHVR, 6011, 10, 601.100000, ZIC, 3193, 10, 319.300000, ZIP, 6957, 10, 695.700000, 
rl_trial0, 000489, 105, 113, GVWY, 5422, 10, 542.200000, RL, 982, 1, 982.000000, SHVR, 6039, 10, 603.900000, ZIC, 3193, 10, 319.300000, ZIP, 6957, 10, 695.700000, 
rl_trial0, 000490, 97, 113, GVWY, 5422, 10, 542.200000, RL, 982, 1, 982.000000, SHVR, 6039, 10, 603.900000, ZIC, 3193, 10, 319.300000, ZIP, 7007, 10, 700.700000, 
rl_trial0, 000492, 97, 102, GVWY, 5441, 10, 544.100000, RL, 982, 1, 982.000000, SHVR, 6039, 10, 603.900000, ZIC, 3203, 10, 320.300000, ZIP, 7007, 10, 700.700000, 
rl_trial0, 000492, 100, 102, GVWY, 5441, 10, 544.100000, RL, 982, 1, 982.000000, SHVR, 6043, 10, 604.300000, ZIC, 3222, 10, 322.200000, ZIP, 7007, 10, 700.700000, 
rl_trial0, 000492, 100, 107, GVWY, 5441, 10, 544.100000, RL, 982, 1, 982.000000, SHVR, 6043, 10, 604.300000, ZIC, 3260, 10, 326.000000, ZIP, 7007, 10, 700.700000, 
rl_trial0, 000492, 100, 113, GVWY, 5441, 10, 544.100000, RL, 982, 1, 982.000000, SHVR, 6087, 10, 608.700000, ZIC, 3260, 10, 326.000000, ZIP, 7016, 10, 701.600000, 
rl_trial0, 000494, 100, 107, GVWY, 5441, 10, 544.100000, RL, 1005, 1, 1005.000000, SHVR, 6087, 10, 608.700000, ZIC, 3260, 10, 326.000000, ZIP, 7016, 10, 701.600000, 
rl_trial0, 000494, 100, 107, GVWY, 5441, 10, 544.100000, RL, 1005, 1, 1005.000000, SHVR, 6087, 10, 608.700000, ZIC, 3274, 10, 327.400000, ZIP, 7031, 10, 703.100000, 
rl_trial0, 000494, 99, 107, GVWY, 5460, 10, 546.000000, RL, 1005, 1, 1005.000000, SHVR, 6087, 10, 608.700000, ZIC, 3274, 10, 327.400000, ZIP, 7081, 10, 708.100000, 
rl_trial0, 000495, 99, 106, GVWY, 5489, 10, 548.900000, RL, 1005, 1, 1005.000000, SHVR, 6087, 10, 608.700000, ZIC, 3274, 10, 327.400000, ZIP, 7096, 10, 709.600000, 
rl_trial0, 000495, 99, 107, GVWY, 5513, 10, 551.300000, RL, 1005, 1, 1005.000000, SHVR, 6143, 10, 614.300000, ZIC, 3274, 10, 327.400000, ZIP, 7096, 10, 709.600000, 
rl_trial0, 000496, 99, 107, GVWY, 5515, 10, 551.500000, RL, 1005, 1, 1005.000000, SHVR, 6143, 10, 614.300000, ZIC, 3274, 10, 327.400000, ZIP, 7144, 10, 714.400000, 
rl_trial0, 000499, 102, 107, GVWY, 5515, 10, 551.500000, RL, 1005, 1, 1005.000000, SHVR, 6185, 10, 618.500000, ZIC, 3274, 10, 327.400000, ZIP, 7182, 10, 718.200000, 
rl_trial0, 000501, 96, 105, GVWY, 5515, 10, 551.500000, RL, 1005, 1, 1005.000000, SHVR, 6217, 10, 621.700000, ZIC, 3274, 10, 327.400000, ZIP, 7193, 10, 719.300000, 
rl_trial0, 000501, 99, 107, GVWY, 5515, 10, 551.500000, RL, 1005, 1, 1005.000000, SHVR, 6225, 10, 622.500000, ZIC, 3279, 10, 327.900000, ZIP, 7193, 10, 719.300000, 
rl_trial0, 000502, 95, 107, GVWY, 5554, 10, 555.400000, RL, 1005, 1, 1005.000000, SHVR, 6225, 10, 622.500000, ZIC, 3279, 10, 327.900000, ZIP, 7194, 10, 719.400000, 
rl_trial0, 000502, 95, 107, GVWY, 5594, 10, 559.400000, RL, 1005, 1, 1005.000000, SHVR, 6225, 10, 622.500000, ZIC, 3279, 10, 327.900000, ZIP, 7209, 10, 720.900000, 
rl_trial0, 000503, 99, 106, GVWY, 5594, 10, 559.400000, RL, 1005, 1, 1005.000000, SHVR, 6225, 10, 622.500000, ZIC, 3295, 10, 329.500000, ZIP, 7221, 10, 722.100000, 
rl_trial0, 000504, 102, 107, GVWY, 5618, 10, 561.800000, RL, 1005, 1, 1005.000000, SHVR, 6281, 10, 628.100000, ZIC, 3295, 10, 329.500000, ZIP, 7221, 10, 722.100000, 
rl_trial0, 000504, 89, 107, GVWY, 5649, 10, 564.900000, RL, 1005, 1, 1005.000000, SHVR, 6281, 10, 628.100000, ZIC, 3295, 10, 329.500000, ZIP, 7269, 10, 726.900000, 
rl_trial0, 000506, 95, 107, GVWY, 5649, 10, 564.900000, RL, 1005, 1, 1005.000000, SHVR, 6281, 10, 628.100000, ZIC, 3295, 10, 329.500000, ZIP, 7309, 10, 730.900000, 
rl_trial0, 000509, 101, 107, GVWY, 5649, 10, 564.900000, RL, 1025, 1, 1025.000000, SHVR, 6281, 10, 628.100000, ZIC, 3295, 10, 329.500000, ZIP, 7359, 10, 735.900000, 
rl_trial0, 000509, 103, 107, GVWY, 5651, 10, 565.100000, RL, 1025, 1, 1025.000000, SHVR, 6312, 10, 631.200000, ZIC, 3295, 10, 329.500000, ZIP, 7359, 10, 735.900000, 
rl_trial0, 000509, 103, 113, GVWY, 5651, 10, 565.100000, RL, 1025, 1, 1025.000000, SHVR, 6312, 10, 631.200000, ZIC, 3308, 10, 330.800000, ZIP, 7359, 10, 735.900000, 
rl_trial0, 000510, 105, 112, GVWY, 5651, 10, 565.100000, RL, 1025, 1, 1025.000000, SHVR, 6312, 10, 631.200000, ZIC, 3338, 10, 333.800000, ZIP, 7403, 10, 740.300000, 
rl_trial0, 000511, 99, 111, GVWY, 5675, 10, 567.500000, RL, 1025, 1, 1025.000000, SHVR, 6352, 10, 635.200000, ZIC, 3338, 10, 333.800000, ZIP, 7403, 10, 740.300000, 
rl_trial0, 000512, 99, 113, GVWY, 5675, 10, 567.500000, RL, 1025, 1, 1025.000000, SHVR, 6366, 10, 636.600000, ZIC, 3367, 10, 336.700000, ZIP, 7403, 10, 740.300000, 
rl_trial0, 000513, 85, 113, GVWY, 5683, 10, 568.300000, RL, 1025, 1, 1025.000000, SHVR, 6366, 10, 636.600000, ZIC, 3367, 10, 336.700000, ZIP, 7404, 10, 740.400000, 
rl_trial0, 000515, 103, 113, GVWY, 5683, 10, 568.300000, RL, 1025, 1, 1025.000000, SHVR, 6366, 10, 636.600000, ZIC, 3368, 10, 336.800000, ZIP, 7458, 10, 745.800000, 
rl_trial0, 000516, 104, 108, GVWY, 5728, 10, 572.800000, RL, 1025, 1, 1025.000000, SHVR, 6406, 10, 640.600000, ZIC, 3368, 10, 336.800000, ZIP, 7458, 10, 745.800000, 
rl_trial0, 000517, 104, 107, GVWY, 5728, 10, 572.800000, RL, 1025, 1, 1025.000000, SHVR, 6444, 10, 644.400000, ZIC, 3368, 10, 336.800000, ZIP, 7458, 10, 745.800000, 
rl_trial0, 000517, 95, 107, GVWY, 5730, 10, 573.000000, RL, 1025, 1, 1025.000000, SHVR, 6444, 10, 644.400000, ZIC, 3368, 10, 336.800000, ZIP, 7469, 10, 746.900000, 
rl_trial0, 000518, 95, 107, GVWY, 5753, 10, 575.300000, RL, 1025, 1, 1025.000000, SHVR, 6444, 10, 644.400000, ZIC, 3368, 10, 336.800000, ZIP, 7469, 10, 746.900000, 
rl_trial0, 000519, 94, 107, GVWY, 5777, 10, 577.700000, RL, 1025, 1, 1025.000000, SHVR, 6444, 10, 644.400000, ZIC, 3368, 10, 336.800000, ZIP, 7469, 10, 746.900000, 
rl_trial0, 000521, 101, 105, GVWY, 5777, 10, 577.700000, RL, 1025, 1, 1025.000000, SHVR, 6498, 10, 649.800000, ZIC, 3384, 10, 338.400000, ZIP, 7469, 10, 746.900000, 
rl_trial0, 000521, 101, 113, GVWY, 5777, 10, 577.700000, RL, 1025, 1, 1025.000000, SHVR, 6498, 10, 649.800000, ZIC, 3419, 10, 341.900000, ZIP, 7482, 10, 748.200000, 
rl_trial0, 000521, 101, 113, GVWY, 5777, 10, 577.700000, RL, 1046, 1, 1046.000000, SHVR, 6498, 10, 649.800000, ZIC, 3419, 10, 341.900000, ZIP, 7521, 10, 752.100000, 
rl_trial0, 000523, 105, 113, GVWY, 5826, 10, 582.600000, RL, 1046, 1, 1046.000000, SHVR, 6498, 10, 649.800000, ZIC, 3419, 10, 341.900000, ZIP, 7562, 10, 756.200000, 
rl_trial0, 000524, 105, 113, GVWY, 5830, 10, 583.000000, RL, 1046, 1, 1046.000000, SHVR, 6537, 10, 653.700000, ZIC, 3419, 10, 341.900000, ZIP, 7562, 10, 756.200000, 
rl_trial0, 000524, 97, 113, GVWY, 5854, 10, 585.400000, RL, 1046, 1, 1046.000000, SHVR, 6537, 10, 653.700000, ZIC, 3419, 10, 341.900000, ZIP, 7562, 10, 756.200000, 
rl_trial0, 000526, 99, 106, GVWY, 5854, 10, 585.400000, RL, 1046, 1, 1046.000000, SHVR, 6545, 10, 654.500000, ZIC, 3419, 10, 341.900000, ZIP, 7562, 10, 756.200000, 
rl_trial0, 000527, 99, 113, GVWY, 5854, 10, 585.400000, RL, 1046, 1, 1046.000000, SHVR, 6545, 10, 654.500000, ZIC, 3423, 10, 342.300000, ZIP, 7613, 10, 761.300000, 
rl_trial0, 000527, 97, 112, GVWY, 5882, 10, 588.200000, RL, 1046, 1, 1046.000000, SHVR, 6581, 10, 658.100000, ZIC, 3423, 10, 342.300000, ZIP, 7613, 10, 761.300000, 
rl_trial0, 000529, 98, 102, GVWY, 5882, 10, 588.200000, RL, 1070, 1, 1070.000000, SHVR, 6632, 10, 663.200000, ZIC, 3423, 10, 342.300000, ZIP, 7613, 10, 761.300000, 
rl_trial0, 000530, 91, 102, GVWY, 5882, 10, 588.200000, RL, 1070, 1, 1070.000000, SHVR, 6632, 10, 663.200000, ZIC, 3435, 10, 343.500000, ZIP, 7615, 10, 761.500000, 
rl_trial0, 000530, 95, 107, GVWY, 5910, 10, 591.000000, RL, 1070, 1, 1070.000000, SHVR, 6632, 10, 663.200000, ZIC, 3435, 10, 343.500000, ZIP, 7625, 10, 762.500000, 
rl_trial0, 000531, 95, 113, GVWY, 5910, 10, 591.000000, RL, 1070, 1, 1070.000000, SHVR, 6632, 10, 663.200000, ZIC, 3468, 10, 346.800000, ZIP, 7625, 10, 762.500000, 
rl_trial0, 000531, 95, 118, GVWY, 5910, 10, 591.000000, RL, 1070, 1, 1070.000000, SHVR, 6632, 10, 663.200000, ZIC, 3475, 10, 347.500000, ZIP, 7625, 10, 762.500000, 
rl_trial0, 000536, 104, 107, GVWY, 5910, 10, 591.000000, RL, 1070, 1, 1070.000000, SHVR, 6687, 10, 668.700000, ZIC, 3475, 10, 347.500000, ZIP, 7625, 10, 762.500000, 
rl_trial0, 000536, 103, 107, GVWY, 5933, 10, 593.300000, RL, 1070, 1, 1070.000000, SHVR, 6687, 10, 668.700000, ZIC, 3475, 10, 347.500000, ZIP, 7671, 10, 767.100000, 
rl_trial0, 000539, 105, 113, GVWY, 5933, 10, 593.300000, RL, 1089, 1, 1089.000000, SHVR, 6687, 10, 668.700000, ZIC, 3475, 10, 347.500000, ZIP, 7712, 10, 771.200000, 
rl_trial0, 000540, 97, 112, GVWY, 5933, 10, 593.300000, RL, 1089, 1, 1089.000000, SHVR, 6727, 10, 672.700000, ZIC, 3494, 10, 349.400000, ZIP, 7712, 10, 771.200000, 
rl_trial0, 000540, 97, 107, GVWY, 5961, 10, 596.100000, RL, 1089, 1, 1089.000000, SHVR, 6727, 10, 672.700000, ZIC, 3494, 10, 349.400000, ZIP, 7712, 10, 771.200000, 
rl_trial0, 000541, 97, 103, GVWY, 5961, 10, 596.100000, RL, 1089, 1, 1089.000000, SHVR, 6733, 10, 673.300000, ZIC, 3531, 10, 353.100000, ZIP, 7712, 10, 771.200000, 
rl_trial0, 000541, 95, 103, GVWY, 5998, 10, 599.800000, RL, 1089, 1, 1089.000000, SHVR, 6733, 10, 673.300000, ZIC, 3531, 10, 353.100000, ZIP, 7715, 10, 771.500000, 
rl_trial0, 000542, 101, 107, GVWY, 5998, 10, 599.800000, RL, 1089, 1, 1089.000000, SHVR, 6765, 10, 676.500000, ZIC, 3531, 10, 353.100000, ZIP, 7763, 10, 776.300000, 
rl_trial0, 000544, 97, 102, GVWY, 6028, 10, 602.800000, RL, 1089, 1, 1089.000000, SHVR, 6765, 10, 676.500000, ZIC, 3531, 10, 353.100000, ZIP, 7777, 10, 777.700000, 
rl_trial0, 000544, 95, 99, GVWY, 6065, 10, 606.500000, RL, 1089, 1, 1089.000000, SHVR, 6765, 10, 676.500000, ZIC, 3531, 10, 353.100000, ZIP, 7780, 10, 778.000000, 
rl_trial0, 000545, 89, 98, GVWY, 6065, 10, 606.500000, RL, 1089, 1, 1089.000000, SHVR, 6765, 10, 676.500000, ZIC, 3550, 10, 355.000000, ZIP, 7780, 10, 778.000000, 
rl_trial0, 000545, 89, 102, GVWY, 6097, 10, 609.700000, RL, 1089, 1, 1089.000000, SHVR, 6766, 10, 676.600000, ZIC, 3550, 10, 355.000000, ZIP, 7780, 10, 778.000000, 
rl_trial0, 000545, 85, 102, GVWY, 6105, 10, 610.500000, RL, 1089, 1, 1089.000000, SHVR, 6766, 10, 676.600000, ZIC, 3550, 10, 355.000000, ZIP, 7781, 10, 778.100000, 
rl_trial0, 000547, 85, 107, GVWY, 6105, 10, 610.500000, RL, 1089, 1, 1089.000000, SHVR, 6766, 10, 676.600000, ZIC, 3561, 10, 356.100000, ZIP, 7825, 10, 782.500000, 
rl_trial0, 000548, 85, 107, GVWY, 6123, 10, 612.300000, RL, 1089, 1, 1089.000000, SHVR, 6766, 10, 676.600000, ZIC, 3561, 10, 356.100000, ZIP, 7826, 10, 782.600000, 
rl_trial0, 000550, 87, 98, GVWY, 6123, 10, 612.300000, RL, 1089, 1, 1089.000000, SHVR, 6766, 10, 676.600000, ZIC, 3561, 10, 356.100000, ZIP, 7849, 10, 784.900000, 
rl_trial0, 000550, 87, 107, GVWY, 6130, 10, 613.000000, RL, 1089, 1, 1089.000000, SHVR, 6766, 10, 676.600000, ZIC, 3561, 10, 356.100000, ZIP, 7882, 10, 788.200000, 
rl_trial0, 000551, 88, 113, GVWY, 6130, 10, 613.000000, RL, 1089, 1, 1089.000000, SHVR, 6766, 10, 676.600000, ZIC, 3574, 10, 357.400000, ZIP, 7882, 10, 788.200000, 
rl_trial0, 000552, 89, 118, GVWY, 6130, 10, 613.000000, RL, 1101, 1, 1101.000000, SHVR, 6766, 10, 676.600000, ZIC, 3574, 10, 357.400000, ZIP, 7882, 10, 788.200000, 
rl_trial0, 000552, 93, 102, GVWY, 6130, 10, 613.000000, RL, 1125, 1, 1125.000000, SHVR, 6817, 10, 681.700000, ZIC, 3574, 10, 357.400000, ZIP, 7882, 10, 788.200000, 
rl_trial0, 000554, 97, 102, GVWY, 6158, 10, 615.800000, RL, 1125, 1, 1125.000000, SHVR, 6863, 10, 686.300000, ZIC, 3574, 10, 357.400000, ZIP, 7882, 10, 788.200000, 
rl_trial0, 000555, 99, 118, GVWY, 6180, 10, 618.000000, RL, 1125, 1, 1125.000000, SHVR, 6863, 10, 686.300000, ZIC, 3574, 10, 357.400000, ZIP, 7883, 10, 788.300000, 
rl_trial0, 000556, 99, 118, GVWY, 6225, 10, 622.500000, RL, 1125, 1, 1125.000000, SHVR, 6863, 10, 686.300000, ZIC, 3574, 10, 357.400000, ZIP, 7883, 10, 788.300000, 
rl_trial0, 000556, 101, 118, GVWY, 6225, 10, 622.500000, RL, 1125, 1, 1125.000000, SHVR, 6863, 10, 686.300000, ZIC, 3574, 10, 357.400000, ZIP, 7931, 10, 793.100000, 
rl_trial0, 000558, 103, 107, GVWY, 6225, 10, 622.500000, RL, 1125, 1, 1125.000000, SHVR, 6895, 10, 689.500000, ZIC, 3574, 10, 357.400000, ZIP, 7942, 10, 794.200000, 
rl_trial0, 000558, 95, 107, GVWY, 6246, 10, 624.600000, RL, 1125, 1, 1125.000000, SHVR, 6895, 10, 689.500000, ZIC, 3574, 10, 357.400000, ZIP, 7955, 10, 795.500000, 
rl_trial0, 000559, 100, 107, GVWY, 6246, 10, 624.600000, RL, 1125, 1, 1125.000000, SHVR, 6895, 10, 689.500000, ZIC, 3611, 10, 361.100000, ZIP, 7993, 10, 799.300000, 
rl_trial0, 000560, 102, 105, GVWY, 6246, 10, 624.600000, RL, 1125, 1, 1125.000000, SHVR, 6936, 10, 693.600000, ZIC, 3629, 10, 362.900000, ZIP, 7993, 10, 799.300000, 
rl_trial0, 000561, 103, 105, GVWY, 6246, 10, 624.600000, RL, 1125, 1, 1125.000000, SHVR, 6974, 10, 697.400000, ZIC, 3629, 10, 362.900000, ZIP, 7993, 10, 799.300000, 
rl_trial0, 000562, 95, 104, GVWY, 6289, 10, 628.900000, RL, 1125, 1, 1125.000000, SHVR, 6974, 10, 697.400000, ZIC, 3629, 10, 362.900000, ZIP, 8040, 10, 804.000000, 
rl_trial0, 000563, 99, 104, GVWY, 6317, 10, 631.700000, RL, 1125, 1, 1125.000000, SHVR, 7026, 10, 702.600000, ZIC, 3629, 10, 362.900000, ZIP, 8040, 10, 804.000000, 
rl_trial0, 000563, 99, 107, GVWY, 6317, 10, 631.700000, RL, 1125, 1, 1125.000000, SHVR, 7026, 10, 702.600000, ZIC, 3645, 10, 364.500000, ZIP, 8089, 10, 808.900000, 
rl_trial0, 000565, 99, 107, GVWY, 6317, 10, 631.700000, RL, 1148, 1, 1148.000000, SHVR, 7026, 10, 702.600000, ZIC, 3645, 10, 364.500000, ZIP, 8099, 10, 809.900000, 
rl_trial0, 000565, 105, 107, GVWY, 6317, 10, 631.700000, RL, 1148, 1, 1148.000000, SHVR, 7035, 10, 703.500000, ZIC, 3659, 10, 365.900000, ZIP, 8099, 10, 809.900000, 
rl_trial0, 000566, 103, 107, GVWY, 6317, 10, 631.700000, RL, 1148, 1, 1148.000000, SHVR, 7035, 10, 703.500000, ZIC, 3659, 10, 365.900000, ZIP, 8139, 10, 813.900000, 
rl_trial0, 000566, 102, 107, GVWY, 6349, 10, 634.900000, RL, 1148, 1, 1148.000000, SHVR, 7035, 10, 703.500000, ZIC, 3659, 10, 365.900000, ZIP, 8186, 10, 818.600000, 
rl_trial0, 000569, 99, 113, GVWY, 6349, 10, 634.900000, RL, 1148, 1, 1148.000000, SHVR, 7087, 10, 708.700000, ZIC, 3659, 10, 365.900000, ZIP, 8199, 10, 819.900000, 
rl_trial0, 000571, 102, 113, GVWY, 6371, 10, 637.100000, RL, 1148, 1, 1148.000000, SHVR, 7119, 10, 711.900000, ZIC, 3659, 10, 365.900000, ZIP, 8199, 10, 819.900000, 
rl_trial0, 000572, 99, 105, GVWY, 6371, 10, 637.100000, RL, 1148, 1, 1148.000000, SHVR, 7162, 10, 716.200000, ZIC, 3659, 10, 365.900000, ZIP, 8199, 10, 819.900000, 
rl_trial0, 000572, 99, 107, GVWY, 6371, 10, 637.100000, RL, 1148, 1, 1148.000000, SHVR, 7162, 10, 716.200000, ZIC, 3694, 10, 369.400000, ZIP, 8249, 10, 824.900000, 
rl_trial0, 000574, 99, 107, GVWY, 6371, 10, 637.100000, RL, 1168, 1, 1168.000000, SHVR, 7162, 10, 716.200000, ZIC, 3694, 10, 369.400000, ZIP, 8299, 10, 829.900000, 
rl_trial0, 000576, 99, 107, GVWY, 6392, 10, 639.200000, RL, 1168, 1, 1168.000000, SHVR, 7162, 10, 716.200000, ZIC, 3694, 10, 369.400000, ZIP, 8347, 10, 834.700000, 
rl_trial0, 000577, 101, 107, GVWY, 6392, 10, 639.200000, RL, 1168, 1, 1168.000000, SHVR, 7162, 10, 716.200000, ZIC, 3730, 10, 373.000000, ZIP, 8359, 10, 835.900000, 
rl_trial0, 000578, 105, 107, GVWY, 6392, 10, 639.200000, RL, 1168, 1, 1168.000000, SHVR, 7200, 10, 720.000000, ZIC, 3730, 10, 373.000000, ZIP, 8359, 10, 835.900000, 
rl_trial0, 000580, 99, 107, GVWY, 6392, 10, 639.200000, RL, 1168, 1, 1168.000000, SHVR, 7295, 10, 729.500000, ZIC, 3730, 10, 373.000000, ZIP, 8359, 10, 835.900000, 
rl_trial0, 000580, 95, 107, GVWY, 6431, 10, 643.100000, RL, 1168, 1, 1168.000000, SHVR, 7295, 10, 729.500000, ZIC, 3730, 10, 373.000000, ZIP, 8360, 10, 836.000000, 
rl_trial0, 000581, 95, 107, GVWY, 6431, 10, 643.100000, RL, 1168, 1, 1168.000000, SHVR, 7295, 10, 729.500000, ZIC, 3734, 10, 373.400000, ZIP, 8401, 10, 840.100000, 
rl_trial0, 000581, 95, 113, GVWY, 6454, 10, 645.400000, RL, 1168, 1, 1168.000000, SHVR, 7295, 10, 729.500000, ZIC, 3734, 10, 373.400000, ZIP, 8401, 10, 840.100000, 
rl_trial0, 000581, 89, 134, GVWY, 6478, 10, 647.800000, RL, 1168, 1, 1168.000000, SHVR, 7295, 10, 729.500000, ZIC, 3734, 10, 373.400000, ZIP, 8401, 10, 840.100000, 
rl_trial0, 000582, 95, 113, GVWY, 6481, 10, 648.100000, RL, 1168, 1, 1168.000000, SHVR, 7295, 10, 729.500000, ZIC, 3734, 10, 373.400000, ZIP, 8401, 10, 840.100000, 
rl_trial0, 000585, 104, 118, GVWY, 6498, 10, 649.800000, RL, 1168, 1, 1168.000000, SHVR, 7295, 10, 729.500000, ZIC, 3734, 10, 373.400000, ZIP, 8401, 10, 840.100000, 
rl_trial0, 000586, 105, 118, GVWY, 6544, 10, 654.400000, RL, 1168, 1, 1168.000000, SHVR, 7334, 10, 733.400000, ZIC, 3734, 10, 373.400000, ZIP, 8401, 10, 840.100000, 
rl_trial0, 000587, 105, 108, GVWY, 6544, 10, 654.400000, RL, 1168, 1, 1168.000000, SHVR, 7343, 10, 734.300000, ZIC, 3734, 10, 373.400000, ZIP, 8445, 10, 844.500000, 
rl_trial0, 000590, 105, 106, GVWY, 6568, 10, 656.800000, RL, 1168, 1, 1168.000000, SHVR, 7343, 10, 734.300000, ZIC, 3734, 10, 373.400000, ZIP, 8445, 10, 844.500000, 
rl_trial0, 000591, 89, 106, GVWY, 6602, 10, 660.200000, RL, 1168, 1, 1168.000000, SHVR, 7343, 10, 734.300000, ZIC, 3734, 10, 373.400000, ZIP, 8455, 10, 845.500000, 
rl_trial0, 000592, 96, 102, GVWY, 6602, 10, 660.200000, RL, 1192, 1, 1192.000000, SHVR, 7343, 10, 734.300000, ZIC, 3734, 10, 373.400000, ZIP, 8501, 10, 850.100000, 
