virtual_time,trader_id,trader_type,balance
60.10,B00,ZIP,0.0
60.10,B01,SHVR,0.0
60.10,B02,ZIC,0.0
60.10,B03,GVWY,0.0
60.10,B04,RL,3.0
60.10,B05,SHVR,0.0
60.10,B06,GVWY,0.0
60.10,B07,ZIC,5.0
60.10,B08,GA,13.0
60.10,B09,ZIP,43.0
60.10,S00,SHVR,66.0
60.10,S01,ZIC,76.0
60.10,S02,ZIC,29.0
60.10,S03,ZIP,0.0
60.10,S04,GVWY,23.0
60.10,S05,GVWY,0.0
60.10,S06,ZIP,0.0
60.10,S07,SHVR,0.0
120.39,B00,ZIP,0.0
120.39,B01,SHVR,0.0
120.39,B02,ZIC,0.0
120.39,B03,GVWY,0.0
120.39,B04,RL,3.0
120.39,B05,SHVR,0.0
120.39,B06,GVWY,5.0
120.39,B07,ZIC,29.0
120.39,B08,GA,19.0
120.39,B09,ZIP,69.0
120.39,S00,SHVR,132.0
120.39,S01,ZIC,107.0
120.39,S02,ZIC,86.0
120.39,S03,ZIP,98.0
120.39,S04,GVWY,31.0
120.39,S05,GVWY,0.0
120.39,S06,ZIP,0.0
120.39,S07,SHVR,0.0
180.66,B00,ZIP,0.0
180.66,B01,SHVR,0.0
180.66,B02,ZIC,0.0
180.66,B03,GVWY,0.0
180.66,B04,RL,3.0
180.66,B05,SHVR,5.0
180.66,B06,GVWY,5.0
180.66,B07,ZIC,55.0
180.66,B08,GA,43.0
180.66,B09,ZIP,135.0
180.66,S00,SHVR,209.0
180.66,S01,ZIC,201.0
180.66,S02,ZIC,128.0
180.66,S03,ZIP,124.0
180.66,S04,GVWY,31.0
180.66,S05,GVWY,0.0
180.66,S06,ZIP,0.0
180.66,S07,SHVR,0.0
241.12,B00,ZIP,0.0
241.12,B01,SHVR,0.0
241.12,B02,ZIC,0.0
241.12,B03,GVWY,0.0
241.12,B04,RL,3.0
241.12,B05,SHVR,11.0
241.12,B06,GVWY,13.0
241.12,B07,ZIC,70.0
241.12,B08,GA,74.0
241.12,B09,ZIP,242.0
241.12,S00,SHVR,247.0
241.12,S01,ZIC,269.0
241.12,S02,ZIC,191.0
241.12,S03,ZIP,140.0
241.12,S04,GVWY,37.0
241.12,S05,GVWY,0.0
241.12,S06,ZIP,0.0
241.12,S07,SHVR,0.0
301.69,B00,ZIP,0.0
301.69,B01,SHVR,0.0
301.69,B02,ZIC,0.0
301.69,B03,GVWY,0.0
301.69,B04,RL,3.0
301.69,B05,SHVR,11.0
301.69,B06,GVWY,21.0
301.69,B07,ZIC,91.0
301.69,B08,GA,134.0
301.69,B09,ZIP,276.0
301.69,S00,SHVR,313.0
301.69,S01,ZIC,301.0
301.69,S02,ZIC,211.0
301.69,S03,ZIP,172.0
301.69,S04,GVWY,37.0
301.69,S05,GVWY,0.0
301.69,S06,ZIP,0.0
301.69,S07,SHVR,0.0
361.75,B00,ZIP,0.0
361.75,B01,SHVR,0.0
361.75,B02,ZIC,0.0
361.75,B03,GVWY,0.0
361.75,B04,RL,3.0
361.75,B05,SHVR,11.0
361.75,B06,GVWY,43.0
361.75,B07,ZIC,107.0
361.75,B08,GA,147.0
361.75,B09,ZIP,345.0
361.75,S00,SHVR,395.0
361.75,S01,ZIC,358.0
361.75,S02,ZIC,234.0
361.75,S03,ZIP,192.0
361.75,S04,GVWY,37.0
361.75,S05,GVWY,0.0
361.75,S06,ZIP,0.0
361.75,S07,SHVR,0.0
422.26,B00,ZIP,0.0
422.26,B01,SHVR,0.0
422.26,B02,ZIC,0.0
422.26,B03,GVWY,0.0
422.26,B04,RL,3.0
422.26,B05,SHVR,12.0
422.26,B06,GVWY,59.0
422.26,B07,ZIC,139.0
422.26,B08,GA,184.0
422.26,B09,ZIP,420.0
422.26,S00,SHVR,499.0
422.26,S01,ZIC,403.0
422.26,S02,ZIC,270.0
422.26,S03,ZIP,212.0
422.26,S04,GVWY,45.0
422.26,S05,GVWY,0.0
422.26,S06,ZIP,0.0
422.26,S07,SHVR,0.0
482.28,B00,ZIP,0.0
482.28,B01,SHVR,0.0
482.28,B02,ZIC,0.0
482.28,B03,GVWY,0.0
482.28,B04,RL,8.0
482.28,B05,SHVR,12.0
482.28,B06,GVWY,67.0
482.28,B07,ZIC,167.0
482.28,B08,GA,219.0
482.28,B09,ZIP,498.0
482.28,S00,SHVR,571.0
482.28,S01,ZIC,482.0
482.28,S02,ZIC,281.0
482.28,S03,ZIP,224.0
482.28,S04,GVWY,45.0
482.28,S05,GVWY,0.0
482.28,S06,ZIP,0.0
482.28,S07,SHVR,0.0
542.72,B00,ZIP,0.0
542.72,B01,SHVR,0.0
542.72,B02,ZIC,0.0
542.72,B03,GVWY,0.0
542.72,B04,RL,13.0
542.72,B05,SHVR,12.0
542.72,B06,GVWY,83.0
542.72,B07,ZIC,188.0
542.72,B08,GA,256.0
542.72,B09,ZIP,565.0
542.72,S00,SHVR,637.0
542.72,S01,ZIC,500.0
542.72,S02,ZIC,321.0
542.72,S03,ZIP,254.0
542.72,S04,GVWY,45.0
542.72,S05,GVWY,0.0
542.72,S06,ZIP,0.0
542.72,S07,SHVR,0.0
602.77,B00,ZIP,0.0
602.77,B01,SHVR,0.0
602.77,B02,ZIC,0.0
602.77,B03,GVWY,0.0
602.77,B04,RL,13.0
602.77,B05,SHVR,12.0
602.77,B06,GVWY,91.0
602.77,B07,ZIC,220.0
602.77,B08,GA,303.0
602.77,B09,ZIP,672.0
602.77,S00,SHVR,720.0
602.77,S01,ZIC,587.0
602.77,S02,ZIC,342.0
602.77,S03,ZIP,283.0
602.77,S04,GVWY,45.0
602.77,S05,GVWY,0.0
602.77,S06,ZIP,0.0
602.77,S07,SHVR,0.0
663.08,B00,ZIP,0.0
663.08,B01,SHVR,0.0
663.08,B02,ZIC,0.0
663.08,B03,GVWY,0.0
663.08,B04,RL,13.0
663.08,B05,SHVR,13.0
663.08,B06,GVWY,91.0
663.08,B07,ZIC,230.0
663.08,B08,GA,334.0
663.08,B09,ZIP,710.0
663.08,S00,SHVR,753.0
663.08,S01,ZIC,617.0
663.08,S02,ZIC,436.0
663.08,S03,ZIP,299.0
663.08,S04,GVWY,45.0
663.08,S05,GVWY,0.0
663.08,S06,ZIP,0.0
663.08,S07,SHVR,0.0
723.41,B00,ZIP,0.0
723.41,B01,SHVR,0.0
723.41,B02,ZIC,0.0
723.41,B03,GVWY,0.0
723.41,B04,RL,19.0
723.41,B05,SHVR,14.0
723.41,B06,GVWY,108.0
723.41,B07,ZIC,264.0
723.41,B08,GA,382.0
723.41,B09,ZIP,784.0
723.41,S00,SHVR,833.0
723.41,S01,ZIC,674.0
723.41,S02,ZIC,442.0
723.41,S03,ZIP,326.0
723.41,S04,GVWY,45.0
723.41,S05,GVWY,0.0
723.41,S06,ZIP,0.0
723.41,S07,SHVR,0.0
783.53,B00,ZIP,0.0
783.53,B01,SHVR,0.0
783.53,B02,ZIC,0.0
783.53,B03,GVWY,0.0
783.53,B04,RL,22.0
783.53,B05,SHVR,15.0
783.53,B06,GVWY,108.0
783.53,B07,ZIC,296.0
783.53,B08,GA,418.0
783.53,B09,ZIP,856.0
783.53,S00,SHVR,961.0
783.53,S01,ZIC,744.0
783.53,S02,ZIC,470.0
783.53,S03,ZIP,346.0
783.53,S04,GVWY,45.0
783.53,S05,GVWY,0.0
783.53,S06,ZIP,0.0
783.53,S07,SHVR,0.0
843.96,B00,ZIP,0.0
843.96,B01,SHVR,0.0
843.96,B02,ZIC,0.0
843.96,B03,GVWY,0.0
843.96,B04,RL,22.0
843.96,B05,SHVR,15.0
843.96,B06,GVWY,108.0
843.96,B07,ZIC,317.0
843.96,B08,GA,455.0
843.96,B09,ZIP,929.0
843.96,S00,SHVR,1045.0
843.96,S01,ZIC,775.0
843.96,S02,ZIC,512.0
843.96,S03,ZIP,356.0
843.96,S04,GVWY,53.0
843.96,S05,GVWY,0.0
843.96,S06,ZIP,0.0
843.96,S07,SHVR,0.0
904.55,B00,ZIP,0.0
904.55,B01,SHVR,0.0
904.55,B02,ZIC,0.0
904.55,B03,GVWY,0.0
904.55,B04,RL,22.0
904.55,B05,SHVR,15.0
904.55,B06,GVWY,122.0
904.55,B07,ZIC,347.0
904.55,B08,GA,481.0
904.55,B09,ZIP,999.0
904.55,S00,SHVR,1086.0
904.55,S01,ZIC,835.0
904.55,S02,ZIC,532.0
904.55,S03,ZIP,380.0
904.55,S04,GVWY,53.0
904.55,S05,GVWY,0.0
904.55,S06,ZIP,0.0
904.55,S07,SHVR,0.0
964.86,B00,ZIP,0.0
964.86,B01,SHVR,0.0
964.86,B02,ZIC,0.0
964.86,B03,GVWY,0.0
964.86,B04,RL,22.0
964.86,B05,SHVR,24.0
964.86,B06,GVWY,130.0
964.86,B07,ZIC,384.0
964.86,B08,GA,529.0
964.86,B09,ZIP,1037.0
964.86,S00,SHVR,1168.0
964.86,S01,ZIC,889.0
964.86,S02,ZIC,552.0
964.86,S03,ZIP,409.0
964.86,S04,GVWY,53.0
964.86,S05,GVWY,0.0
964.86,S06,ZIP,0.0
964.86,S07,SHVR,0.0
1025.42,B00,ZIP,0.0
1025.42,B01,SHVR,0.0
1025.42,B02,ZIC,0.0
1025.42,B03,GVWY,0.0
1025.42,B04,RL,22.0
1025.42,B05,SHVR,24.0
1025.42,B06,GVWY,138.0
1025.42,B07,ZIC,400.0
1025.42,B08,GA,562.0
1025.42,B09,ZIP,1139.0
1025.42,S00,SHVR,1259.0
1025.42,S01,ZIC,920.0
1025.42,S02,ZIC,592.0
1025.42,S03,ZIP,423.0
1025.42,S04,GVWY,53.0
1025.42,S05,GVWY,0.0
1025.42,S06,ZIP,0.0
1025.42,S07,SHVR,0.0
1085.92,B00,ZIP,0.0
1085.92,B01,SHVR,0.0
1085.92,B02,ZIC,0.0
1085.92,B03,GVWY,0.0
1085.92,B04,RL,28.0
1085.92,B05,SHVR,27.0
1085.92,B06,GVWY,144.0
1085.92,B07,ZIC,445.0
1085.92,B08,GA,594.0
1085.92,B09,ZIP,1177.0
1085.92,S00,SHVR,1325.0
1085.92,S01,ZIC,994.0
1085.92,S02,ZIC,618.0
1085.92,S03,ZIP,450.0
1085.92,S04,GVWY,61.0
1085.92,S05,GVWY,0.0
1085.92,S06,ZIP,0.0
1085.92,S07,SHVR,0.0
1146.42,B00,ZIP,0.0
1146.42,B01,SHVR,0.0
1146.42,B02,ZIC,0.0
1146.42,B03,GVWY,0.0
1146.42,B04,RL,28.0
1146.42,B05,SHVR,31.0
1146.42,B06,GVWY,150.0
1146.42,B07,ZIC,480.0
1146.42,B08,GA,620.0
1146.42,B09,ZIP,1253.0
1146.42,S00,SHVR,1394.0
1146.42,S01,ZIC,1052.0
1146.42,S02,ZIC,647.0
1146.42,S03,ZIP,474.0
1146.42,S04,GVWY,61.0
1146.42,S05,GVWY,0.0
1146.42,S06,ZIP,0.0
1146.42,S07,SHVR,0.0
1206.92,B00,ZIP,0.0
1206.92,B01,SHVR,0.0
1206.92,B02,ZIC,0.0
1206.92,B03,GVWY,0.0
1206.92,B04,RL,28.0
1206.92,B05,SHVR,31.0
1206.92,B06,GVWY,162.0
1206.92,B07,ZIC,506.0
1206.92,B08,GA,652.0
1206.92,B09,ZIP,1348.0
1206.92,S00,SHVR,1480.0
1206.92,S01,ZIC,1083.0
1206.92,S02,ZIC,676.0
1206.92,S03,ZIP,519.0
1206.92,S04,GVWY,63.0
1206.92,S05,GVWY,0.0
1206.92,S06,ZIP,0.0
1206.92,S07,SHVR,0.0
1267.39,B00,ZIP,0.0
1267.39,B01,SHVR,0.0
1267.39,B02,ZIC,0.0
1267.39,B03,GVWY,0.0
1267.39,B04,RL,28.0
1267.39,B05,SHVR,40.0
1267.39,B06,GVWY,164.0
1267.39,B07,ZIC,527.0
1267.39,B08,GA,695.0
1267.39,B09,ZIP,1382.0
1267.39,S00,SHVR,1513.0
1267.39,S01,ZIC,1129.0
1267.39,S02,ZIC,707.0
1267.39,S03,ZIP,550.0
1267.39,S04,GVWY,63.0
1267.39,S05,GVWY,0.0
1267.39,S06,ZIP,0.0
1267.39,S07,SHVR,0.0
1328.00,B00,ZIP,0.0
1328.00,B01,SHVR,0.0
1328.00,B02,ZIC,0.0
1328.00,B03,GVWY,0.0
1328.00,B04,RL,28.0
1328.00,B05,SHVR,41.0
1328.00,B06,GVWY,172.0
1328.00,B07,ZIC,556.0
1328.00,B08,GA,708.0
1328.00,B09,ZIP,1451.0
1328.00,S00,SHVR,1635.0
1328.00,S01,ZIC,1230.0
1328.00,S02,ZIC,740.0
1328.00,S03,ZIP,563.0
1328.00,S04,GVWY,63.0
1328.00,S05,GVWY,0.0
1328.00,S06,ZIP,0.0
1328.00,S07,SHVR,0.0
1388.21,B00,ZIP,0.0
1388.21,B01,SHVR,0.0
1388.21,B02,ZIC,0.0
1388.21,B03,GVWY,0.0
1388.21,B04,RL,28.0
1388.21,B05,SHVR,41.0
1388.21,B06,GVWY,178.0
1388.21,B07,ZIC,572.0
1388.21,B08,GA,754.0
1388.21,B09,ZIP,1522.0
1388.21,S00,SHVR,1715.0
1388.21,S01,ZIC,1230.0
1388.21,S02,ZIC,759.0
1388.21,S03,ZIP,587.0
1388.21,S04,GVWY,63.0
1388.21,S05,GVWY,0.0
1388.21,S06,ZIP,0.0
1388.21,S07,SHVR,0.0
1448.62,B00,ZIP,0.0
1448.62,B01,SHVR,0.0
1448.62,B02,ZIC,0.0
1448.62,B03,GVWY,0.0
1448.62,B04,RL,43.0
1448.62,B05,SHVR,41.0
1448.62,B06,GVWY,190.0
1448.62,B07,ZIC,598.0
1448.62,B08,GA,804.0
1448.62,B09,ZIP,1594.0
1448.62,S00,SHVR,1771.0
1448.62,S01,ZIC,1279.0
1448.62,S02,ZIC,813.0
1448.62,S03,ZIP,605.0
1448.62,S04,GVWY,71.0
1448.62,S05,GVWY,0.0
1448.62,S06,ZIP,0.0
1448.62,S07,SHVR,0.0
1509.06,B00,ZIP,0.0
1509.06,B01,SHVR,0.0
1509.06,B02,ZIC,0.0
1509.06,B03,GVWY,0.0
1509.06,B04,RL,48.0
1509.06,B05,SHVR,43.0
1509.06,B06,GVWY,204.0
1509.06,B07,ZIC,603.0
1509.06,B08,GA,828.0
1509.06,B09,ZIP,1706.0
1509.06,S00,SHVR,1847.0
1509.06,S01,ZIC,1350.0
1509.06,S02,ZIC,848.0
1509.06,S03,ZIP,635.0
1509.06,S04,GVWY,71.0
1509.06,S05,GVWY,0.0
1509.06,S06,ZIP,0.0
1509.06,S07,SHVR,0.0
1569.39,B00,ZIP,0.0
1569.39,B01,SHVR,0.0
1569.39,B02,ZIC,0.0
1569.39,B03,GVWY,0.0
1569.39,B04,RL,48.0
1569.39,B05,SHVR,61.0
1569.39,B06,GVWY,211.0
1569.39,B07,ZIC,624.0
1569.39,B08,GA,863.0
1569.39,B09,ZIP,1746.0
1569.39,S00,SHVR,1882.0
1569.39,S01,ZIC,1386.0
1569.39,S02,ZIC,889.0
1569.39,S03,ZIP,658.0
1569.39,S04,GVWY,71.0
1569.39,S05,GVWY,0.0
1569.39,S06,ZIP,0.0
1569.39,S07,SHVR,0.0
1629.61,B00,ZIP,0.0
1629.61,B01,SHVR,0.0
1629.61,B02,ZIC,0.0
1629.61,B03,GVWY,0.0
1629.61,B04,RL,56.0
1629.61,B05,SHVR,61.0
1629.61,B06,GVWY,211.0
1629.61,B07,ZIC,665.0
1629.61,B08,GA,889.0
1629.61,B09,ZIP,1814.0
1629.61,S00,SHVR,1957.0
1629.61,S01,ZIC,1432.0
1629.61,S02,ZIC,929.0
1629.61,S03,ZIP,685.0
1629.61,S04,GVWY,71.0
1629.61,S05,GVWY,0.0
1629.61,S06,ZIP,0.0
1629.61,S07,SHVR,0.0
1689.72,B00,ZIP,0.0
1689.72,B01,SHVR,0.0
1689.72,B02,ZIC,0.0
1689.72,B03,GVWY,0.0
1689.72,B04,RL,72.0
1689.72,B05,SHVR,88.0
1689.72,B06,GVWY,217.0
1689.72,B07,ZIC,670.0
1689.72,B08,GA,950.0
1689.72,B09,ZIP,1886.0
1689.72,S00,SHVR,2039.0
1689.72,S01,ZIC,1493.0
1689.72,S02,ZIC,958.0
1689.72,S03,ZIP,715.0
1689.72,S04,GVWY,71.0
1689.72,S05,GVWY,0.0
1689.72,S06,ZIP,0.0
1689.72,S07,SHVR,0.0
1750.16,B00,ZIP,0.0
1750.16,B01,SHVR,0.0
1750.16,B02,ZIC,0.0
1750.16,B03,GVWY,0.0
1750.16,B04,RL,72.0
1750.16,B05,SHVR,88.0
1750.16,B06,GVWY,217.0
1750.16,B07,ZIC,698.0
1750.16,B08,GA,990.0
1750.16,B09,ZIP,1953.0
1750.16,S00,SHVR,2122.0
1750.16,S01,ZIC,1493.0
1750.16,S02,ZIC,996.0
1750.16,S03,ZIP,747.0
1750.16,S04,GVWY,79.0
1750.16,S05,GVWY,0.0
1750.16,S06,ZIP,0.0
1750.16,S07,SHVR,0.0
1810.59,B00,ZIP,0.0
1810.59,B01,SHVR,0.0
1810.59,B02,ZIC,0.0
1810.59,B03,GVWY,0.0
1810.59,B04,RL,78.0
1810.59,B05,SHVR,91.0
1810.59,B06,GVWY,233.0
1810.59,B07,ZIC,709.0
1810.59,B08,GA,1044.0
1810.59,B09,ZIP,2023.0
1810.59,S00,SHVR,2193.0
1810.59,S01,ZIC,1596.0
1810.59,S02,ZIC,1013.0
1810.59,S03,ZIP,775.0
1810.59,S04,GVWY,79.0
1810.59,S05,GVWY,0.0
1810.59,S06,ZIP,0.0
1810.59,S07,SHVR,0.0
1870.98,B00,ZIP,0.0
1870.98,B01,SHVR,0.0
1870.98,B02,ZIC,0.0
1870.98,B03,GVWY,0.0
1870.98,B04,RL,78.0
1870.98,B05,SHVR,94.0
1870.98,B06,GVWY,236.0
1870.98,B07,ZIC,738.0
1870.98,B08,GA,1068.0
1870.98,B09,ZIP,2101.0
1870.98,S00,SHVR,2281.0
1870.98,S01,ZIC,1623.0
1870.98,S02,ZIC,1056.0
1870.98,S03,ZIP,790.0
1870.98,S04,GVWY,79.0
1870.98,S05,GVWY,0.0
1870.98,S06,ZIP,0.0
1870.98,S07,SHVR,0.0
1931.60,B00,ZIP,0.0
1931.60,B01,SHVR,0.0
1931.60,B02,ZIC,0.0
1931.60,B03,GVWY,0.0
1931.60,B04,RL,78.0
1931.60,B05,SHVR,94.0
1931.60,B06,GVWY,248.0
1931.60,B07,ZIC,769.0
1931.60,B08,GA,1105.0
1931.60,B09,ZIP,2137.0
1931.60,S00,SHVR,2345.0
1931.60,S01,ZIC,1685.0
1931.60,S02,ZIC,1076.0
1931.60,S03,ZIP,825.0
1931.60,S04,GVWY,79.0
1931.60,S05,GVWY,0.0
1931.60,S06,ZIP,0.0
1931.60,S07,SHVR,0.0
1991.82,B00,ZIP,0.0
1991.82,B01,SHVR,0.0
1991.82,B02,ZIC,0.0
1991.82,B03,GVWY,0.0
1991.82,B04,RL,81.0
1991.82,B05,SHVR,96.0
1991.82,B06,GVWY,263.0
1991.82,B07,ZIC,790.0
1991.82,B08,GA,1131.0
1991.82,B09,ZIP,2248.0
1991.82,S00,SHVR,2440.0
1991.82,S01,ZIC,1713.0
1991.82,S02,ZIC,1129.0
1991.82,S03,ZIP,836.0
1991.82,S04,GVWY,79.0
1991.82,S05,GVWY,0.0
1991.82,S06,ZIP,0.0
1991.82,S07,SHVR,0.0
2052.35,B00,ZIP,0.0
2052.35,B01,SHVR,0.0
2052.35,B02,ZIC,0.0
2052.35,B03,GVWY,0.0
2052.35,B04,RL,91.0
2052.35,B05,SHVR,96.0
2052.35,B06,GVWY,277.0
2052.35,B07,ZIC,823.0
2052.35,B08,GA,1191.0
2052.35,B09,ZIP,2317.0
2052.35,S00,SHVR,2480.0
2052.35,S01,ZIC,1788.0
2052.35,S02,ZIC,1149.0
2052.35,S03,ZIP,868.0
2052.35,S04,GVWY,79.0
2052.35,S05,GVWY,0.0
2052.35,S06,ZIP,0.0
2052.35,S07,SHVR,0.0
2112.71,B00,ZIP,0.0
2112.71,B01,SHVR,0.0
2112.71,B02,ZIC,0.0
2112.71,B03,GVWY,0.0
2112.71,B04,RL,91.0
2112.71,B05,SHVR,107.0
2112.71,B06,GVWY,277.0
2112.71,B07,ZIC,867.0
2112.71,B08,GA,1213.0
2112.71,B09,ZIP,2391.0
2112.71,S00,SHVR,2560.0
2112.71,S01,ZIC,1846.0
2112.71,S02,ZIC,1188.0
2112.71,S03,ZIP,898.0
2112.71,S04,GVWY,79.0
2112.71,S05,GVWY,0.0
2112.71,S06,ZIP,0.0
2112.71,S07,SHVR,0.0
2172.89,B00,ZIP,0.0
2172.89,B01,SHVR,0.0
2172.89,B02,ZIC,0.0
2172.89,B03,GVWY,0.0
2172.89,B04,RL,91.0
2172.89,B05,SHVR,113.0
2172.89,B06,GVWY,285.0
2172.89,B07,ZIC,894.0
2172.89,B08,GA,1239.0
2172.89,B09,ZIP,2426.0
2172.89,S00,SHVR,2639.0
2172.89,S01,ZIC,1873.0
2172.89,S02,ZIC,1217.0
2172.89,S03,ZIP,923.0
2172.89,S04,GVWY,79.0
2172.89,S05,GVWY,0.0
2172.89,S06,ZIP,0.0
2172.89,S07,SHVR,0.0
2233.11,B00,ZIP,0.0
2233.11,B01,SHVR,0.0
2233.11,B02,ZIC,0.0
2233.11,B03,GVWY,0.0
2233.11,B04,RL,99.0
2233.11,B05,SHVR,127.0
2233.11,B06,GVWY,293.0
2233.11,B07,ZIC,910.0
2233.11,B08,GA,1271.0
2233.11,B09,ZIP,2505.0
2233.11,S00,SHVR,2700.0
2233.11,S01,ZIC,1915.0
2233.11,S02,ZIC,1250.0
2233.11,S03,ZIP,953.0
2233.11,S04,GVWY,79.0
2233.11,S05,GVWY,0.0
2233.11,S06,ZIP,0.0
2233.11,S07,SHVR,0.0
2293.45,B00,ZIP,0.0
2293.45,B01,SHVR,0.0
2293.45,B02,ZIC,0.0
2293.45,B03,GVWY,0.0
2293.45,B04,RL,107.0
2293.45,B05,SHVR,142.0
2293.45,B06,GVWY,293.0
2293.45,B07,ZIC,926.0
2293.45,B08,GA,1309.0
2293.45,B09,ZIP,2572.0
2293.45,S00,SHVR,2751.0
2293.45,S01,ZIC,1961.0
2293.45,S02,ZIC,1291.0
2293.45,S03,ZIP,985.0
2293.45,S04,GVWY,93.0
2293.45,S05,GVWY,0.0
2293.45,S06,ZIP,0.0
2293.45,S07,SHVR,0.0
2353.78,B00,ZIP,0.0
2353.78,B01,SHVR,0.0
2353.78,B02,ZIC,0.0
2353.78,B03,GVWY,0.0
2353.78,B04,RL,115.0
2353.78,B05,SHVR,142.0
2353.78,B06,GVWY,296.0
2353.78,B07,ZIC,952.0
2353.78,B08,GA,1335.0
2353.78,B09,ZIP,2642.0
2353.78,S00,SHVR,2817.0
2353.78,S01,ZIC,2023.0
2353.78,S02,ZIC,1329.0
2353.78,S03,ZIP,1000.0
2353.78,S04,GVWY,101.0
2353.78,S05,GVWY,0.0
2353.78,S06,ZIP,0.0
2353.78,S07,SHVR,0.0
2413.99,B00,ZIP,0.0
2413.99,B01,SHVR,0.0
2413.99,B02,ZIC,0.0
2413.99,B03,GVWY,0.0
2413.99,B04,RL,123.0
2413.99,B05,SHVR,146.0
2413.99,B06,GVWY,304.0
2413.99,B07,ZIC,966.0
2413.99,B08,GA,1372.0
2413.99,B09,ZIP,2709.0
2413.99,S00,SHVR,2892.0
2413.99,S01,ZIC,2105.0
2413.99,S02,ZIC,1368.0
2413.99,S03,ZIP,1026.0
2413.99,S04,GVWY,101.0
2413.99,S05,GVWY,0.0
2413.99,S06,ZIP,0.0
2413.99,S07,SHVR,0.0
2474.53,B00,ZIP,0.0
2474.53,B01,SHVR,0.0
2474.53,B02,ZIC,0.0
2474.53,B03,GVWY,0.0
2474.53,B04,RL,128.0
2474.53,B05,SHVR,161.0
2474.53,B06,GVWY,304.0
2474.53,B07,ZIC,992.0
2474.53,B08,GA,1398.0
2474.53,B09,ZIP,2822.0
2474.53,S00,SHVR,2946.0
2474.53,S01,ZIC,2150.0
2474.53,S02,ZIC,1418.0
2474.53,S03,ZIP,1060.0
2474.53,S04,GVWY,101.0
2474.53,S05,GVWY,0.0
2474.53,S06,ZIP,0.0
2474.53,S07,SHVR,0.0
2534.72,B00,ZIP,0.0
2534.72,B01,SHVR,0.0
2534.72,B02,ZIC,0.0
2534.72,B03,GVWY,0.0
2534.72,B04,RL,128.0
2534.72,B05,SHVR,177.0
2534.72,B06,GVWY,318.0
2534.72,B07,ZIC,1029.0
2534.72,B08,GA,1411.0
2534.72,B09,ZIP,2857.0
2534.72,S00,SHVR,3012.0
2534.72,S01,ZIC,2165.0
2534.72,S02,ZIC,1437.0
2534.72,S03,ZIP,1090.0
2534.72,S04,GVWY,101.0
2534.72,S05,GVWY,0.0
2534.72,S06,ZIP,0.0
2534.72,S07,SHVR,0.0
2595.08,B00,ZIP,0.0
2595.08,B01,SHVR,0.0
2595.08,B02,ZIC,0.0
2595.08,B03,GVWY,0.0
2595.08,B04,RL,128.0
2595.08,B05,SHVR,177.0
2595.08,B06,GVWY,326.0
2595.08,B07,ZIC,1049.0
2595.08,B08,GA,1449.0
2595.08,B09,ZIP,2936.0
2595.08,S00,SHVR,3048.0
2595.08,S01,ZIC,2205.0
2595.08,S02,ZIC,1437.0
2595.08,S03,ZIP,1119.0
2595.08,S04,GVWY,101.0
2595.08,S05,GVWY,0.0
2595.08,S06,ZIP,0.0
2595.08,S07,SHVR,0.0
2655.58,B00,ZIP,0.0
2655.58,B01,SHVR,0.0
2655.58,B02,ZIC,0.0
2655.58,B03,GVWY,0.0
2655.58,B04,RL,128.0
2655.58,B05,SHVR,188.0
2655.58,B06,GVWY,342.0
2655.58,B07,ZIC,1065.0
2655.58,B08,GA,1488.0
2655.58,B09,ZIP,3003.0
2655.58,S00,SHVR,3139.0
2655.58,S01,ZIC,2282.0
2655.58,S02,ZIC,1467.0
2655.58,S03,ZIP,1129.0
2655.58,S04,GVWY,101.0
2655.58,S05,GVWY,0.0
2655.58,S06,ZIP,0.0
2655.58,S07,SHVR,0.0
2715.69,B00,ZIP,0.0
2715.69,B01,SHVR,0.0
2715.69,B02,ZIC,0.0
2715.69,B03,GVWY,0.0
2715.69,B04,RL,128.0
2715.69,B05,SHVR,188.0
2715.69,B06,GVWY,358.0
2715.69,B07,ZIC,1081.0
2715.69,B08,GA,1535.0
2715.69,B09,ZIP,3083.0
2715.69,S00,SHVR,3189.0
2715.69,S01,ZIC,2297.0
2715.69,S02,ZIC,1515.0
2715.69,S03,ZIP,1150.0
2715.69,S04,GVWY,101.0
2715.69,S05,GVWY,0.0
2715.69,S06,ZIP,0.0
2715.69,S07,SHVR,0.0
2775.69,B00,ZIP,0.0
2775.69,B01,SHVR,0.0
2775.69,B02,ZIC,0.0
2775.69,B03,GVWY,0.0
2775.69,B04,RL,128.0
2775.69,B05,SHVR,188.0
2775.69,B06,GVWY,371.0
2775.69,B07,ZIC,1113.0
2775.69,B08,GA,1548.0
2775.69,B09,ZIP,3202.0
2775.69,S00,SHVR,3301.0
2775.69,S01,ZIC,2322.0
2775.69,S02,ZIC,1558.0
2775.69,S03,ZIP,1176.0
2775.69,S04,GVWY,101.0
2775.69,S05,GVWY,0.0
2775.69,S06,ZIP,0.0
2775.69,S07,SHVR,0.0
2836.11,B00,ZIP,0.0
2836.11,B01,SHVR,0.0
2836.11,B02,ZIC,0.0
2836.11,B03,GVWY,0.0
2836.11,B04,RL,128.0
2836.11,B05,SHVR,202.0
2836.11,B06,GVWY,379.0
2836.11,B07,ZIC,1134.0
2836.11,B08,GA,1596.0
2836.11,B09,ZIP,3237.0
2836.11,S00,SHVR,3367.0
2836.11,S01,ZIC,2352.0
2836.11,S02,ZIC,1612.0
2836.11,S03,ZIP,1186.0
2836.11,S04,GVWY,101.0
2836.11,S05,GVWY,0.0
2836.11,S06,ZIP,0.0
2836.11,S07,SHVR,0.0
2896.63,B00,ZIP,0.0
2896.63,B01,SHVR,0.0
2896.63,B02,ZIC,0.0
2896.63,B03,GVWY,0.0
2896.63,B04,RL,128.0
2896.63,B05,SHVR,217.0
2896.63,B06,GVWY,379.0
2896.63,B07,ZIC,1156.0
2896.63,B08,GA,1669.0
2896.63,B09,ZIP,3313.0
2896.63,S00,SHVR,3392.0
2896.63,S01,ZIC,2422.0
2896.63,S02,ZIC,1636.0
2896.63,S03,ZIP,1222.0
2896.63,S04,GVWY,101.0
2896.63,S05,GVWY,0.0
2896.63,S06,ZIP,0.0
2896.63,S07,SHVR,0.0
2956.75,B00,ZIP,0.0
2956.75,B01,SHVR,0.0
2956.75,B02,ZIC,0.0
2956.75,B03,GVWY,0.0
2956.75,B04,RL,136.0
2956.75,B05,SHVR,219.0
2956.75,B06,GVWY,390.0
2956.75,B07,ZIC,1177.0
2956.75,B08,GA,1682.0
2956.75,B09,ZIP,3384.0
2956.75,S00,SHVR,3471.0
2956.75,S01,ZIC,2460.0
2956.75,S02,ZIC,1674.0
2956.75,S03,ZIP,1247.0
2956.75,S04,GVWY,101.0
2956.75,S05,GVWY,0.0
2956.75,S06,ZIP,0.0
2956.75,S07,SHVR,0.0
3017.32,B00,ZIP,0.0
3017.32,B01,SHVR,0.0
3017.32,B02,ZIC,0.0
3017.32,B03,GVWY,0.0
3017.32,B04,RL,136.0
3017.32,B05,SHVR,221.0
3017.32,B06,GVWY,390.0
3017.32,B07,ZIC,1198.0
3017.32,B08,GA,1714.0
3017.32,B09,ZIP,3448.0
3017.32,S00,SHVR,3540.0
3017.32,S01,ZIC,2531.0
3017.32,S02,ZIC,1695.0
3017.32,S03,ZIP,1269.0
3017.32,S04,GVWY,109.0
3017.32,S05,GVWY,0.0
3017.32,S06,ZIP,0.0
3017.32,S07,SHVR,0.0
3077.92,B00,ZIP,0.0
3077.92,B01,SHVR,0.0
3077.92,B02,ZIC,0.0
3077.92,B03,GVWY,0.0
3077.92,B04,RL,136.0
3077.92,B05,SHVR,221.0
3077.92,B06,GVWY,391.0
3077.92,B07,ZIC,1214.0
3077.92,B08,GA,1769.0
3077.92,B09,ZIP,3477.0
3077.92,S00,SHVR,3615.0
3077.92,S01,ZIC,2562.0
3077.92,S02,ZIC,1745.0
3077.92,S03,ZIP,1320.0
3077.92,S04,GVWY,113.0
3077.92,S05,GVWY,0.0
3077.92,S06,ZIP,0.0
3077.92,S07,SHVR,0.0
3137.97,B00,ZIP,0.0
3137.97,B01,SHVR,0.0
3137.97,B02,ZIC,0.0
3137.97,B03,GVWY,0.0
3137.97,B04,RL,152.0
3137.97,B05,SHVR,222.0
3137.97,B06,GVWY,403.0
3137.97,B07,ZIC,1235.0
3137.97,B08,GA,1795.0
3137.97,B09,ZIP,3545.0
3137.97,S00,SHVR,3681.0
3137.97,S01,ZIC,2638.0
3137.97,S02,ZIC,1765.0
3137.97,S03,ZIP,1334.0
3137.97,S04,GVWY,113.0
3137.97,S05,GVWY,0.0
3137.97,S06,ZIP,0.0
3137.97,S07,SHVR,0.0
3198.57,B00,ZIP,0.0
3198.57,B01,SHVR,0.0
3198.57,B02,ZIC,0.0
3198.57,B03,GVWY,0.0
3198.57,B04,RL,160.0
3198.57,B05,SHVR,222.0
3198.57,B06,GVWY,412.0
3198.57,B07,ZIC,1267.0
3198.57,B08,GA,1820.0
3198.57,B09,ZIP,3648.0
3198.57,S00,SHVR,3747.0
3198.57,S01,ZIC,2700.0
3198.57,S02,ZIC,1804.0
3198.57,S03,ZIP,1352.0
3198.57,S04,GVWY,113.0
3198.57,S05,GVWY,0.0
3198.57,S06,ZIP,0.0
3198.57,S07,SHVR,0.0
3258.81,B00,ZIP,0.0
3258.81,B01,SHVR,0.0
3258.81,B02,ZIC,0.0
3258.81,B03,GVWY,0.0
3258.81,B04,RL,172.0
3258.81,B05,SHVR,249.0
3258.81,B06,GVWY,420.0
3258.81,B07,ZIC,1277.0
3258.81,B08,GA,1857.0
3258.81,B09,ZIP,3723.0
3258.81,S00,SHVR,3823.0
3258.81,S01,ZIC,2731.0
3258.81,S02,ZIC,1848.0
3258.81,S03,ZIP,1367.0
3258.81,S04,GVWY,113.0
3258.81,S05,GVWY,0.0
3258.81,S06,ZIP,0.0
3258.81,S07,SHVR,0.0
3319.36,B00,ZIP,0.0
3319.36,B01,SHVR,0.0
3319.36,B02,ZIC,0.0
3319.36,B03,GVWY,0.0
3319.36,B04,RL,180.0
3319.36,B05,SHVR,260.0
3319.36,B06,GVWY,428.0
3319.36,B07,ZIC,1298.0
3319.36,B08,GA,1914.0
3319.36,B09,ZIP,3755.0
3319.36,S00,SHVR,3853.0
3319.36,S01,ZIC,2779.0
3319.36,S02,ZIC,1881.0
3319.36,S03,ZIP,1391.0
3319.36,S04,GVWY,113.0
3319.36,S05,GVWY,0.0
3319.36,S06,ZIP,0.0
3319.36,S07,SHVR,0.0
3379.77,B00,ZIP,0.0
3379.77,B01,SHVR,0.0
3379.77,B02,ZIC,0.0
3379.77,B03,GVWY,0.0
3379.77,B04,RL,180.0
3379.77,B05,SHVR,268.0
3379.77,B06,GVWY,448.0
3379.77,B07,ZIC,1314.0
3379.77,B08,GA,1938.0
3379.77,B09,ZIP,3867.0
3379.77,S00,SHVR,3929.0
3379.77,S01,ZIC,2833.0
3379.77,S02,ZIC,1897.0
3379.77,S03,ZIP,1407.0
3379.77,S04,GVWY,113.0
3379.77,S05,GVWY,0.0
3379.77,S06,ZIP,0.0
3379.77,S07,SHVR,0.0
3440.31,B00,ZIP,0.0
3440.31,B01,SHVR,0.0
3440.31,B02,ZIC,0.0
3440.31,B03,GVWY,0.0
3440.31,B04,RL,180.0
3440.31,B05,SHVR,271.0
3440.31,B06,GVWY,458.0
3440.31,B07,ZIC,1340.0
3440.31,B08,GA,1982.0
3440.31,B09,ZIP,3909.0
3440.31,S00,SHVR,3979.0
3440.31,S01,ZIC,2884.0
3440.31,S02,ZIC,1963.0
3440.31,S03,ZIP,1415.0
3440.31,S04,GVWY,113.0
3440.31,S05,GVWY,0.0
3440.31,S06,ZIP,0.0
3440.31,S07,SHVR,0.0
3500.50,B00,ZIP,0.0
3500.50,B01,SHVR,0.0
3500.50,B02,ZIC,0.0
3500.50,B03,GVWY,0.0
3500.50,B04,RL,180.0
3500.50,B05,SHVR,271.0
3500.50,B06,GVWY,466.0
3500.50,B07,ZIC,1356.0
3500.50,B08,GA,2019.0
3500.50,B09,ZIP,4016.0
3500.50,S00,SHVR,4056.0
3500.50,S01,ZIC,2915.0
3500.50,S02,ZIC,2003.0
3500.50,S03,ZIP,1435.0
3500.50,S04,GVWY,113.0
3500.50,S05,GVWY,0.0
3500.50,S06,ZIP,0.0
3500.50,S07,SHVR,0.0
3560.67,B00,ZIP,0.0
3560.67,B01,SHVR,0.0
3560.67,B02,ZIC,0.0
3560.67,B03,GVWY,0.0
3560.67,B04,RL,186.0
3560.67,B05,SHVR,277.0
3560.67,B06,GVWY,489.0
3560.67,B07,ZIC,1377.0
3560.67,B08,GA,2057.0
3560.67,B09,ZIP,4088.0
3560.67,S00,SHVR,4116.0
3560.67,S01,ZIC,2978.0
3560.67,S02,ZIC,2052.0
3560.67,S03,ZIP,1465.0
3560.67,S04,GVWY,113.0
3560.67,S05,GVWY,0.0
3560.67,S06,ZIP,0.0
3560.67,S07,SHVR,0.0
3620.88,B00,ZIP,0.0
3620.88,B01,SHVR,0.0
3620.88,B02,ZIC,0.0
3620.88,B03,GVWY,0.0
3620.88,B04,RL,192.0
3620.88,B05,SHVR,277.0
3620.88,B06,GVWY,502.0
3620.88,B07,ZIC,1406.0
3620.88,B08,GA,2094.0
3620.88,B09,ZIP,4122.0
3620.88,S00,SHVR,4187.0
3620.88,S01,ZIC,3029.0
3620.88,S02,ZIC,2052.0
3620.88,S03,ZIP,1491.0
3620.88,S04,GVWY,113.0
3620.88,S05,GVWY,0.0
3620.88,S06,ZIP,0.0
3620.88,S07,SHVR,0.0
3681.23,B00,ZIP,0.0
3681.23,B01,SHVR,0.0
3681.23,B02,ZIC,0.0
3681.23,B03,GVWY,0.0
3681.23,B04,RL,207.0
3681.23,B05,SHVR,280.0
3681.23,B06,GVWY,502.0
3681.23,B07,ZIC,1427.0
3681.23,B08,GA,2129.0
3681.23,B09,ZIP,4183.0
3681.23,S00,SHVR,4243.0
3681.23,S01,ZIC,3135.0
3681.23,S02,ZIC,2103.0
3681.23,S03,ZIP,1503.0
3681.23,S04,GVWY,121.0
3681.23,S05,GVWY,0.0
3681.23,S06,ZIP,0.0
3681.23,S07,SHVR,0.0
3741.68,B00,ZIP,0.0
3741.68,B01,SHVR,0.0
3741.68,B02,ZIC,0.0
3741.68,B03,GVWY,0.0
3741.68,B04,RL,207.0
3741.68,B05,SHVR,280.0
3741.68,B06,GVWY,510.0
3741.68,B07,ZIC,1445.0
3741.68,B08,GA,2150.0
3741.68,B09,ZIP,4284.0
3741.68,S00,SHVR,4325.0
3741.68,S01,ZIC,3181.0
3741.68,S02,ZIC,2132.0
3741.68,S03,ZIP,1529.0
3741.68,S04,GVWY,121.0
3741.68,S05,GVWY,0.0
3741.68,S06,ZIP,0.0
3741.68,S07,SHVR,0.0
3801.88,B00,ZIP,0.0
3801.88,B01,SHVR,0.0
3801.88,B02,ZIC,0.0
3801.88,B03,GVWY,0.0
3801.88,B04,RL,207.0
3801.88,B05,SHVR,280.0
3801.88,B06,GVWY,513.0
3801.88,B07,ZIC,1468.0
3801.88,B08,GA,2200.0
3801.88,B09,ZIP,4349.0
3801.88,S00,SHVR,4366.0
3801.88,S01,ZIC,3236.0
3801.88,S02,ZIC,2195.0
3801.88,S03,ZIP,1559.0
3801.88,S04,GVWY,125.0
3801.88,S05,GVWY,0.0
3801.88,S06,ZIP,0.0
3801.88,S07,SHVR,0.0
3862.20,B00,ZIP,0.0
3862.20,B01,SHVR,0.0
3862.20,B02,ZIC,0.0
3862.20,B03,GVWY,0.0
3862.20,B04,RL,207.0
3862.20,B05,SHVR,283.0
3862.20,B06,GVWY,515.0
3862.20,B07,ZIC,1503.0
3862.20,B08,GA,2237.0
3862.20,B09,ZIP,4349.0
3862.20,S00,SHVR,4432.0
3862.20,S01,ZIC,3279.0
3862.20,S02,ZIC,2212.0
3862.20,S03,ZIP,1591.0
3862.20,S04,GVWY,125.0
3862.20,S05,GVWY,0.0
3862.20,S06,ZIP,0.0
3862.20,S07,SHVR,0.0
3922.69,B00,ZIP,0.0
3922.69,B01,SHVR,0.0
3922.69,B02,ZIC,0.0
3922.69,B03,GVWY,0.0
3922.69,B04,RL,212.0
3922.69,B05,SHVR,283.0
3922.69,B06,GVWY,532.0
3922.69,B07,ZIC,1519.0
3922.69,B08,GA,2259.0
3922.69,B09,ZIP,4451.0
3922.69,S00,SHVR,4515.0
3922.69,S01,ZIC,3328.0
3922.69,S02,ZIC,2251.0
3922.69,S03,ZIP,1612.0
3922.69,S04,GVWY,125.0
3922.69,S05,GVWY,0.0
3922.69,S06,ZIP,0.0
3922.69,S07,SHVR,0.0
3983.29,B00,ZIP,0.0
3983.29,B01,SHVR,0.0
3983.29,B02,ZIC,0.0
3983.29,B03,GVWY,0.0
3983.29,B04,RL,212.0
3983.29,B05,SHVR,312.0
3983.29,B06,GVWY,542.0
3983.29,B07,ZIC,1529.0
3983.29,B08,GA,2310.0
3983.29,B09,ZIP,4528.0
3983.29,S00,SHVR,4609.0
3983.29,S01,ZIC,3368.0
3983.29,S02,ZIC,2282.0
3983.29,S03,ZIP,1620.0
3983.29,S04,GVWY,125.0
3983.29,S05,GVWY,10.0
3983.29,S06,ZIP,0.0
3983.29,S07,SHVR,0.0
4043.48,B00,ZIP,0.0
4043.48,B01,SHVR,0.0
4043.48,B02,ZIC,0.0
4043.48,B03,GVWY,0.0
4043.48,B04,RL,217.0
4043.48,B05,SHVR,312.0
4043.48,B06,GVWY,559.0
4043.48,B07,ZIC,1562.0
4043.48,B08,GA,2356.0
4043.48,B09,ZIP,4603.0
4043.48,S00,SHVR,4634.0
4043.48,S01,ZIC,3426.0
4043.48,S02,ZIC,2335.0
4043.48,S03,ZIP,1660.0
4043.48,S04,GVWY,125.0
4043.48,S05,GVWY,10.0
4043.48,S06,ZIP,0.0
4043.48,S07,SHVR,0.0
4103.73,B00,ZIP,0.0
4103.73,B01,SHVR,0.0
4103.73,B02,ZIC,0.0
4103.73,B03,GVWY,0.0
4103.73,B04,RL,217.0
4103.73,B05,SHVR,322.0
4103.73,B06,GVWY,559.0
4103.73,B07,ZIC,1594.0
4103.73,B08,GA,2369.0
4103.73,B09,ZIP,4603.0
4103.73,S00,SHVR,4715.0
4103.73,S01,ZIC,3472.0
4103.73,S02,ZIC,2335.0
4103.73,S03,ZIP,1660.0
4103.73,S04,GVWY,125.0
4103.73,S05,GVWY,10.0
4103.73,S06,ZIP,0.0
4103.73,S07,SHVR,0.0
4164.30,B00,ZIP,0.0
4164.30,B01,SHVR,0.0
4164.30,B02,ZIC,0.0
4164.30,B03,GVWY,0.0
4164.30,B04,RL,217.0
4164.30,B05,SHVR,322.0
4164.30,B06,GVWY,562.0
4164.30,B07,ZIC,1604.0
4164.30,B08,GA,2415.0
4164.30,B09,ZIP,4736.0
4164.30,S00,SHVR,4806.0
4164.30,S01,ZIC,3536.0
4164.30,S02,ZIC,2373.0
4164.30,S03,ZIP,1687.0
4164.30,S04,GVWY,127.0
4164.30,S05,GVWY,10.0
4164.30,S06,ZIP,0.0
4164.30,S07,SHVR,0.0
4224.30,B00,ZIP,0.0
4224.30,B01,SHVR,0.0
4224.30,B02,ZIC,0.0
4224.30,B03,GVWY,0.0
4224.30,B04,RL,222.0
4224.30,B05,SHVR,322.0
4224.30,B06,GVWY,571.0
4224.30,B07,ZIC,1636.0
4224.30,B08,GA,2447.0
4224.30,B09,ZIP,4805.0
4224.30,S00,SHVR,4888.0
4224.30,S01,ZIC,3536.0
4224.30,S02,ZIC,2419.0
4224.30,S03,ZIP,1729.0
4224.30,S04,GVWY,127.0
4224.30,S05,GVWY,10.0
4224.30,S06,ZIP,0.0
4224.30,S07,SHVR,0.0
4284.74,B00,ZIP,0.0
4284.74,B01,SHVR,0.0
4284.74,B02,ZIC,0.0
4284.74,B03,GVWY,0.0
4284.74,B04,RL,228.0
4284.74,B05,SHVR,327.0
4284.74,B06,GVWY,583.0
4284.74,B07,ZIC,1658.0
4284.74,B08,GA,2484.0
4284.74,B09,ZIP,4882.0
4284.74,S00,SHVR,4954.0
4284.74,S01,ZIC,3610.0
4284.74,S02,ZIC,2453.0
4284.74,S03,ZIP,1752.0
4284.74,S04,GVWY,127.0
4284.74,S05,GVWY,10.0
4284.74,S06,ZIP,0.0
4284.74,S07,SHVR,0.0
4345.23,B00,ZIP,0.0
4345.23,B01,SHVR,0.0
4345.23,B02,ZIC,0.0
4345.23,B03,GVWY,0.0
4345.23,B04,RL,228.0
4345.23,B05,SHVR,334.0
4345.23,B06,GVWY,597.0
4345.23,B07,ZIC,1674.0
4345.23,B08,GA,2512.0
4345.23,B09,ZIP,4951.0
4345.23,S00,SHVR,5028.0
4345.23,S01,ZIC,3656.0
4345.23,S02,ZIC,2457.0
4345.23,S03,ZIP,1773.0
4345.23,S04,GVWY,127.0
4345.23,S05,GVWY,21.0
4345.23,S06,ZIP,0.0
4345.23,S07,SHVR,0.0
4405.61,B00,ZIP,0.0
4405.61,B01,SHVR,0.0
4405.61,B02,ZIC,0.0
4405.61,B03,GVWY,0.0
4405.61,B04,RL,233.0
4405.61,B05,SHVR,340.0
4405.61,B06,GVWY,613.0
4405.61,B07,ZIC,1715.0
4405.61,B08,GA,2525.0
4405.61,B09,ZIP,4988.0
4405.61,S00,SHVR,5103.0
4405.61,S01,ZIC,3696.0
4405.61,S02,ZIC,2481.0
4405.61,S03,ZIP,1792.0
4405.61,S04,GVWY,127.0
4405.61,S05,GVWY,21.0
4405.61,S06,ZIP,0.0
4405.61,S07,SHVR,0.0
4465.90,B00,ZIP,0.0
4465.90,B01,SHVR,0.0
4465.90,B02,ZIC,0.0
4465.90,B03,GVWY,0.0
4465.90,B04,RL,233.0
4465.90,B05,SHVR,340.0
4465.90,B06,GVWY,613.0
4465.90,B07,ZIC,1725.0
4465.90,B08,GA,2573.0
4465.90,B09,ZIP,5089.0
4465.90,S00,SHVR,5183.0
4465.90,S01,ZIC,3758.0
4465.90,S02,ZIC,2524.0
4465.90,S03,ZIP,1812.0
4465.90,S04,GVWY,143.0
4465.90,S05,GVWY,21.0
4465.90,S06,ZIP,0.0
4465.90,S07,SHVR,0.0
4526.36,B00,ZIP,0.0
4526.36,B01,SHVR,0.0
4526.36,B02,ZIC,0.0
4526.36,B03,GVWY,0.0
4526.36,B04,RL,238.0
4526.36,B05,SHVR,340.0
4526.36,B06,GVWY,621.0
4526.36,B07,ZIC,1743.0
4526.36,B08,GA,2593.0
4526.36,B09,ZIP,5124.0
4526.36,S00,SHVR,5264.0
4526.36,S01,ZIC,3773.0
4526.36,S02,ZIC,2535.0
4526.36,S03,ZIP,1839.0
4526.36,S04,GVWY,151.0
4526.36,S05,GVWY,21.0
4526.36,S06,ZIP,0.0
4526.36,S07,SHVR,0.0
4586.65,B00,ZIP,0.0
4586.65,B01,SHVR,0.0
4586.65,B02,ZIC,0.0
4586.65,B03,GVWY,0.0
4586.65,B04,RL,238.0
4586.65,B05,SHVR,340.0
4586.65,B06,GVWY,624.0
4586.65,B07,ZIC,1758.0
4586.65,B08,GA,2637.0
4586.65,B09,ZIP,5186.0
4586.65,S00,SHVR,5335.0
4586.65,S01,ZIC,3875.0
4586.65,S02,ZIC,2555.0
4586.65,S03,ZIP,1872.0
4586.65,S04,GVWY,151.0
4586.65,S05,GVWY,21.0
4586.65,S06,ZIP,0.0
4586.65,S07,SHVR,0.0
4646.80,B00,ZIP,0.0
4646.80,B01,SHVR,0.0
4646.80,B02,ZIC,0.0
4646.80,B03,GVWY,0.0
4646.80,B04,RL,238.0
4646.80,B05,SHVR,340.0
4646.80,B06,GVWY,624.0
4646.80,B07,ZIC,1790.0
4646.80,B08,GA,2674.0
4646.80,B09,ZIP,5281.0
4646.80,S00,SHVR,5428.0
4646.80,S01,ZIC,3916.0
4646.80,S02,ZIC,2617.0
4646.80,S03,ZIP,1907.0
4646.80,S04,GVWY,153.0
4646.80,S05,GVWY,21.0
4646.80,S06,ZIP,0.0
4646.80,S07,SHVR,0.0
4707.39,B00,ZIP,0.0
4707.39,B01,SHVR,0.0
4707.39,B02,ZIC,0.0
4707.39,B03,GVWY,0.0
4707.39,B04,RL,238.0
4707.39,B05,SHVR,351.0
4707.39,B06,GVWY,639.0
4707.39,B07,ZIC,1810.0
4707.39,B08,GA,2687.0
4707.39,B09,ZIP,5364.0
4707.39,S00,SHVR,5487.0
4707.39,S01,ZIC,3990.0
4707.39,S02,ZIC,2639.0
4707.39,S03,ZIP,1918.0
4707.39,S04,GVWY,153.0
4707.39,S05,GVWY,21.0
4707.39,S06,ZIP,0.0
4707.39,S07,SHVR,0.0
4767.47,B00,ZIP,0.0
4767.47,B01,SHVR,0.0
4767.47,B02,ZIC,0.0
4767.47,B03,GVWY,0.0
4767.47,B04,RL,238.0
4767.47,B05,SHVR,366.0
4767.47,B06,GVWY,647.0
4767.47,B07,ZIC,1810.0
4767.47,B08,GA,2757.0
4767.47,B09,ZIP,5406.0
4767.47,S00,SHVR,5512.0
4767.47,S01,ZIC,4017.0
4767.47,S02,ZIC,2660.0
4767.47,S03,ZIP,1949.0
4767.47,S04,GVWY,153.0
4767.47,S05,GVWY,21.0
4767.47,S06,ZIP,0.0
4767.47,S07,SHVR,0.0
4828.08,B00,ZIP,0.0
4828.08,B01,SHVR,0.0
4828.08,B02,ZIC,0.0
4828.08,B03,GVWY,0.0
4828.08,B04,RL,238.0
4828.08,B05,SHVR,366.0
4828.08,B06,GVWY,647.0
4828.08,B07,ZIC,1873.0
4828.08,B08,GA,2788.0
4828.08,B09,ZIP,5477.0
4828.08,S00,SHVR,5617.0
4828.08,S01,ZIC,4081.0
4828.08,S02,ZIC,2694.0
4828.08,S03,ZIP,1961.0
4828.08,S04,GVWY,169.0
4828.08,S05,GVWY,21.0
4828.08,S06,ZIP,0.0
4828.08,S07,SHVR,0.0
4888.40,B00,ZIP,0.0
4888.40,B01,SHVR,0.0
4888.40,B02,ZIC,0.0
4888.40,B03,GVWY,0.0
4888.40,B04,RL,238.0
4888.40,B05,SHVR,369.0
4888.40,B06,GVWY,655.0
4888.40,B07,ZIC,1883.0
4888.40,B08,GA,2821.0
4888.40,B09,ZIP,5545.0
4888.40,S00,SHVR,5682.0
4888.40,S01,ZIC,4171.0
4888.40,S02,ZIC,2727.0
4888.40,S03,ZIP,1993.0
4888.40,S04,GVWY,169.0
4888.40,S05,GVWY,21.0
4888.40,S06,ZIP,0.0
4888.40,S07,SHVR,0.0
4948.70,B00,ZIP,0.0
4948.70,B01,SHVR,0.0
4948.70,B02,ZIC,0.0
4948.70,B03,GVWY,0.0
4948.70,B04,RL,243.0
4948.70,B05,SHVR,369.0
4948.70,B06,GVWY,663.0
4948.70,B07,ZIC,1896.0
4948.70,B08,GA,2867.0
4948.70,B09,ZIP,5622.0
4948.70,S00,SHVR,5715.0
4948.70,S01,ZIC,4202.0
4948.70,S02,ZIC,2753.0
4948.70,S03,ZIP,2028.0
4948.70,S04,GVWY,169.0
4948.70,S05,GVWY,21.0
4948.70,S06,ZIP,0.0
4948.70,S07,SHVR,0.0
5008.82,B00,ZIP,0.0
5008.82,B01,SHVR,0.0
5008.82,B02,ZIC,0.0
5008.82,B03,GVWY,0.0
5008.82,B04,RL,243.0
5008.82,B05,SHVR,371.0
5008.82,B06,GVWY,671.0
5008.82,B07,ZIC,1928.0
5008.82,B08,GA,2898.0
5008.82,B09,ZIP,5687.0
5008.82,S00,SHVR,5787.0
5008.82,S01,ZIC,4257.0
5008.82,S02,ZIC,2775.0
5008.82,S03,ZIP,2053.0
5008.82,S04,GVWY,177.0
5008.82,S05,GVWY,21.0
5008.82,S06,ZIP,0.0
5008.82,S07,SHVR,0.0
5068.95,B00,ZIP,0.0
5068.95,B01,SHVR,0.0
5068.95,B02,ZIC,0.0
5068.95,B03,GVWY,0.0
5068.95,B04,RL,246.0
5068.95,B05,SHVR,371.0
5068.95,B06,GVWY,671.0
5068.95,B07,ZIC,1943.0
5068.95,B08,GA,2911.0
5068.95,B09,ZIP,5750.0
5068.95,S00,SHVR,5863.0
5068.95,S01,ZIC,4291.0
5068.95,S02,ZIC,2815.0
5068.95,S03,ZIP,2071.0
5068.95,S04,GVWY,178.0
5068.95,S05,GVWY,21.0
5068.95,S06,ZIP,0.0
5068.95,S07,SHVR,0.0
5129.39,B00,ZIP,0.0
5129.39,B01,SHVR,0.0
5129.39,B02,ZIC,0.0
5129.39,B03,GVWY,0.0
5129.39,B04,RL,249.0
5129.39,B05,SHVR,392.0
5129.39,B06,GVWY,671.0
5129.39,B07,ZIC,1951.0
5129.39,B08,GA,2948.0
5129.39,B09,ZIP,5816.0
5129.39,S00,SHVR,5951.0
5129.39,S01,ZIC,4376.0
5129.39,S02,ZIC,2845.0
5129.39,S03,ZIP,2107.0
5129.39,S04,GVWY,178.0
5129.39,S05,GVWY,21.0
5129.39,S06,ZIP,0.0
5129.39,S07,SHVR,0.0
5189.78,B00,ZIP,0.0
5189.78,B01,SHVR,0.0
5189.78,B02,ZIC,0.0
5189.78,B03,GVWY,0.0
5189.78,B04,RL,256.0
5189.78,B05,SHVR,392.0
5189.78,B06,GVWY,686.0
5189.78,B07,ZIC,1980.0
5189.78,B08,GA,2985.0
5189.78,B09,ZIP,5884.0
5189.78,S00,SHVR,6033.0
5189.78,S01,ZIC,4447.0
5189.78,S02,ZIC,2870.0
5189.78,S03,ZIP,2131.0
5189.78,S04,GVWY,178.0
5189.78,S05,GVWY,21.0
5189.78,S06,ZIP,0.0
5189.78,S07,SHVR,0.0
5249.86,B00,ZIP,0.0
5249.86,B01,SHVR,0.0
5249.86,B02,ZIC,0.0
5249.86,B03,GVWY,0.0
5249.86,B04,RL,256.0
5249.86,B05,SHVR,392.0
5249.86,B06,GVWY,701.0
5249.86,B07,ZIC,2013.0
5249.86,B08,GA,3022.0
5249.86,B09,ZIP,5957.0
5249.86,S00,SHVR,6058.0
5249.86,S01,ZIC,4504.0
5249.86,S02,ZIC,2910.0
5249.86,S03,ZIP,2152.0
5249.86,S04,GVWY,178.0
5249.86,S05,GVWY,21.0
5249.86,S06,ZIP,0.0
5249.86,S07,SHVR,0.0
5309.98,B00,ZIP,0.0
5309.98,B01,SHVR,0.0
5309.98,B02,ZIC,0.0
5309.98,B03,GVWY,0.0
5309.98,B04,RL,256.0
5309.98,B05,SHVR,392.0
5309.98,B06,GVWY,709.0
5309.98,B07,ZIC,2046.0
5309.98,B08,GA,3083.0
5309.98,B09,ZIP,6032.0
5309.98,S00,SHVR,6140.0
5309.98,S01,ZIC,4561.0
5309.98,S02,ZIC,2948.0
5309.98,S03,ZIP,2172.0
5309.98,S04,GVWY,178.0
5309.98,S05,GVWY,21.0
5309.98,S06,ZIP,0.0
5309.98,S07,SHVR,0.0
5370.43,B00,ZIP,0.0
5370.43,B01,SHVR,0.0
5370.43,B02,ZIC,0.0
5370.43,B03,GVWY,0.0
5370.43,B04,RL,261.0
5370.43,B05,SHVR,403.0
5370.43,B06,GVWY,725.0
5370.43,B07,ZIC,2064.0
5370.43,B08,GA,3108.0
5370.43,B09,ZIP,6114.0
5370.43,S00,SHVR,6210.0
5370.43,S01,ZIC,4585.0
5370.43,S02,ZIC,2969.0
5370.43,S03,ZIP,2194.0
5370.43,S04,GVWY,178.0
5370.43,S05,GVWY,21.0
5370.43,S06,ZIP,0.0
5370.43,S07,SHVR,0.0
5430.70,B00,ZIP,0.0
5430.70,B01,SHVR,0.0
5430.70,B02,ZIC,0.0
5430.70,B03,GVWY,0.0
5430.70,B04,RL,261.0
5430.70,B05,SHVR,404.0
5430.70,B06,GVWY,739.0
5430.70,B07,ZIC,2080.0
5430.70,B08,GA,3141.0
5430.70,B09,ZIP,6152.0
5430.70,S00,SHVR,6260.0
5430.70,S01,ZIC,4655.0
5430.70,S02,ZIC,3005.0
5430.70,S03,ZIP,2220.0
5430.70,S04,GVWY,178.0
5430.70,S05,GVWY,21.0
5430.70,S06,ZIP,0.0
5430.70,S07,SHVR,0.0
5490.77,B00,ZIP,0.0
5490.77,B01,SHVR,0.0
5490.77,B02,ZIC,0.0
5490.77,B03,GVWY,0.0
5490.77,B04,RL,276.0
5490.77,B05,SHVR,404.0
5490.77,B06,GVWY,747.0
5490.77,B07,ZIC,2098.0
5490.77,B08,GA,3156.0
5490.77,B09,ZIP,6252.0
5490.77,S00,SHVR,6340.0
5490.77,S01,ZIC,4709.0
5490.77,S02,ZIC,3047.0
5490.77,S03,ZIP,2238.0
5490.77,S04,GVWY,179.0
5490.77,S05,GVWY,21.0
5490.77,S06,ZIP,0.0
5490.77,S07,SHVR,0.0
5550.80,B00,ZIP,0.0
5550.80,B01,SHVR,0.0
5550.80,B02,ZIC,0.0
5550.80,B03,GVWY,0.0
5550.80,B04,RL,286.0
5550.80,B05,SHVR,404.0
5550.80,B06,GVWY,755.0
5550.80,B07,ZIC,2121.0
5550.80,B08,GA,3193.0
5550.80,B09,ZIP,6252.0
5550.80,S00,SHVR,6406.0
5550.80,S01,ZIC,4727.0
5550.80,S02,ZIC,3084.0
5550.80,S03,ZIP,2275.0
5550.80,S04,GVWY,179.0
5550.80,S05,GVWY,21.0
5550.80,S06,ZIP,0.0
5550.80,S07,SHVR,0.0
5610.93,B00,ZIP,0.0
5610.93,B01,SHVR,0.0
5610.93,B02,ZIC,0.0
5610.93,B03,GVWY,0.0
5610.93,B04,RL,291.0
5610.93,B05,SHVR,413.0
5610.93,B06,GVWY,768.0
5610.93,B07,ZIC,2138.0
5610.93,B08,GA,3219.0
5610.93,B09,ZIP,6384.0
5610.93,S00,SHVR,6479.0
5610.93,S01,ZIC,4823.0
5610.93,S02,ZIC,3111.0
5610.93,S03,ZIP,2303.0
5610.93,S04,GVWY,179.0
5610.93,S05,GVWY,21.0
5610.93,S06,ZIP,0.0
5610.93,S07,SHVR,0.0
5671.52,B00,ZIP,0.0
5671.52,B01,SHVR,0.0
5671.52,B02,ZIC,0.0
5671.52,B03,GVWY,0.0
5671.52,B04,RL,296.0
5671.52,B05,SHVR,421.0
5671.52,B06,GVWY,776.0
5671.52,B07,ZIC,2159.0
5671.52,B08,GA,3261.0
5671.52,B09,ZIP,6458.0
5671.52,S00,SHVR,6541.0
5671.52,S01,ZIC,4838.0
5671.52,S02,ZIC,3152.0
5671.52,S03,ZIP,2329.0
5671.52,S04,GVWY,179.0
5671.52,S05,GVWY,21.0
5671.52,S06,ZIP,0.0
5671.52,S07,SHVR,0.0
5732.13,B00,ZIP,0.0
5732.13,B01,SHVR,0.0
5732.13,B02,ZIC,0.0
5732.13,B03,GVWY,0.0
5732.13,B04,RL,296.0
5732.13,B05,SHVR,432.0
5732.13,B06,GVWY,776.0
5732.13,B07,ZIC,2173.0
5732.13,B08,GA,3298.0
5732.13,B09,ZIP,6490.0
5732.13,S00,SHVR,6625.0
5732.13,S01,ZIC,4898.0
5732.13,S02,ZIC,3181.0
5732.13,S03,ZIP,2341.0
5732.13,S04,GVWY,179.0
5732.13,S05,GVWY,21.0
5732.13,S06,ZIP,0.0
5732.13,S07,SHVR,0.0
5792.71,B00,ZIP,0.0
5792.71,B01,SHVR,0.0
5792.71,B02,ZIC,0.0
5792.71,B03,GVWY,0.0
5792.71,B04,RL,301.0
5792.71,B05,SHVR,432.0
5792.71,B06,GVWY,777.0
5792.71,B07,ZIC,2199.0
5792.71,B08,GA,3324.0
5792.71,B09,ZIP,6554.0
5792.71,S00,SHVR,6694.0
5792.71,S01,ZIC,4944.0
5792.71,S02,ZIC,3181.0
5792.71,S03,ZIP,2393.0
5792.71,S04,GVWY,185.0
5792.71,S05,GVWY,21.0
5792.71,S06,ZIP,0.0
5792.71,S07,SHVR,0.0
5852.97,B00,ZIP,0.0
5852.97,B01,SHVR,0.0
5852.97,B02,ZIC,0.0
5852.97,B03,GVWY,0.0
5852.97,B04,RL,301.0
5852.97,B05,SHVR,440.0
5852.97,B06,GVWY,777.0
5852.97,B07,ZIC,2215.0
5852.97,B08,GA,3362.0
5852.97,B09,ZIP,6658.0
5852.97,S00,SHVR,6767.0
5852.97,S01,ZIC,5008.0
5852.97,S02,ZIC,3278.0
5852.97,S03,ZIP,2393.0
5852.97,S04,GVWY,185.0
5852.97,S05,GVWY,21.0
5852.97,S06,ZIP,0.0
5852.97,S07,SHVR,0.0
5913.11,B00,ZIP,0.0
5913.11,B01,SHVR,0.0
5913.11,B02,ZIC,0.0
5913.11,B03,GVWY,0.0
5913.11,B04,RL,316.0
5913.11,B05,SHVR,444.0
5913.11,B06,GVWY,787.0
5913.11,B07,ZIC,2255.0
5913.11,B08,GA,3399.0
5913.11,B09,ZIP,6658.0
5913.11,S00,SHVR,6834.0
5913.11,S01,ZIC,5044.0
5913.11,S02,ZIC,3285.0
5913.11,S03,ZIP,2443.0
5913.11,S04,GVWY,193.0
5913.11,S05,GVWY,21.0
5913.11,S06,ZIP,0.0
5913.11,S07,SHVR,0.0
5973.44,B00,ZIP,0.0
5973.44,B01,SHVR,0.0
5973.44,B02,ZIC,0.0
5973.44,B03,GVWY,0.0
5973.44,B04,RL,316.0
5973.44,B05,SHVR,456.0
5973.44,B06,GVWY,795.0
5973.44,B07,ZIC,2286.0
5973.44,B08,GA,3436.0
5973.44,B09,ZIP,6767.0
5973.44,S00,SHVR,6875.0
5973.44,S01,ZIC,5117.0
5973.44,S02,ZIC,3330.0
5973.44,S03,ZIP,2454.0
5973.44,S04,GVWY,193.0
5973.44,S05,GVWY,21.0
5973.44,S06,ZIP,0.0
5973.44,S07,SHVR,0.0
