TRD, 2.609756, 155
TRD, 7.073171, 162
TRD, 11.585366, 169
TRD, 11.658537, 163
TRD, 12.195122, 178
TRD, 12.975610, 168
TRD, 13.951220, 169
TRD, 14.097561, 171
TRD, 15.780488, 164
TRD, 16.097561, 160
TRD, 16.121951, 159
TRD, 16.341463, 169
TRD, 18.317073, 160
TRD, 19.658537, 158
TRD, 20.634146, 156
TRD, 20.780488, 158
TRD, 20.926829, 159
TRD, 22.902439, 157
TRD, 24.536585, 165
TRD, 26.414634, 155
TRD, 27.219512, 166
TRD, 27.975610, 158
TRD, 30.585366, 166
TRD, 32.048780, 158
TRD, 32.219512, 161
TRD, 33.390244, 160
TRD, 34.170732, 162
TRD, 35.414634, 156
TRD, 35.853659, 163
TRD, 35.878049, 169
TRD, 36.292683, 155
TRD, 36.878049, 154
TRD, 37.048780, 153
TRD, 38.317073, 166
TRD, 39.170732, 165
TRD, 40.317073, 160
TRD, 41.975610, 168
TRD, 42.487805, 151
TRD, 43.219512, 155
TRD, 43.731707, 150
TRD, 44.170732, 148
TRD, 45.682927, 155
TRD, 47.219512, 157
TRD, 51.000000, 154
TRD, 51.414634, 153
TRD, 52.317073, 161
TRD, 52.804878, 156
TRD, 53.951220, 170
TRD, 54.097561, 156
TRD, 56.682927, 165
TRD, 57.317073, 158
TRD, 57.463415, 157
TRD, 57.756098, 163
TRD, 58.634146, 180
TRD, 59.585366, 160
TRD, 59.658537, 161
TRD, 60.048780, 178
TRD, 60.926829, 175
TRD, 61.170732, 168
TRD, 61.536585, 178
TRD, 62.634146, 173
TRD, 63.414634, 171
TRD, 63.560976, 163
TRD, 65.439024, 172
TRD, 68.804878, 170
TRD, 69.170732, 171
TRD, 69.951220, 168
TRD, 70.219512, 167
TRD, 71.243902, 161
TRD, 73.243902, 170
TRD, 75.219512, 171
TRD, 76.414634, 169
TRD, 79.634146, 168
TRD, 79.951220, 175
TRD, 80.926829, 171
TRD, 83.024390, 174
TRD, 83.707317, 170
TRD, 86.268293, 169
TRD, 86.536585, 168
TRD, 87.073171, 165
TRD, 88.097561, 174
TRD, 88.756098, 170
TRD, 89.121951, 172
TRD, 89.926829, 167
TRD, 90.439024, 171
TRD, 90.585366, 172
TRD, 90.853659, 172
TRD, 92.512195, 167
TRD, 92.780488, 173
TRD, 93.121951, 164
TRD, 94.731707, 170
TRD, 96.560976, 163
TRD, 97.756098, 169
TRD, 97.902439, 171
TRD, 99.317073, 170
TRD, 100.219512, 170
TRD, 100.487805, 171
TRD, 100.560976, 171
TRD, 100.951220, 178
TRD, 101.731707, 174
TRD, 103.341463, 169
TRD, 104.219512, 159
TRD, 104.585366, 169
TRD, 108.463415, 162
TRD, 110.170732, 163
TRD, 110.243902, 164
TRD, 111.585366, 165
TRD, 112.292683, 168
TRD, 114.024390, 168
TRD, 114.756098, 166
TRD, 115.146341, 163
TRD, 116.780488, 168
TRD, 118.195122, 169
TRD, 118.560976, 170
TRD, 118.780488, 163
TRD, 119.756098, 169
TRD, 119.780488, 169
TRD, 120.634146, 158
TRD, 121.804878, 165
TRD, 121.951220, 155
TRD, 122.707317, 152
TRD, 124.585366, 169
TRD, 125.414634, 165
TRD, 126.195122, 164
TRD, 126.243902, 164
TRD, 126.512195, 173
TRD, 127.487805, 172
TRD, 128.365854, 165
TRD, 131.536585, 166
TRD, 132.756098, 163
TRD, 133.560976, 166
TRD, 136.073171, 167
TRD, 137.170732, 169
TRD, 137.292683, 169
TRD, 137.390244, 162
TRD, 138.365854, 172
TRD, 140.097561, 172
TRD, 140.341463, 162
TRD, 140.707317, 163
TRD, 141.731707, 169
TRD, 141.780488, 162
TRD, 142.146341, 172
TRD, 142.341463, 164
TRD, 143.097561, 162
TRD, 144.341463, 188
TRD, 144.439024, 167
TRD, 145.000000, 172
TRD, 145.975610, 187
TRD, 146.195122, 178
TRD, 147.878049, 170
TRD, 148.121951, 169
TRD, 148.268293, 167
TRD, 149.195122, 169
TRD, 151.463415, 165
TRD, 152.634146, 169
TRD, 152.731707, 165
TRD, 153.170732, 170
TRD, 154.634146, 168
TRD, 155.585366, 168
TRD, 158.195122, 166
TRD, 158.609756, 169
TRD, 160.658537, 157
TRD, 161.487805, 167
TRD, 161.731707, 161
TRD, 162.682927, 167
TRD, 163.219512, 172
TRD, 163.414634, 160
TRD, 163.634146, 160
TRD, 164.390244, 173
TRD, 165.146341, 173
TRD, 165.585366, 167
TRD, 166.341463, 167
TRD, 166.756098, 175
TRD, 166.902439, 173
TRD, 167.487805, 154
TRD, 168.512195, 162
TRD, 170.926829, 158
TRD, 174.024390, 166
TRD, 174.390244, 167
TRD, 175.951220, 166
TRD, 176.048780, 156
TRD, 177.390244, 157
TRD, 178.487805, 157
TRD, 179.146341, 168
TRD, 179.829268, 167
TRD, 180.414634, 161
TRD, 181.317073, 165
TRD, 181.756098, 163
TRD, 182.682927, 162
TRD, 183.024390, 163
TRD, 186.707317, 160
TRD, 187.780488, 158
TRD, 187.853659, 162
TRD, 187.926829, 163
TRD, 189.146341, 167
TRD, 191.439024, 169
TRD, 191.463415, 176
TRD, 193.195122, 176
TRD, 193.439024, 166
TRD, 194.365854, 174
TRD, 194.585366, 165
TRD, 195.609756, 164
TRD, 197.560976, 164
TRD, 198.780488, 163
TRD, 199.292683, 161
TRD, 199.926829, 172
TRD, 200.682927, 170
TRD, 200.829268, 157
TRD, 201.707317, 159
TRD, 202.365854, 156
TRD, 202.463415, 162
TRD, 202.609756, 167
TRD, 205.878049, 167
TRD, 208.512195, 170
TRD, 208.829268, 170
TRD, 208.926829, 168
TRD, 209.365854, 169
TRD, 210.756098, 170
TRD, 211.073171, 172
TRD, 211.414634, 172
TRD, 212.219512, 172
TRD, 212.390244, 177
TRD, 212.756098, 167
TRD, 216.219512, 164
TRD, 216.951220, 164
TRD, 218.097561, 161
TRD, 218.926829, 167
TRD, 219.414634, 158
TRD, 219.731707, 167
TRD, 220.902439, 164
TRD, 221.536585, 154
TRD, 222.341463, 161
TRD, 225.926829, 161
TRD, 227.463415, 164
TRD, 227.658537, 168
TRD, 227.707317, 172
TRD, 229.731707, 168
TRD, 230.292683, 165
TRD, 231.609756, 164
TRD, 231.878049, 161
TRD, 232.341463, 170
TRD, 232.487805, 182
TRD, 237.804878, 174
TRD, 238.121951, 175
TRD, 239.268293, 173
TRD, 240.780488, 174
TRD, 240.975610, 174
TRD, 244.048780, 172
TRD, 244.195122, 172
TRD, 244.634146, 170
TRD, 247.707317, 168
TRD, 247.731707, 176
TRD, 249.000000, 171
TRD, 249.268293, 168
TRD, 251.097561, 166
TRD, 251.365854, 166
TRD, 252.487805, 164
TRD, 252.926829, 160
TRD, 253.048780, 162
TRD, 253.585366, 159
TRD, 254.902439, 167
TRD, 255.658537, 167
TRD, 256.804878, 173
TRD, 258.000000, 173
TRD, 258.463415, 172
TRD, 259.975610, 184
TRD, 260.121951, 170
TRD, 260.146341, 166
TRD, 262.512195, 164
TRD, 264.170732, 170
TRD, 264.585366, 162
TRD, 265.414634, 169
TRD, 265.804878, 172
TRD, 267.414634, 168
TRD, 267.585366, 166
TRD, 268.170732, 170
TRD, 268.536585, 166
TRD, 269.243902, 169
TRD, 270.292683, 172
TRD, 270.756098, 168
TRD, 272.073171, 159
TRD, 272.463415, 154
TRD, 272.512195, 170
TRD, 273.560976, 160
TRD, 274.024390, 161
TRD, 275.121951, 166
TRD, 276.000000, 167
TRD, 276.073171, 159
TRD, 277.097561, 170
TRD, 279.073171, 168
TRD, 281.268293, 172
TRD, 282.634146, 174
TRD, 283.756098, 177
TRD, 284.731707, 181
TRD, 289.048780, 171
TRD, 289.658537, 170
TRD, 291.853659, 164
TRD, 292.341463, 160
TRD, 292.536585, 172
TRD, 292.634146, 173
TRD, 294.560976, 166
TRD, 295.341463, 167
TRD, 297.268293, 167
TRD, 297.414634, 167
TRD, 298.195122, 169
TRD, 299.682927, 169
TRD, 300.512195, 166
TRD, 301.390244, 166
TRD, 302.048780, 165
TRD, 302.585366, 163
TRD, 303.317073, 163
TRD, 305.073171, 160
TRD, 306.804878, 160
TRD, 306.951220, 157
TRD, 307.146341, 152
TRD, 307.780488, 164
TRD, 308.682927, 171
TRD, 309.682927, 173
TRD, 310.024390, 166
TRD, 311.195122, 171
TRD, 311.463415, 166
TRD, 313.073171, 173
TRD, 313.439024, 161
TRD, 313.682927, 152
TRD, 314.390244, 169
TRD, 314.780488, 168
TRD, 317.073171, 158
TRD, 317.195122, 154
TRD, 317.439024, 148
TRD, 318.170732, 162
TRD, 322.658537, 163
TRD, 323.024390, 169
TRD, 323.195122, 160
TRD, 325.024390, 171
TRD, 328.097561, 160
TRD, 329.341463, 162
TRD, 329.463415, 161
TRD, 329.682927, 167
TRD, 331.926829, 162
TRD, 332.853659, 163
TRD, 332.975610, 162
TRD, 333.756098, 164
TRD, 334.121951, 165
TRD, 335.048780, 158
TRD, 335.146341, 159
TRD, 336.219512, 162
TRD, 337.487805, 156
TRD, 337.756098, 162
TRD, 338.560976, 176
TRD, 338.634146, 184
TRD, 341.804878, 154
TRD, 341.951220, 164
TRD, 343.512195, 157
TRD, 344.268293, 164
TRD, 344.634146, 163
TRD, 345.024390, 160
TRD, 346.170732, 155
TRD, 348.341463, 178
TRD, 348.731707, 160
TRD, 350.902439, 171
TRD, 351.463415, 174
TRD, 352.951220, 167
TRD, 354.756098, 163
TRD, 355.146341, 158
TRD, 356.048780, 167
TRD, 356.219512, 161
TRD, 356.951220, 159
TRD, 359.317073, 158
TRD, 359.463415, 163
TRD, 359.853659, 163
TRD, 359.902439, 168
TRD, 361.365854, 160
TRD, 362.024390, 161
TRD, 362.365854, 159
TRD, 363.804878, 165
TRD, 364.219512, 170
TRD, 365.121951, 167
TRD, 365.780488, 163
TRD, 366.292683, 162
TRD, 366.609756, 175
TRD, 366.926829, 160
TRD, 367.682927, 161
TRD, 368.585366, 167
TRD, 368.853659, 156
TRD, 369.195122, 162
TRD, 373.243902, 164
TRD, 374.170732, 169
TRD, 375.390244, 161
TRD, 378.536585, 162
TRD, 379.073171, 163
TRD, 379.951220, 162
TRD, 380.414634, 164
TRD, 380.780488, 164
TRD, 381.707317, 161
TRD, 382.829268, 163
TRD, 383.658537, 163
TRD, 383.682927, 163
TRD, 384.512195, 159
TRD, 388.243902, 157
TRD, 389.926829, 157
TRD, 390.195122, 154
TRD, 390.219512, 159
TRD, 390.560976, 162
TRD, 392.390244, 159
TRD, 395.975610, 164
TRD, 397.219512, 165
TRD, 397.268293, 167
TRD, 397.439024, 167
TRD, 398.707317, 170
TRD, 398.780488, 158
TRD, 399.048780, 174
TRD, 399.609756, 166
TRD, 400.731707, 167
TRD, 401.341463, 155
TRD, 402.073171, 170
TRD, 404.951220, 165
TRD, 407.170732, 167
TRD, 407.731707, 166
TRD, 409.731707, 166
TRD, 409.756098, 170
TRD, 410.853659, 162
TRD, 412.048780, 158
TRD, 412.609756, 158
TRD, 412.951220, 154
TRD, 414.463415, 158
TRD, 416.365854, 162
TRD, 416.634146, 152
TRD, 417.926829, 164
TRD, 419.170732, 165
TRD, 419.243902, 169
TRD, 419.682927, 164
TRD, 420.024390, 167
TRD, 421.439024, 170
TRD, 422.146341, 166
TRD, 423.804878, 167
TRD, 424.853659, 166
TRD, 425.097561, 169
TRD, 425.804878, 169
TRD, 426.585366, 172
TRD, 426.804878, 169
TRD, 427.170732, 167
TRD, 431.292683, 165
TRD, 431.707317, 168
TRD, 434.853659, 167
TRD, 436.512195, 167
TRD, 437.878049, 164
TRD, 439.073171, 171
TRD, 441.439024, 161
TRD, 441.926829, 161
TRD, 442.951220, 167
TRD, 443.024390, 172
TRD, 446.829268, 153
TRD, 446.951220, 164
TRD, 449.195122, 164
TRD, 449.804878, 163
TRD, 449.951220, 159
TRD, 452.317073, 161
TRD, 452.658537, 165
TRD, 453.707317, 162
TRD, 455.707317, 159
TRD, 455.902439, 156
TRD, 458.000000, 161
TRD, 458.317073, 163
TRD, 460.268293, 162
TRD, 460.365854, 161
TRD, 460.439024, 151
TRD, 461.219512, 158
TRD, 461.414634, 153
TRD, 463.024390, 155
TRD, 465.000000, 152
TRD, 465.024390, 156
TRD, 465.682927, 158
TRD, 467.634146, 156
TRD, 468.146341, 157
TRD, 468.292683, 160
TRD, 468.756098, 164
TRD, 470.512195, 157
TRD, 470.780488, 162
TRD, 471.926829, 157
TRD, 472.536585, 161
TRD, 473.487805, 154
TRD, 473.731707, 160
TRD, 474.292683, 157
TRD, 474.682927, 161
TRD, 474.926829, 164
TRD, 477.243902, 155
TRD, 477.707317, 156
TRD, 479.463415, 157
TRD, 481.097561, 163
TRD, 481.121951, 156
TRD, 483.268293, 163
TRD, 483.341463, 162
TRD, 484.536585, 160
TRD, 486.146341, 164
TRD, 486.341463, 159
TRD, 487.853659, 155
TRD, 489.097561, 154
TRD, 489.512195, 164
TRD, 489.780488, 166
TRD, 490.487805, 162
TRD, 490.707317, 154
TRD, 491.170732, 158
TRD, 492.097561, 161
TRD, 492.146341, 168
TRD, 492.756098, 176
TRD, 493.414634, 176
TRD, 493.512195, 173
TRD, 494.414634, 159
TRD, 495.487805, 162
TRD, 497.463415, 168
TRD, 498.268293, 160
TRD, 502.390244, 162
TRD, 502.829268, 167
TRD, 503.804878, 162
TRD, 503.975610, 159
TRD, 504.804878, 156
TRD, 505.902439, 167
TRD, 506.463415, 166
TRD, 508.731707, 152
TRD, 509.780488, 162
TRD, 511.219512, 167
TRD, 513.146341, 155
TRD, 514.829268, 159
TRD, 515.341463, 166
TRD, 517.292683, 164
TRD, 518.707317, 159
TRD, 518.731707, 150
TRD, 519.902439, 159
TRD, 522.414634, 158
TRD, 522.487805, 155
TRD, 522.658537, 155
TRD, 523.829268, 149
TRD, 525.097561, 161
TRD, 525.634146, 158
TRD, 526.146341, 155
TRD, 526.243902, 151
TRD, 526.463415, 151
TRD, 528.731707, 152
TRD, 529.756098, 162
TRD, 529.975610, 162
TRD, 531.121951, 163
TRD, 533.000000, 155
TRD, 533.487805, 155
TRD, 533.926829, 151
TRD, 535.097561, 151
TRD, 535.926829, 151
TRD, 536.000000, 146
TRD, 537.121951, 161
TRD, 537.634146, 174
TRD, 537.926829, 141
TRD, 538.439024, 158
TRD, 538.658537, 166
TRD, 539.926829, 174
TRD, 542.195122, 168
TRD, 542.292683, 160
TRD, 543.341463, 172
TRD, 545.170732, 178
TRD, 545.512195, 149
TRD, 548.024390, 161
TRD, 550.195122, 158
TRD, 552.268293, 160
TRD, 553.341463, 164
TRD, 557.975610, 160
TRD, 559.292683, 162
TRD, 559.682927, 160
TRD, 559.853659, 164
TRD, 560.317073, 159
TRD, 561.292683, 160
TRD, 561.658537, 152
TRD, 562.170732, 157
TRD, 562.439024, 159
TRD, 563.512195, 158
TRD, 563.926829, 151
TRD, 564.512195, 158
TRD, 564.536585, 150
TRD, 565.146341, 159
TRD, 565.365854, 149
TRD, 567.024390, 147
TRD, 570.073171, 162
TRD, 570.146341, 158
TRD, 570.658537, 167
TRD, 573.146341, 155
TRD, 574.146341, 151
TRD, 575.829268, 160
TRD, 576.341463, 159
TRD, 577.682927, 156
TRD, 580.073171, 157
TRD, 580.780488, 161
TRD, 583.439024, 162
TRD, 583.487805, 163
TRD, 583.707317, 156
TRD, 584.292683, 158
TRD, 586.585366, 162
TRD, 586.707317, 162
TRD, 586.926829, 161
TRD, 587.121951, 163
TRD, 587.658537, 152
TRD, 587.682927, 151
TRD, 588.292683, 163
TRD, 588.878049, 169
TRD, 589.170732, 161
TRD, 590.365854, 160
TRD, 591.731707, 161
TRD, 592.073171, 162
TRD, 595.609756, 162
TRD, 596.146341, 160
TRD, 596.170732, 157
TRD, 598.097561, 166
TRD, 598.317073, 173
TRD, 599.390244, 167
TRD, 599.609756, 168
TRD, 600.073171, 160
TRD, 600.780488, 168
TRD, 603.439024, 162
TRD, 603.658537, 161
TRD, 603.902439, 168
TRD, 603.926829, 160
TRD, 605.341463, 158
TRD, 605.926829, 158
TRD, 607.097561, 155
TRD, 608.097561, 156
TRD, 608.902439, 153
TRD, 609.195122, 156
TRD, 610.219512, 162
TRD, 610.536585, 156
TRD, 610.829268, 165
TRD, 612.487805, 167
TRD, 613.268293, 173
TRD, 614.146341, 170
TRD, 615.073171, 175
TRD, 616.609756, 164
TRD, 617.365854, 163
TRD, 618.512195, 160
TRD, 619.756098, 159
TRD, 619.853659, 159
TRD, 621.365854, 159
TRD, 621.585366, 177
TRD, 622.926829, 160
TRD, 622.975610, 160
TRD, 623.512195, 174
TRD, 625.585366, 156
TRD, 627.707317, 168
TRD, 628.414634, 164
TRD, 628.878049, 173
TRD, 629.780488, 170
TRD, 635.975610, 163
TRD, 636.292683, 163
TRD, 636.780488, 166
TRD, 638.951220, 165
TRD, 639.682927, 162
TRD, 639.804878, 160
TRD, 641.317073, 167
TRD, 641.926829, 165
TRD, 644.121951, 159
TRD, 648.121951, 166
TRD, 648.804878, 160
TRD, 648.853659, 159
TRD, 650.658537, 168
TRD, 651.365854, 168
TRD, 651.878049, 159
TRD, 653.097561, 169
TRD, 654.756098, 162
TRD, 655.121951, 161
TRD, 655.146341, 151
TRD, 655.365854, 167
TRD, 656.268293, 165
TRD, 658.682927, 155
TRD, 661.121951, 150
TRD, 664.073171, 156
TRD, 665.195122, 155
TRD, 666.365854, 157
TRD, 666.414634, 161
TRD, 666.536585, 155
TRD, 667.170732, 166
TRD, 667.195122, 164
TRD, 669.731707, 162
TRD, 669.951220, 167
TRD, 670.243902, 153
TRD, 671.317073, 181
TRD, 674.390244, 161
TRD, 675.146341, 158
TRD, 675.341463, 173
TRD, 675.926829, 152
TRD, 676.463415, 149
TRD, 677.292683, 156
TRD, 677.829268, 159
TRD, 679.268293, 160
TRD, 680.487805, 167
TRD, 680.780488, 165
TRD, 681.707317, 166
TRD, 684.000000, 166
TRD, 684.463415, 161
TRD, 686.219512, 166
TRD, 686.975610, 161
TRD, 687.000000, 163
TRD, 688.756098, 163
TRD, 689.170732, 157
TRD, 690.512195, 164
TRD, 691.560976, 164
TRD, 694.658537, 163
TRD, 695.097561, 170
TRD, 695.439024, 172
TRD, 697.048780, 170
TRD, 697.390244, 173
TRD, 697.682927, 173
TRD, 697.731707, 177
TRD, 697.780488, 165
TRD, 698.536585, 181
TRD, 698.902439, 180
TRD, 699.146341, 172
TRD, 705.390244, 169
TRD, 706.268293, 169
TRD, 706.292683, 170
TRD, 706.487805, 167
TRD, 706.902439, 169
TRD, 707.585366, 174
TRD, 707.731707, 166
TRD, 708.170732, 165
TRD, 708.707317, 164
TRD, 708.975610, 168
TRD, 709.414634, 158
TRD, 709.902439, 152
TRD, 710.195122, 174
TRD, 711.000000, 173
TRD, 713.829268, 163
TRD, 715.731707, 165
TRD, 716.926829, 160
TRD, 717.658537, 167
TRD, 719.243902, 155
TRD, 719.292683, 160
TRD, 719.512195, 166
TRD, 721.024390, 160
TRD, 726.317073, 166
TRD, 727.731707, 175
TRD, 728.268293, 165
TRD, 729.658537, 167
TRD, 730.292683, 169
TRD, 730.634146, 177
TRD, 731.024390, 176
TRD, 731.585366, 174
TRD, 732.634146, 176
TRD, 732.829268, 172
TRD, 733.365854, 168
TRD, 734.707317, 167
TRD, 734.951220, 164
TRD, 736.000000, 170
TRD, 737.487805, 178
TRD, 738.536585, 173
TRD, 738.780488, 170
TRD, 739.609756, 178
TRD, 739.780488, 162
TRD, 741.341463, 180
TRD, 744.170732, 178
TRD, 744.780488, 180
TRD, 745.121951, 177
TRD, 746.121951, 167
TRD, 747.439024, 180
TRD, 748.219512, 173
TRD, 749.365854, 168
TRD, 749.512195, 172
TRD, 750.902439, 175
TRD, 752.365854, 174
TRD, 752.731707, 168
TRD, 754.463415, 167
TRD, 754.804878, 159
TRD, 755.804878, 159
TRD, 755.926829, 169
TRD, 756.000000, 169
TRD, 758.609756, 170
TRD, 759.024390, 168
TRD, 761.268293, 169
TRD, 761.439024, 170
TRD, 761.951220, 172
TRD, 762.243902, 166
TRD, 762.292683, 172
TRD, 763.463415, 174
TRD, 765.000000, 169
TRD, 765.902439, 183
TRD, 766.317073, 178
TRD, 767.390244, 178
TRD, 768.512195, 179
TRD, 769.317073, 179
TRD, 769.536585, 178
TRD, 771.780488, 184
TRD, 775.170732, 178
TRD, 776.097561, 177
TRD, 777.487805, 180
TRD, 779.878049, 169
TRD, 782.195122, 175
TRD, 782.268293, 165
TRD, 783.000000, 164
TRD, 784.512195, 176
TRD, 785.341463, 168
TRD, 786.097561, 166
TRD, 788.780488, 168
TRD, 789.780488, 168
TRD, 790.658537, 169
TRD, 790.829268, 167
TRD, 791.073171, 172
TRD, 791.585366, 164
TRD, 791.634146, 163
TRD, 791.975610, 175
TRD, 794.317073, 169
TRD, 794.634146, 168
TRD, 797.341463, 164
TRD, 798.317073, 169
TRD, 799.048780, 163
TRD, 799.707317, 171
TRD, 800.317073, 173
TRD, 800.853659, 176
TRD, 805.780488, 182
TRD, 806.292683, 179
TRD, 806.780488, 173
TRD, 808.024390, 173
TRD, 809.243902, 172
TRD, 811.000000, 179
TRD, 811.073171, 181
TRD, 811.341463, 178
TRD, 812.658537, 182
TRD, 813.609756, 177
TRD, 813.658537, 174
TRD, 814.048780, 169
TRD, 814.609756, 184
TRD, 815.414634, 184
TRD, 815.829268, 170
TRD, 815.926829, 166
TRD, 817.439024, 171
TRD, 818.780488, 171
TRD, 822.560976, 171
TRD, 823.024390, 175
TRD, 823.682927, 167
TRD, 824.317073, 176
TRD, 825.024390, 176
TRD, 827.195122, 174
TRD, 827.487805, 172
TRD, 828.902439, 171
TRD, 830.024390, 176
TRD, 830.609756, 186
TRD, 831.487805, 175
TRD, 832.365854, 176
TRD, 833.585366, 164
TRD, 836.487805, 172
TRD, 837.073171, 171
TRD, 837.707317, 176
TRD, 838.000000, 177
TRD, 838.048780, 182
TRD, 838.634146, 184
TRD, 839.414634, 184
TRD, 841.121951, 182
TRD, 841.439024, 184
TRD, 841.536585, 180
TRD, 843.878049, 186
TRD, 843.951220, 179
TRD, 845.439024, 169
TRD, 846.341463, 188
TRD, 847.317073, 184
TRD, 847.853659, 175
TRD, 853.658537, 177
TRD, 854.048780, 172
TRD, 855.000000, 171
TRD, 855.634146, 176
TRD, 856.024390, 181
TRD, 857.268293, 176
TRD, 857.463415, 180
TRD, 859.073171, 174
TRD, 860.219512, 179
TRD, 861.268293, 179
TRD, 861.609756, 176
TRD, 862.731707, 179
TRD, 863.024390, 186
TRD, 864.219512, 169
TRD, 865.292683, 171
TRD, 867.560976, 171
TRD, 868.024390, 169
TRD, 869.341463, 167
TRD, 869.463415, 166
TRD, 869.902439, 176
TRD, 870.707317, 165
TRD, 871.609756, 169
TRD, 873.609756, 175
TRD, 874.000000, 167
TRD, 874.658537, 168
TRD, 875.463415, 174
TRD, 877.317073, 171
TRD, 877.878049, 173
TRD, 878.634146, 169
TRD, 879.487805, 169
TRD, 879.804878, 168
TRD, 880.560976, 170
TRD, 881.365854, 168
TRD, 881.585366, 177
TRD, 881.902439, 184
TRD, 883.878049, 182
TRD, 888.268293, 181
TRD, 889.707317, 182
TRD, 890.048780, 183
TRD, 890.146341, 180
TRD, 890.609756, 182
TRD, 893.219512, 179
TRD, 894.048780, 181
TRD, 898.195122, 177
TRD, 899.390244, 174
TRD, 900.804878, 174
TRD, 900.829268, 174
TRD, 901.170732, 171
TRD, 901.731707, 170
TRD, 901.902439, 175
TRD, 903.195122, 172
TRD, 903.731707, 170
TRD, 905.829268, 168
TRD, 906.463415, 173
TRD, 907.365854, 167
TRD, 907.536585, 175
TRD, 907.634146, 163
TRD, 908.317073, 163
TRD, 910.268293, 172
TRD, 912.658537, 172
TRD, 913.560976, 168
TRD, 913.853659, 165
TRD, 913.926829, 171
TRD, 915.560976, 166
TRD, 916.975610, 171
TRD, 918.682927, 169
TRD, 919.097561, 168
TRD, 921.439024, 185
TRD, 923.146341, 175
TRD, 923.609756, 174
TRD, 923.780488, 173
TRD, 924.951220, 182
TRD, 925.121951, 174
TRD, 925.439024, 183
TRD, 926.487805, 173
TRD, 926.560976, 172
TRD, 926.707317, 172
TRD, 927.073171, 171
TRD, 927.926829, 178
TRD, 928.512195, 186
TRD, 929.902439, 180
TRD, 930.609756, 168
TRD, 931.000000, 181
TRD, 931.804878, 165
TRD, 935.219512, 173
TRD, 935.536585, 167
TRD, 935.975610, 173
TRD, 937.219512, 169
TRD, 937.804878, 165
TRD, 940.536585, 170
TRD, 940.951220, 170
TRD, 941.731707, 170
TRD, 942.780488, 178
TRD, 943.048780, 182
TRD, 944.682927, 173
TRD, 945.146341, 174
TRD, 946.780488, 176
TRD, 947.195122, 178
TRD, 947.341463, 177
TRD, 948.731707, 178
TRD, 948.975610, 181
TRD, 950.243902, 174
TRD, 954.317073, 173
TRD, 954.585366, 178
TRD, 954.682927, 173
TRD, 954.878049, 172
TRD, 955.292683, 174
TRD, 955.634146, 173
TRD, 955.853659, 174
TRD, 956.463415, 175
TRD, 958.268293, 174
TRD, 958.780488, 178
TRD, 962.560976, 176
TRD, 962.658537, 176
TRD, 965.317073, 175
TRD, 966.097561, 178
TRD, 966.219512, 176
TRD, 966.487805, 176
TRD, 968.170732, 172
TRD, 969.170732, 170
TRD, 970.292683, 165
TRD, 970.609756, 166
TRD, 970.902439, 168
TRD, 971.829268, 170
TRD, 973.048780, 173
TRD, 975.756098, 174
TRD, 976.268293, 176
TRD, 978.658537, 167
TRD, 979.829268, 173
TRD, 980.146341, 167
TRD, 984.000000, 168
TRD, 984.292683, 171
TRD, 984.902439, 172
TRD, 986.073171, 174
TRD, 986.414634, 180
TRD, 986.463415, 170
TRD, 986.829268, 169
TRD, 987.097561, 168
TRD, 987.585366, 166
TRD, 988.634146, 170
TRD, 992.292683, 169
TRD, 992.975610, 166
TRD, 993.146341, 172
TRD, 993.390244, 164
TRD, 993.975610, 148
TRD, 996.585366, 172
TRD, 997.219512, 179
TRD, 999.219512, 172
TRD, 1001.097561, 180
TRD, 1003.341463, 183
TRD, 1005.414634, 180
TRD, 1009.000000, 184
TRD, 1009.097561, 180
TRD, 1009.219512, 179
TRD, 1009.756098, 184
TRD, 1010.292683, 186
TRD, 1013.170732, 183
TRD, 1013.609756, 182
TRD, 1014.560976, 180
TRD, 1016.317073, 181
TRD, 1016.341463, 183
TRD, 1016.682927, 170
TRD, 1016.853659, 165
TRD, 1018.024390, 180
TRD, 1020.097561, 179
TRD, 1020.853659, 183
TRD, 1021.146341, 183
TRD, 1022.219512, 176
TRD, 1022.609756, 200
TRD, 1023.365854, 186
TRD, 1026.560976, 188
TRD, 1030.585366, 186
TRD, 1030.878049, 186
TRD, 1031.512195, 187
TRD, 1032.048780, 189
TRD, 1033.780488, 184
TRD, 1034.024390, 183
TRD, 1035.097561, 187
TRD, 1035.243902, 181
TRD, 1035.536585, 180
TRD, 1036.609756, 167
TRD, 1037.024390, 180
TRD, 1037.146341, 177
TRD, 1039.902439, 175
TRD, 1040.317073, 172
TRD, 1040.780488, 168
TRD, 1041.951220, 175
TRD, 1042.707317, 176
TRD, 1044.585366, 178
TRD, 1044.804878, 174
TRD, 1046.292683, 175
TRD, 1046.585366, 173
TRD, 1046.731707, 170
TRD, 1047.146341, 165
TRD, 1048.902439, 165
TRD, 1051.146341, 173
TRD, 1052.878049, 174
TRD, 1055.878049, 177
TRD, 1056.341463, 178
TRD, 1056.804878, 176
TRD, 1058.073171, 184
TRD, 1059.317073, 186
TRD, 1060.097561, 182
TRD, 1061.024390, 183
TRD, 1061.804878, 179
TRD, 1063.658537, 172
TRD, 1066.048780, 178
TRD, 1069.048780, 176
TRD, 1070.073171, 170
TRD, 1071.000000, 169
TRD, 1071.243902, 177
TRD, 1071.951220, 170
TRD, 1072.365854, 177
TRD, 1072.634146, 177
TRD, 1073.000000, 178
TRD, 1074.268293, 177
TRD, 1075.292683, 178
TRD, 1075.317073, 182
TRD, 1076.317073, 175
TRD, 1076.341463, 182
TRD, 1076.585366, 172
TRD, 1079.146341, 165
TRD, 1079.926829, 164
TRD, 1081.365854, 189
TRD, 1083.000000, 180
TRD, 1084.121951, 177
TRD, 1084.487805, 171
TRD, 1085.756098, 181
TRD, 1085.853659, 166
TRD, 1086.682927, 169
TRD, 1086.926829, 166
TRD, 1087.756098, 179
TRD, 1088.878049, 197
TRD, 1090.268293, 172
TRD, 1091.804878, 184
TRD, 1092.609756, 197
TRD, 1093.536585, 183
TRD, 1094.268293, 175
TRD, 1095.487805, 176
TRD, 1095.609756, 176
TRD, 1096.560976, 174
TRD, 1096.780488, 173
TRD, 1096.951220, 176
TRD, 1097.317073, 179
TRD, 1098.024390, 182
TRD, 1100.658537, 176
TRD, 1101.317073, 175
TRD, 1102.243902, 171
TRD, 1103.170732, 174
TRD, 1103.195122, 164
TRD, 1103.243902, 177
TRD, 1104.024390, 176
TRD, 1105.146341, 171
TRD, 1105.195122, 173
TRD, 1106.243902, 185
TRD, 1108.756098, 179
TRD, 1109.146341, 182
TRD, 1109.756098, 180
TRD, 1110.365854, 187
TRD, 1111.219512, 186
TRD, 1112.317073, 180
TRD, 1112.365854, 169
TRD, 1113.121951, 174
TRD, 1115.292683, 182
TRD, 1115.926829, 185
TRD, 1116.317073, 185
TRD, 1117.341463, 167
TRD, 1119.682927, 176
TRD, 1122.658537, 177
TRD, 1123.341463, 182
TRD, 1124.170732, 176
TRD, 1125.682927, 183
TRD, 1125.707317, 176
TRD, 1125.902439, 180
TRD, 1128.487805, 178
TRD, 1129.390244, 170
TRD, 1129.609756, 168
TRD, 1129.731707, 165
TRD, 1130.170732, 177
TRD, 1130.731707, 180
TRD, 1134.073171, 173
TRD, 1134.390244, 174
TRD, 1135.000000, 170
TRD, 1135.780488, 175
TRD, 1135.926829, 177
TRD, 1136.439024, 173
TRD, 1137.829268, 169
TRD, 1140.365854, 166
TRD, 1141.829268, 171
TRD, 1142.024390, 165
TRD, 1143.853659, 176
TRD, 1144.268293, 165
TRD, 1144.560976, 172
TRD, 1146.341463, 173
TRD, 1146.585366, 174
TRD, 1147.756098, 176
TRD, 1148.926829, 177
TRD, 1150.048780, 172
TRD, 1150.658537, 173
TRD, 1150.756098, 177
TRD, 1151.902439, 182
TRD, 1154.243902, 180
TRD, 1154.975610, 172
TRD, 1159.414634, 170
TRD, 1160.585366, 173
TRD, 1162.292683, 179
TRD, 1162.365854, 174
TRD, 1162.609756, 185
TRD, 1163.390244, 175
TRD, 1164.658537, 182
TRD, 1165.073171, 180
TRD, 1165.487805, 180
TRD, 1166.853659, 175
TRD, 1166.951220, 173
TRD, 1167.707317, 174
TRD, 1168.292683, 172
TRD, 1168.853659, 182
TRD, 1172.317073, 179
TRD, 1172.414634, 177
TRD, 1175.170732, 174
TRD, 1175.536585, 173
TRD, 1175.682927, 173
TRD, 1176.000000, 179
TRD, 1176.756098, 178
TRD, 1177.292683, 172
TRD, 1177.414634, 178
TRD, 1177.634146, 185
TRD, 1177.780488, 169
TRD, 1179.243902, 174
TRD, 1179.975610, 178
TRD, 1183.121951, 174
TRD, 1185.000000, 172
TRD, 1186.317073, 178
TRD, 1190.707317, 177
TRD, 1190.878049, 171
TRD, 1191.707317, 165
TRD, 1191.731707, 164
TRD, 1192.585366, 167
TRD, 1193.000000, 165
TRD, 1193.487805, 170
TRD, 1193.682927, 173
TRD, 1195.585366, 178
TRD, 1196.048780, 171
TRD, 1197.975610, 174
TRD, 1199.804878, 179
TRD, 1200.780488, 173
TRD, 1201.170732, 173
TRD, 1201.463415, 177
TRD, 1201.536585, 172
TRD, 1202.146341, 171
TRD, 1203.268293, 171
TRD, 1204.341463, 169
TRD, 1205.512195, 176
TRD, 1205.536585, 169
TRD, 1206.048780, 168
TRD, 1207.414634, 165
TRD, 1209.390244, 173
TRD, 1209.780488, 179
TRD, 1209.853659, 179
TRD, 1212.975610, 170
TRD, 1213.658537, 169
TRD, 1216.268293, 162
TRD, 1216.390244, 161
TRD, 1217.365854, 178
TRD, 1219.000000, 180
TRD, 1219.024390, 180
TRD, 1220.317073, 178
TRD, 1220.951220, 185
TRD, 1223.585366, 181
TRD, 1224.682927, 182
TRD, 1224.780488, 178
TRD, 1225.731707, 180
TRD, 1225.853659, 176
TRD, 1226.731707, 174
TRD, 1231.073171, 179
TRD, 1232.829268, 183
TRD, 1233.073171, 173
TRD, 1234.024390, 181
TRD, 1235.487805, 184
TRD, 1237.365854, 172
TRD, 1237.414634, 171
TRD, 1239.439024, 176
TRD, 1240.097561, 177
TRD, 1240.121951, 177
TRD, 1242.731707, 175
TRD, 1243.390244, 174
TRD, 1243.609756, 170
TRD, 1243.853659, 169
TRD, 1244.926829, 173
TRD, 1245.560976, 167
TRD, 1246.585366, 172
TRD, 1247.048780, 166
TRD, 1249.878049, 173
TRD, 1250.390244, 182
TRD, 1250.731707, 175
TRD, 1251.829268, 174
TRD, 1251.878049, 173
TRD, 1254.292683, 167
TRD, 1255.414634, 170
TRD, 1256.073171, 171
TRD, 1256.487805, 172
TRD, 1257.121951, 164
TRD, 1257.341463, 171
TRD, 1258.487805, 171
TRD, 1259.170732, 162
TRD, 1260.878049, 173
TRD, 1260.975610, 160
TRD, 1262.756098, 163
TRD, 1263.512195, 158
TRD, 1263.804878, 153
TRD, 1265.487805, 161
TRD, 1265.829268, 161
TRD, 1266.463415, 171
TRD, 1268.024390, 157
TRD, 1270.341463, 170
TRD, 1271.487805, 169
TRD, 1273.365854, 170
TRD, 1273.487805, 174
TRD, 1273.853659, 174
TRD, 1274.390244, 170
TRD, 1275.170732, 166
TRD, 1275.731707, 165
TRD, 1275.804878, 175
TRD, 1276.536585, 172
TRD, 1277.390244, 174
TRD, 1278.365854, 161
TRD, 1278.512195, 174
TRD, 1279.000000, 162
TRD, 1281.146341, 166
TRD, 1281.560976, 167
TRD, 1282.780488, 166
TRD, 1283.365854, 174
TRD, 1284.219512, 164
TRD, 1284.853659, 167
TRD, 1286.487805, 165
TRD, 1287.829268, 165
TRD, 1290.292683, 176
TRD, 1290.609756, 173
TRD, 1292.097561, 177
TRD, 1292.268293, 176
TRD, 1292.731707, 169
TRD, 1292.804878, 183
TRD, 1293.682927, 187
TRD, 1295.634146, 191
TRD, 1298.341463, 176
TRD, 1301.146341, 174
TRD, 1302.243902, 178
TRD, 1302.536585, 177
TRD, 1305.975610, 176
TRD, 1306.390244, 177
TRD, 1306.463415, 175
TRD, 1307.707317, 175
TRD, 1308.292683, 180
TRD, 1308.658537, 174
TRD, 1309.536585, 173
TRD, 1310.951220, 178
TRD, 1311.463415, 176
TRD, 1312.414634, 177
TRD, 1314.585366, 170
TRD, 1316.097561, 169
TRD, 1316.878049, 170
TRD, 1317.878049, 173
TRD, 1317.926829, 170
TRD, 1318.073171, 168
TRD, 1319.292683, 171
TRD, 1320.585366, 166
TRD, 1320.609756, 169
TRD, 1321.292683, 164
TRD, 1321.463415, 171
TRD, 1321.682927, 173
TRD, 1323.048780, 175
TRD, 1324.756098, 183
TRD, 1325.560976, 180
TRD, 1326.048780, 178
TRD, 1326.317073, 185
TRD, 1326.536585, 189
TRD, 1327.756098, 187
TRD, 1328.000000, 181
TRD, 1328.609756, 180
TRD, 1329.463415, 150
TRD, 1329.609756, 170
TRD, 1331.829268, 157
TRD, 1332.390244, 167
TRD, 1334.073171, 160
TRD, 1334.512195, 167
TRD, 1335.268293, 166
TRD, 1335.804878, 176
TRD, 1336.439024, 175
TRD, 1336.707317, 175
TRD, 1336.756098, 180
TRD, 1339.902439, 187
TRD, 1340.390244, 192
TRD, 1343.390244, 189
TRD, 1344.829268, 180
TRD, 1347.878049, 183
TRD, 1349.048780, 179
TRD, 1349.097561, 178
TRD, 1349.878049, 178
TRD, 1351.000000, 183
TRD, 1352.780488, 181
TRD, 1353.243902, 183
TRD, 1353.512195, 177
TRD, 1354.317073, 176
TRD, 1354.414634, 173
TRD, 1354.536585, 183
TRD, 1356.292683, 172
TRD, 1356.414634, 171
TRD, 1359.341463, 171
TRD, 1361.756098, 170
TRD, 1363.365854, 163
TRD, 1365.024390, 167
TRD, 1365.439024, 168
TRD, 1365.902439, 168
TRD, 1366.073171, 170
TRD, 1366.609756, 170
TRD, 1366.951220, 165
TRD, 1367.878049, 168
TRD, 1369.195122, 173
TRD, 1370.512195, 173
TRD, 1371.000000, 177
TRD, 1372.658537, 181
TRD, 1373.756098, 185
TRD, 1374.853659, 175
TRD, 1376.170732, 174
TRD, 1376.365854, 169
TRD, 1376.658537, 167
TRD, 1376.878049, 179
TRD, 1377.658537, 184
TRD, 1379.829268, 184
TRD, 1380.048780, 179
TRD, 1380.975610, 182
TRD, 1382.658537, 172
TRD, 1383.439024, 174
TRD, 1385.000000, 169
TRD, 1385.097561, 172
TRD, 1386.512195, 171
TRD, 1387.121951, 170
TRD, 1388.951220, 171
TRD, 1389.170732, 161
TRD, 1391.365854, 165
TRD, 1392.585366, 168
TRD, 1393.317073, 170
TRD, 1394.219512, 161
TRD, 1395.731707, 161
TRD, 1395.853659, 171
TRD, 1397.292683, 172
TRD, 1398.463415, 178
TRD, 1401.170732, 166
TRD, 1401.365854, 166
TRD, 1402.487805, 168
TRD, 1402.609756, 168
TRD, 1403.707317, 169
TRD, 1404.097561, 164
TRD, 1405.024390, 171
TRD, 1405.634146, 160
TRD, 1407.195122, 175
TRD, 1408.341463, 171
TRD, 1410.585366, 171
TRD, 1411.341463, 173
TRD, 1411.731707, 169
TRD, 1412.195122, 169
TRD, 1414.097561, 166
TRD, 1414.634146, 168
TRD, 1415.439024, 169
TRD, 1417.560976, 170
TRD, 1418.097561, 171
TRD, 1418.609756, 175
TRD, 1419.390244, 168
TRD, 1420.634146, 176
TRD, 1422.000000, 172
TRD, 1423.048780, 176
TRD, 1423.853659, 186
TRD, 1425.658537, 175
TRD, 1426.097561, 184
TRD, 1426.951220, 183
TRD, 1427.682927, 176
TRD, 1429.707317, 169
TRD, 1430.536585, 166
TRD, 1430.756098, 184
TRD, 1431.536585, 185
TRD, 1433.512195, 186
TRD, 1433.756098, 182
TRD, 1434.146341, 172
TRD, 1434.487805, 170
TRD, 1435.365854, 163
TRD, 1436.365854, 163
TRD, 1437.195122, 164
TRD, 1437.390244, 176
TRD, 1437.658537, 178
TRD, 1440.097561, 168
TRD, 1440.926829, 173
TRD, 1441.317073, 172
TRD, 1442.390244, 172
TRD, 1444.146341, 172
TRD, 1444.536585, 167
TRD, 1445.609756, 171
TRD, 1446.926829, 163
TRD, 1447.365854, 167
TRD, 1447.585366, 171
TRD, 1447.756098, 172
TRD, 1448.926829, 169
TRD, 1449.146341, 169
TRD, 1449.317073, 164
TRD, 1449.463415, 157
TRD, 1450.000000, 173
TRD, 1450.804878, 166
TRD, 1451.804878, 165
TRD, 1456.243902, 164
TRD, 1457.292683, 158
TRD, 1459.170732, 167
TRD, 1460.024390, 162
TRD, 1460.780488, 168
TRD, 1461.073171, 171
TRD, 1461.780488, 166
TRD, 1462.390244, 161
TRD, 1464.121951, 165
TRD, 1464.487805, 163
TRD, 1465.292683, 165
TRD, 1465.707317, 171
TRD, 1468.536585, 164
TRD, 1468.731707, 172
TRD, 1470.585366, 162
TRD, 1471.731707, 171
TRD, 1473.926829, 166
TRD, 1474.804878, 170
TRD, 1475.707317, 172
TRD, 1475.853659, 168
TRD, 1476.097561, 173
TRD, 1477.073171, 168
TRD, 1477.341463, 173
TRD, 1481.000000, 172
TRD, 1481.073171, 167
TRD, 1481.365854, 176
TRD, 1481.707317, 167
TRD, 1481.975610, 164
TRD, 1483.902439, 158
TRD, 1484.585366, 168
TRD, 1485.487805, 166
TRD, 1486.853659, 165
TRD, 1486.878049, 155
TRD, 1489.268293, 174
TRD, 1489.829268, 168
TRD, 1490.439024, 173
TRD, 1491.195122, 167
TRD, 1491.243902, 174
TRD, 1492.975610, 163
TRD, 1493.951220, 164
TRD, 1494.682927, 168
TRD, 1494.756098, 163
TRD, 1495.000000, 170
TRD, 1495.975610, 176
TRD, 1496.146341, 176
TRD, 1497.170732, 164
TRD, 1499.365854, 179
TRD, 1499.756098, 173
TRD, 1501.000000, 165
TRD, 1502.463415, 169
TRD, 1503.902439, 168
TRD, 1505.439024, 162
TRD, 1507.658537, 164
TRD, 1509.000000, 164
TRD, 1509.439024, 166
TRD, 1509.829268, 167
TRD, 1511.560976, 168
TRD, 1512.121951, 166
TRD, 1512.317073, 169
TRD, 1514.439024, 176
TRD, 1514.658537, 171
TRD, 1515.780488, 170
TRD, 1515.975610, 162
TRD, 1517.390244, 161
TRD, 1517.707317, 174
TRD, 1519.390244, 177
TRD, 1520.073171, 175
TRD, 1521.292683, 181
TRD, 1523.341463, 174
TRD, 1523.951220, 175
TRD, 1524.609756, 175
TRD, 1525.170732, 171
TRD, 1526.682927, 175
TRD, 1527.000000, 184
TRD, 1528.414634, 184
TRD, 1528.731707, 182
TRD, 1528.780488, 171
TRD, 1529.731707, 172
TRD, 1529.975610, 173
TRD, 1532.390244, 163
TRD, 1534.292683, 162
TRD, 1534.829268, 167
TRD, 1535.097561, 159
TRD, 1535.170732, 156
TRD, 1535.878049, 175
TRD, 1537.195122, 171
TRD, 1541.073171, 175
TRD, 1541.219512, 174
TRD, 1542.073171, 167
TRD, 1543.219512, 166
TRD, 1544.292683, 168
TRD, 1544.682927, 169
TRD, 1545.414634, 165
TRD, 1547.219512, 175
TRD, 1548.170732, 168
TRD, 1548.829268, 161
TRD, 1549.292683, 159
TRD, 1550.560976, 158
TRD, 1551.878049, 154
TRD, 1553.341463, 165
TRD, 1553.365854, 165
TRD, 1554.000000, 166
TRD, 1554.292683, 176
TRD, 1555.048780, 163
TRD, 1556.048780, 162
TRD, 1556.317073, 160
TRD, 1556.975610, 166
TRD, 1559.634146, 170
TRD, 1560.731707, 171
TRD, 1561.000000, 171
TRD, 1561.048780, 172
TRD, 1564.878049, 165
TRD, 1566.170732, 173
TRD, 1566.682927, 168
TRD, 1567.195122, 173
TRD, 1567.536585, 165
TRD, 1568.073171, 169
TRD, 1568.585366, 164
TRD, 1569.512195, 163
TRD, 1571.439024, 162
TRD, 1572.341463, 161
TRD, 1572.780488, 163
TRD, 1573.268293, 160
TRD, 1573.658537, 162
TRD, 1575.292683, 158
TRD, 1576.048780, 158
TRD, 1576.804878, 163
TRD, 1577.024390, 163
TRD, 1577.219512, 162
TRD, 1578.560976, 165
TRD, 1578.634146, 174
TRD, 1581.951220, 162
TRD, 1582.121951, 165
TRD, 1584.414634, 162
TRD, 1587.365854, 163
TRD, 1589.804878, 166
TRD, 1593.121951, 166
TRD, 1594.341463, 167
TRD, 1597.243902, 166
TRD, 1597.341463, 161
TRD, 1597.390244, 169
TRD, 1597.951220, 169
TRD, 1600.000000, 162
TRD, 1600.439024, 167
TRD, 1602.195122, 163
TRD, 1604.829268, 166
TRD, 1605.097561, 170
TRD, 1605.585366, 166
TRD, 1607.024390, 168
TRD, 1607.536585, 169
TRD, 1607.707317, 168
TRD, 1607.804878, 172
TRD, 1608.536585, 165
TRD, 1608.609756, 165
TRD, 1609.512195, 167
TRD, 1611.292683, 164
TRD, 1612.731707, 167
TRD, 1614.268293, 165
TRD, 1614.536585, 165
TRD, 1614.878049, 158
TRD, 1614.902439, 156
TRD, 1615.463415, 161
TRD, 1615.707317, 157
TRD, 1616.219512, 166
TRD, 1618.560976, 158
TRD, 1618.707317, 150
TRD, 1620.341463, 147
TRD, 1621.048780, 161
TRD, 1621.170732, 177
TRD, 1621.926829, 170
TRD, 1623.756098, 174
TRD, 1627.268293, 171
TRD, 1627.317073, 167
TRD, 1630.048780, 171
TRD, 1630.878049, 167
TRD, 1631.804878, 168
TRD, 1632.829268, 166
TRD, 1634.097561, 172
TRD, 1635.560976, 160
TRD, 1635.853659, 163
TRD, 1636.414634, 175
TRD, 1636.585366, 174
TRD, 1637.317073, 185
TRD, 1637.707317, 168
TRD, 1638.439024, 181
TRD, 1638.951220, 168
TRD, 1640.341463, 185
TRD, 1642.317073, 175
TRD, 1642.658537, 179
TRD, 1644.146341, 173
TRD, 1644.585366, 169
TRD, 1646.219512, 165
TRD, 1646.390244, 168
TRD, 1647.268293, 168
TRD, 1648.390244, 163
TRD, 1648.707317, 168
TRD, 1649.097561, 158
TRD, 1649.243902, 163
TRD, 1649.414634, 172
TRD, 1650.560976, 164
TRD, 1652.195122, 159
TRD, 1653.512195, 156
TRD, 1654.682927, 169
TRD, 1654.829268, 154
TRD, 1655.000000, 167
TRD, 1655.560976, 158
TRD, 1656.341463, 171
TRD, 1659.268293, 170
TRD, 1661.195122, 176
TRD, 1661.317073, 173
TRD, 1661.585366, 176
TRD, 1662.756098, 173
TRD, 1662.780488, 173
TRD, 1664.512195, 180
TRD, 1665.536585, 168
TRD, 1666.780488, 169
TRD, 1667.560976, 171
TRD, 1668.536585, 163
TRD, 1669.024390, 163
TRD, 1669.560976, 162
TRD, 1670.682927, 168
TRD, 1672.439024, 160
TRD, 1673.268293, 164
TRD, 1675.463415, 168
TRD, 1676.024390, 166
TRD, 1676.560976, 164
TRD, 1677.048780, 168
TRD, 1677.951220, 159
TRD, 1681.195122, 167
TRD, 1681.682927, 166
TRD, 1682.560976, 170
TRD, 1682.951220, 165
TRD, 1683.756098, 163
TRD, 1683.829268, 170
TRD, 1684.341463, 160
TRD, 1684.536585, 161
TRD, 1684.780488, 159
TRD, 1687.902439, 159
TRD, 1688.000000, 178
TRD, 1688.121951, 177
TRD, 1688.829268, 155
TRD, 1690.853659, 166
TRD, 1691.682927, 169
TRD, 1693.853659, 179
TRD, 1694.975610, 180
TRD, 1695.317073, 182
TRD, 1695.439024, 177
TRD, 1696.951220, 176
TRD, 1697.463415, 178
TRD, 1699.000000, 175
TRD, 1700.243902, 180
TRD, 1701.195122, 174
TRD, 1702.292683, 170
TRD, 1703.487805, 170
TRD, 1704.243902, 167
TRD, 1705.219512, 163
TRD, 1706.170732, 169
TRD, 1707.731707, 166
TRD, 1708.341463, 164
TRD, 1710.707317, 172
TRD, 1711.024390, 173
TRD, 1711.243902, 172
TRD, 1711.317073, 168
TRD, 1712.829268, 161
TRD, 1716.780488, 164
TRD, 1718.024390, 163
TRD, 1718.439024, 163
TRD, 1718.463415, 171
TRD, 1719.341463, 171
TRD, 1719.439024, 167
TRD, 1719.951220, 162
TRD, 1721.243902, 160
TRD, 1721.341463, 164
TRD, 1722.195122, 165
TRD, 1722.219512, 171
TRD, 1725.731707, 167
TRD, 1727.975610, 168
TRD, 1728.414634, 161
TRD, 1728.585366, 161
TRD, 1730.024390, 172
TRD, 1731.585366, 166
TRD, 1732.317073, 164
TRD, 1732.926829, 162
TRD, 1733.292683, 170
TRD, 1734.512195, 161
TRD, 1736.609756, 167
TRD, 1737.292683, 166
TRD, 1737.975610, 168
TRD, 1738.195122, 163
TRD, 1739.463415, 178
TRD, 1740.048780, 175
TRD, 1741.731707, 163
TRD, 1743.243902, 161
TRD, 1748.439024, 165
TRD, 1748.536585, 166
TRD, 1748.756098, 161
TRD, 1750.317073, 165
TRD, 1750.707317, 166
TRD, 1751.609756, 166
TRD, 1751.658537, 160
TRD, 1752.317073, 162
TRD, 1753.609756, 163
TRD, 1755.024390, 172
TRD, 1755.707317, 164
TRD, 1759.512195, 167
TRD, 1759.634146, 164
TRD, 1759.902439, 164
TRD, 1759.951220, 170
TRD, 1763.585366, 167
TRD, 1765.512195, 166
TRD, 1766.731707, 168
TRD, 1767.195122, 171
TRD, 1767.756098, 170
TRD, 1768.487805, 173
TRD, 1769.951220, 176
TRD, 1771.195122, 175
TRD, 1773.170732, 170
TRD, 1773.243902, 174
TRD, 1773.658537, 174
TRD, 1775.000000, 169
TRD, 1776.707317, 163
TRD, 1777.000000, 163
TRD, 1777.121951, 166
TRD, 1777.536585, 161
TRD, 1777.756098, 160
TRD, 1780.585366, 167
TRD, 1782.975610, 171
TRD, 1783.560976, 165
TRD, 1783.658537, 172
TRD, 1784.682927, 169
TRD, 1784.756098, 168
TRD, 1785.463415, 170
TRD, 1786.024390, 167
TRD, 1786.487805, 172
TRD, 1788.414634, 170
TRD, 1788.878049, 174
TRD, 1789.048780, 181
TRD, 1789.317073, 171
TRD, 1790.146341, 179
TRD, 1790.317073, 172
TRD, 1792.146341, 165
TRD, 1792.853659, 168
TRD, 1793.560976, 178
TRD, 1794.048780, 177
TRD, 1794.365854, 178
TRD, 1796.000000, 174
TRD, 1796.073171, 175
TRD, 1796.195122, 190
TRD, 1797.048780, 171
TRD, 1802.560976, 171
TRD, 1803.658537, 177
TRD, 1804.902439, 167
TRD, 1805.609756, 166
TRD, 1805.682927, 166
TRD, 1807.463415, 170
TRD, 1808.365854, 166
TRD, 1808.731707, 166
TRD, 1810.487805, 166
TRD, 1811.195122, 170
TRD, 1813.439024, 170
TRD, 1814.341463, 175
TRD, 1815.170732, 167
TRD, 1815.975610, 175
TRD, 1816.073171, 160
TRD, 1816.219512, 178
TRD, 1817.048780, 165
TRD, 1817.243902, 164
TRD, 1817.414634, 161
TRD, 1818.024390, 172
TRD, 1818.195122, 170
TRD, 1820.634146, 169
TRD, 1820.658537, 172
TRD, 1822.048780, 174
TRD, 1822.195122, 167
TRD, 1824.195122, 165
TRD, 1826.926829, 165
TRD, 1828.341463, 166
TRD, 1828.634146, 169
TRD, 1828.658537, 171
TRD, 1829.000000, 169
TRD, 1829.853659, 168
TRD, 1832.073171, 170
TRD, 1832.097561, 170
TRD, 1832.951220, 171
TRD, 1833.780488, 168
TRD, 1833.829268, 162
TRD, 1834.926829, 179
TRD, 1835.341463, 173
TRD, 1836.170732, 171
TRD, 1837.048780, 171
TRD, 1837.097561, 171
TRD, 1838.536585, 173
TRD, 1838.682927, 169
TRD, 1838.707317, 174
TRD, 1839.512195, 175
TRD, 1840.146341, 178
TRD, 1842.268293, 173
TRD, 1844.146341, 160
TRD, 1844.341463, 166
TRD, 1844.536585, 160
TRD, 1846.097561, 159
TRD, 1846.365854, 169
TRD, 1848.902439, 164
TRD, 1850.048780, 161
TRD, 1851.243902, 160
TRD, 1852.512195, 165
TRD, 1852.682927, 159
TRD, 1852.804878, 166
TRD, 1854.000000, 164
TRD, 1854.292683, 162
TRD, 1854.658537, 159
TRD, 1854.756098, 167
TRD, 1855.268293, 166
TRD, 1855.829268, 161
TRD, 1857.585366, 158
TRD, 1858.268293, 158
TRD, 1858.560976, 161
TRD, 1860.512195, 156
TRD, 1860.585366, 158
TRD, 1862.292683, 155
TRD, 1862.487805, 154
TRD, 1862.634146, 172
TRD, 1862.853659, 171
TRD, 1863.560976, 163
TRD, 1866.731707, 160
TRD, 1868.951220, 167
TRD, 1870.146341, 165
TRD, 1871.048780, 164
TRD, 1871.195122, 170
TRD, 1871.878049, 158
TRD, 1871.926829, 170
TRD, 1873.390244, 170
TRD, 1874.902439, 165
TRD, 1875.268293, 162
TRD, 1877.829268, 166
TRD, 1878.756098, 161
TRD, 1879.365854, 157
TRD, 1879.585366, 157
TRD, 1880.121951, 159
TRD, 1882.585366, 160
TRD, 1882.756098, 158
TRD, 1883.268293, 162
TRD, 1883.951220, 158
TRD, 1884.000000, 156
TRD, 1884.707317, 155
TRD, 1886.073171, 155
TRD, 1888.243902, 159
TRD, 1889.146341, 162
TRD, 1890.780488, 156
TRD, 1891.951220, 153
TRD, 1892.926829, 163
TRD, 1893.756098, 165
TRD, 1894.243902, 164
TRD, 1896.585366, 163
TRD, 1898.780488, 154
TRD, 1899.634146, 152
TRD, 1900.439024, 162
TRD, 1901.585366, 157
TRD, 1904.560976, 161
TRD, 1904.804878, 163
TRD, 1905.707317, 159
TRD, 1906.634146, 156
TRD, 1906.731707, 159
TRD, 1907.219512, 150
TRD, 1908.024390, 161
TRD, 1908.414634, 161
TRD, 1908.975610, 150
TRD, 1909.853659, 163
TRD, 1912.756098, 160
TRD, 1914.512195, 166
TRD, 1914.731707, 164
TRD, 1915.536585, 171
TRD, 1915.682927, 164
TRD, 1916.024390, 162
TRD, 1916.073171, 154
TRD, 1916.512195, 155
TRD, 1917.439024, 173
TRD, 1918.365854, 167
TRD, 1920.170732, 163
TRD, 1920.292683, 171
TRD, 1920.414634, 161
TRD, 1922.439024, 168
TRD, 1922.853659, 178
TRD, 1923.829268, 163
TRD, 1924.731707, 169
TRD, 1925.292683, 171
TRD, 1925.902439, 162
TRD, 1926.804878, 162
TRD, 1927.902439, 157
TRD, 1928.073171, 175
TRD, 1931.951220, 164
TRD, 1934.121951, 162
TRD, 1934.804878, 166
TRD, 1936.975610, 167
TRD, 1938.341463, 168
TRD, 1939.609756, 162
TRD, 1940.414634, 161
TRD, 1940.682927, 165
TRD, 1943.682927, 159
TRD, 1943.756098, 165
TRD, 1944.219512, 160
TRD, 1945.097561, 165
TRD, 1945.390244, 168
TRD, 1945.804878, 168
TRD, 1945.926829, 155
TRD, 1946.268293, 168
TRD, 1947.292683, 170
TRD, 1947.682927, 153
TRD, 1948.170732, 145
TRD, 1949.365854, 155
TRD, 1949.756098, 152
TRD, 1952.463415, 161
TRD, 1953.512195, 167
TRD, 1954.000000, 163
TRD, 1954.365854, 170
TRD, 1954.536585, 163
TRD, 1956.634146, 170
TRD, 1957.804878, 167
TRD, 1957.975610, 162
TRD, 1958.048780, 157
TRD, 1960.219512, 164
TRD, 1960.658537, 165
TRD, 1961.219512, 156
TRD, 1961.731707, 168
TRD, 1961.804878, 169
TRD, 1962.292683, 154
TRD, 1963.000000, 172
TRD, 1963.585366, 160
TRD, 1965.195122, 151
TRD, 1966.073171, 155
TRD, 1966.487805, 150
TRD, 1967.292683, 156
TRD, 1969.365854, 160
TRD, 1970.512195, 161
TRD, 1972.878049, 167
TRD, 1973.951220, 166
TRD, 1974.170732, 168
TRD, 1974.609756, 165
TRD, 1974.829268, 171
TRD, 1974.926829, 171
TRD, 1975.219512, 165
TRD, 1975.731707, 166
TRD, 1976.609756, 170
TRD, 1977.682927, 163
TRD, 1978.804878, 162
TRD, 1980.195122, 171
TRD, 1980.439024, 174
TRD, 1981.024390, 166
TRD, 1985.951220, 165
TRD, 1987.341463, 173
TRD, 1988.536585, 172
TRD, 1989.585366, 176
TRD, 1989.780488, 170
TRD, 1990.219512, 158
TRD, 1991.292683, 169
TRD, 1992.780488, 164
TRD, 1993.390244, 156
TRD, 1995.341463, 158
TRD, 1996.317073, 164
TRD, 1996.682927, 165
TRD, 1996.926829, 160
TRD, 1997.292683, 155
TRD, 1998.536585, 155
TRD, 2000.512195, 152
TRD, 2001.341463, 154
TRD, 2001.902439, 152
TRD, 2002.634146, 153
TRD, 2002.853659, 157
TRD, 2003.048780, 161
TRD, 2005.365854, 152
TRD, 2005.463415, 157
TRD, 2006.731707, 157
TRD, 2007.292683, 153
TRD, 2007.317073, 158
TRD, 2008.097561, 147
TRD, 2009.902439, 146
TRD, 2011.024390, 149
TRD, 2011.317073, 161
TRD, 2011.804878, 159
TRD, 2012.853659, 162
TRD, 2013.682927, 158
TRD, 2014.609756, 157
TRD, 2019.414634, 150
TRD, 2020.024390, 155
TRD, 2020.097561, 148
TRD, 2020.536585, 151
TRD, 2022.000000, 158
TRD, 2023.951220, 158
TRD, 2024.439024, 158
TRD, 2026.097561, 156
TRD, 2026.243902, 157
TRD, 2027.365854, 159
TRD, 2027.829268, 160
TRD, 2028.463415, 159
TRD, 2028.926829, 159
TRD, 2029.219512, 157
TRD, 2029.926829, 159
TRD, 2031.341463, 162
TRD, 2032.365854, 160
TRD, 2032.512195, 157
TRD, 2033.536585, 155
TRD, 2036.951220, 158
TRD, 2039.317073, 157
TRD, 2040.439024, 157
TRD, 2040.634146, 151
TRD, 2041.414634, 158
TRD, 2041.487805, 158
TRD, 2041.560976, 157
TRD, 2041.975610, 159
TRD, 2042.682927, 159
TRD, 2046.024390, 157
TRD, 2046.682927, 159
TRD, 2047.682927, 160
TRD, 2048.073171, 164
TRD, 2048.951220, 154
TRD, 2049.292683, 162
TRD, 2049.512195, 153
TRD, 2049.682927, 163
TRD, 2050.658537, 155
TRD, 2051.121951, 162
TRD, 2051.951220, 162
TRD, 2053.048780, 154
TRD, 2055.097561, 162
TRD, 2055.560976, 158
TRD, 2056.000000, 157
TRD, 2058.536585, 150
TRD, 2059.097561, 154
TRD, 2059.853659, 153
TRD, 2064.048780, 157
TRD, 2065.146341, 153
TRD, 2065.487805, 150
TRD, 2066.658537, 151
TRD, 2067.097561, 145
TRD, 2068.414634, 151
TRD, 2069.292683, 146
TRD, 2069.658537, 151
TRD, 2069.756098, 142
TRD, 2070.902439, 154
TRD, 2071.024390, 156
TRD, 2073.317073, 156
TRD, 2075.024390, 141
TRD, 2077.804878, 146
TRD, 2078.365854, 147
TRD, 2078.756098, 147
TRD, 2078.878049, 142
TRD, 2080.756098, 147
TRD, 2081.951220, 142
TRD, 2083.219512, 140
TRD, 2083.243902, 136
TRD, 2083.804878, 147
TRD, 2083.975610, 139
TRD, 2086.512195, 142
TRD, 2086.536585, 147
TRD, 2087.195122, 148
TRD, 2087.609756, 149
TRD, 2087.829268, 145
TRD, 2088.219512, 146
TRD, 2088.975610, 144
TRD, 2089.463415, 138
TRD, 2089.731707, 136
TRD, 2090.146341, 136
TRD, 2092.756098, 143
TRD, 2094.414634, 145
TRD, 2094.487805, 145
TRD, 2095.609756, 145
TRD, 2098.780488, 140
TRD, 2099.878049, 138
TRD, 2102.512195, 137
TRD, 2102.780488, 140
TRD, 2104.512195, 141
TRD, 2104.756098, 138
TRD, 2105.170732, 148
TRD, 2105.707317, 146
TRD, 2107.048780, 144
TRD, 2107.390244, 150
TRD, 2108.170732, 142
TRD, 2108.536585, 139
TRD, 2109.121951, 131
TRD, 2110.463415, 137
TRD, 2111.243902, 136
TRD, 2111.804878, 137
TRD, 2111.951220, 138
TRD, 2112.219512, 142
TRD, 2114.243902, 143
TRD, 2116.073171, 142
TRD, 2116.707317, 140
TRD, 2118.121951, 139
TRD, 2118.268293, 145
TRD, 2119.536585, 139
TRD, 2120.658537, 139
TRD, 2120.756098, 134
TRD, 2122.243902, 137
TRD, 2123.268293, 138
TRD, 2125.170732, 145
TRD, 2125.463415, 146
TRD, 2127.073171, 143
TRD, 2127.804878, 142
TRD, 2128.195122, 144
TRD, 2130.121951, 147
TRD, 2130.585366, 144
TRD, 2131.073171, 146
TRD, 2131.487805, 147
TRD, 2132.609756, 150
TRD, 2134.439024, 144
TRD, 2135.560976, 143
TRD, 2136.341463, 140
TRD, 2136.560976, 133
TRD, 2137.390244, 144
TRD, 2138.073171, 144
TRD, 2138.560976, 141
TRD, 2140.292683, 148
TRD, 2141.000000, 141
TRD, 2142.024390, 151
TRD, 2143.585366, 147
TRD, 2143.951220, 140
TRD, 2144.170732, 151
TRD, 2145.609756, 119
TRD, 2147.097561, 122
TRD, 2148.268293, 150
TRD, 2149.975610, 144
TRD, 2150.048780, 143
TRD, 2150.365854, 147
TRD, 2151.268293, 148
TRD, 2151.414634, 141
TRD, 2151.463415, 134
TRD, 2152.658537, 143
TRD, 2153.658537, 145
TRD, 2153.682927, 149
TRD, 2154.756098, 144
TRD, 2155.024390, 138
TRD, 2155.878049, 152
TRD, 2156.975610, 134
TRD, 2157.853659, 161
TRD, 2160.512195, 151
TRD, 2161.926829, 149
TRD, 2162.097561, 148
TRD, 2164.707317, 154
TRD, 2165.512195, 152
TRD, 2167.853659, 144
TRD, 2168.975610, 143
TRD, 2169.414634, 145
TRD, 2171.219512, 148
TRD, 2172.073171, 144
TRD, 2172.439024, 143
TRD, 2173.414634, 143
TRD, 2173.439024, 142
TRD, 2173.926829, 140
TRD, 2175.073171, 138
TRD, 2177.341463, 143
TRD, 2177.780488, 140
TRD, 2178.390244, 148
TRD, 2178.926829, 143
TRD, 2179.560976, 142
TRD, 2179.707317, 149
TRD, 2184.097561, 155
TRD, 2185.024390, 150
TRD, 2185.585366, 156
TRD, 2186.585366, 158
TRD, 2189.780488, 157
TRD, 2191.512195, 152
TRD, 2192.000000, 152
TRD, 2192.512195, 157
TRD, 2194.512195, 155
TRD, 2194.658537, 155
TRD, 2195.341463, 151
TRD, 2195.390244, 151
TRD, 2195.536585, 157
TRD, 2195.707317, 150
TRD, 2196.146341, 140
TRD, 2197.146341, 152
TRD, 2198.609756, 150
TRD, 2198.658537, 139
TRD, 2199.000000, 141
TRD, 2200.658537, 148
TRD, 2201.731707, 135
TRD, 2203.560976, 145
TRD, 2203.756098, 147
TRD, 2204.243902, 143
TRD, 2204.463415, 147
TRD, 2205.317073, 146
TRD, 2207.609756, 148
TRD, 2213.487805, 142
TRD, 2213.756098, 143
TRD, 2214.512195, 148
TRD, 2215.024390, 143
TRD, 2216.536585, 148
TRD, 2216.756098, 142
TRD, 2216.902439, 141
TRD, 2217.146341, 157
TRD, 2218.195122, 148
TRD, 2219.243902, 153
TRD, 2220.634146, 155
TRD, 2224.243902, 157
TRD, 2224.853659, 157
TRD, 2226.000000, 150
TRD, 2227.658537, 149
TRD, 2227.682927, 153
TRD, 2229.097561, 153
TRD, 2230.390244, 154
TRD, 2231.000000, 153
TRD, 2231.146341, 154
TRD, 2232.219512, 156
TRD, 2233.853659, 150
TRD, 2234.902439, 154
TRD, 2237.365854, 154
TRD, 2237.463415, 151
TRD, 2238.121951, 152
TRD, 2240.121951, 150
TRD, 2240.341463, 149
TRD, 2241.414634, 143
TRD, 2241.902439, 141
TRD, 2244.097561, 139
TRD, 2244.609756, 143
TRD, 2246.000000, 144
TRD, 2247.097561, 146
TRD, 2247.609756, 139
TRD, 2247.780488, 147
TRD, 2248.317073, 136
TRD, 2248.439024, 149
TRD, 2248.780488, 134
TRD, 2249.512195, 148
TRD, 2250.853659, 150
TRD, 2252.219512, 154
TRD, 2253.024390, 149
TRD, 2254.658537, 145
TRD, 2258.902439, 156
TRD, 2259.975610, 150
TRD, 2260.439024, 148
TRD, 2260.926829, 147
TRD, 2261.878049, 156
TRD, 2262.024390, 147
TRD, 2263.463415, 154
TRD, 2264.707317, 151
TRD, 2266.268293, 143
TRD, 2267.073171, 141
TRD, 2267.878049, 145
TRD, 2269.048780, 146
TRD, 2269.195122, 141
TRD, 2269.585366, 139
TRD, 2271.414634, 141
TRD, 2272.365854, 146
TRD, 2272.390244, 139
TRD, 2273.829268, 144
TRD, 2275.487805, 146
TRD, 2276.048780, 146
TRD, 2277.975610, 142
TRD, 2278.609756, 142
TRD, 2278.634146, 145
TRD, 2279.024390, 148
TRD, 2279.341463, 143
TRD, 2279.487805, 149
TRD, 2286.024390, 145
TRD, 2286.634146, 140
TRD, 2286.707317, 147
TRD, 2287.170732, 137
TRD, 2287.536585, 144
TRD, 2287.756098, 149
TRD, 2289.073171, 151
TRD, 2289.731707, 148
TRD, 2290.682927, 143
TRD, 2292.609756, 148
TRD, 2292.951220, 144
TRD, 2293.439024, 143
TRD, 2294.317073, 149
TRD, 2294.536585, 141
TRD, 2294.780488, 150
TRD, 2294.951220, 140
TRD, 2296.439024, 156
TRD, 2298.146341, 157
TRD, 2299.463415, 156
TRD, 2300.512195, 161
TRD, 2300.731707, 157
TRD, 2301.365854, 151
TRD, 2301.560976, 151
TRD, 2303.829268, 155
TRD, 2304.317073, 149
TRD, 2304.560976, 152
TRD, 2306.341463, 147
TRD, 2307.097561, 149
TRD, 2307.243902, 153
TRD, 2307.634146, 153
TRD, 2308.609756, 151
TRD, 2308.682927, 146
TRD, 2310.390244, 150
TRD, 2312.121951, 147
TRD, 2312.487805, 147
TRD, 2314.146341, 149
TRD, 2314.365854, 147
TRD, 2314.487805, 145
TRD, 2314.682927, 149
TRD, 2315.268293, 144
TRD, 2317.243902, 146
TRD, 2318.243902, 149
TRD, 2318.560976, 152
TRD, 2319.707317, 151
TRD, 2319.756098, 150
TRD, 2321.390244, 149
TRD, 2322.512195, 139
TRD, 2322.634146, 144
TRD, 2324.048780, 147
TRD, 2324.341463, 141
TRD, 2325.609756, 138
TRD, 2325.878049, 142
TRD, 2326.268293, 138
TRD, 2326.951220, 142
TRD, 2329.536585, 140
TRD, 2330.975610, 158
TRD, 2331.195122, 154
TRD, 2332.365854, 153
TRD, 2336.024390, 152
TRD, 2336.219512, 156
TRD, 2337.975610, 146
TRD, 2338.170732, 144
TRD, 2338.414634, 149
TRD, 2340.439024, 147
TRD, 2340.902439, 145
TRD, 2341.292683, 143
TRD, 2341.463415, 142
TRD, 2342.585366, 138
TRD, 2342.707317, 144
TRD, 2345.048780, 136
TRD, 2345.341463, 144
TRD, 2345.585366, 146
TRD, 2345.634146, 134
TRD, 2345.853659, 133
TRD, 2346.829268, 152
TRD, 2349.658537, 150
TRD, 2351.073171, 149
TRD, 2352.292683, 148
TRD, 2353.926829, 147
TRD, 2354.902439, 146
TRD, 2355.487805, 146
TRD, 2356.682927, 144
TRD, 2357.000000, 141
TRD, 2357.780488, 145
TRD, 2359.097561, 145
TRD, 2359.341463, 146
TRD, 2359.951220, 142
TRD, 2360.658537, 149
TRD, 2361.292683, 152
TRD, 2362.048780, 150
TRD, 2363.414634, 151
TRD, 2367.292683, 146
TRD, 2367.634146, 144
TRD, 2368.048780, 154
TRD, 2369.731707, 145
TRD, 2370.536585, 143
TRD, 2371.146341, 143
TRD, 2373.780488, 150
TRD, 2374.853659, 143
TRD, 2378.609756, 149
TRD, 2379.512195, 149
TRD, 2381.585366, 142
TRD, 2381.975610, 149
TRD, 2383.487805, 147
TRD, 2383.585366, 145
TRD, 2383.829268, 146
TRD, 2387.292683, 142
TRD, 2388.195122, 146
TRD, 2388.219512, 146
TRD, 2388.707317, 140
TRD, 2389.268293, 148
TRD, 2390.219512, 141
TRD, 2391.463415, 145
TRD, 2391.560976, 148
TRD, 2391.707317, 147
TRD, 2391.780488, 142
TRD, 2392.000000, 149
TRD, 2392.195122, 139
TRD, 2392.487805, 150
TRD, 2393.707317, 149
TRD, 2394.390244, 145
TRD, 2394.414634, 144
TRD, 2395.536585, 145
TRD, 2395.658537, 149
TRD, 2397.951220, 152
TRD, 2398.609756, 146
TRD, 2400.804878, 142
TRD, 2401.634146, 149
TRD, 2402.268293, 143
TRD, 2403.634146, 141
TRD, 2404.536585, 141
TRD, 2404.951220, 148
TRD, 2405.560976, 152
TRD, 2406.560976, 147
TRD, 2406.804878, 157
TRD, 2407.634146, 141
TRD, 2408.609756, 155
TRD, 2410.268293, 154
TRD, 2410.390244, 151
TRD, 2411.073171, 150
TRD, 2412.317073, 148
TRD, 2412.902439, 150
TRD, 2415.902439, 141
TRD, 2416.975610, 146
TRD, 2417.560976, 146
TRD, 2419.073171, 138
TRD, 2419.463415, 142
TRD, 2420.731707, 144
TRD, 2421.097561, 142
TRD, 2422.756098, 142
TRD, 2424.073171, 144
TRD, 2426.000000, 144
TRD, 2426.414634, 144
TRD, 2427.439024, 142
TRD, 2428.414634, 140
TRD, 2429.195122, 143
TRD, 2429.731707, 146
TRD, 2430.024390, 143
TRD, 2430.268293, 142
TRD, 2430.780488, 141
TRD, 2432.634146, 145
TRD, 2432.951220, 142
TRD, 2433.512195, 135
TRD, 2434.097561, 145
TRD, 2434.439024, 155
TRD, 2435.390244, 144
TRD, 2435.512195, 144
TRD, 2435.975610, 147
TRD, 2437.926829, 141
TRD, 2439.804878, 144
TRD, 2441.780488, 147
TRD, 2441.829268, 137
TRD, 2443.414634, 147
TRD, 2444.536585, 140
TRD, 2444.731707, 141
TRD, 2446.512195, 149
TRD, 2448.463415, 145
TRD, 2449.780488, 142
TRD, 2449.878049, 139
TRD, 2450.048780, 148
TRD, 2452.146341, 139
TRD, 2454.243902, 138
TRD, 2454.682927, 145
TRD, 2455.560976, 155
TRD, 2456.024390, 163
TRD, 2456.878049, 161
TRD, 2456.975610, 160
TRD, 2457.390244, 161
TRD, 2459.121951, 149
TRD, 2462.268293, 146
TRD, 2462.634146, 142
TRD, 2462.658537, 141
TRD, 2463.902439, 138
TRD, 2464.048780, 148
TRD, 2464.780488, 129
TRD, 2466.634146, 154
TRD, 2467.536585, 149
TRD, 2468.902439, 143
TRD, 2469.390244, 143
TRD, 2469.609756, 155
TRD, 2472.000000, 144
TRD, 2473.756098, 147
TRD, 2474.780488, 141
TRD, 2475.097561, 141
TRD, 2476.414634, 138
TRD, 2478.365854, 132
TRD, 2479.024390, 130
TRD, 2485.707317, 132
TRD, 2486.341463, 141
TRD, 2487.512195, 142
TRD, 2488.170732, 141
TRD, 2489.195122, 142
TRD, 2489.414634, 142
TRD, 2490.170732, 141
TRD, 2490.585366, 140
TRD, 2490.926829, 142
TRD, 2491.756098, 137
TRD, 2491.975610, 128
TRD, 2492.878049, 143
TRD, 2493.609756, 138
TRD, 2493.853659, 127
TRD, 2494.512195, 131
TRD, 2494.658537, 135
TRD, 2495.560976, 128
TRD, 2498.560976, 135
TRD, 2498.975610, 132
TRD, 2500.682927, 134
TRD, 2501.097561, 135
TRD, 2501.756098, 130
TRD, 2502.536585, 135
TRD, 2503.487805, 137
TRD, 2503.731707, 139
TRD, 2504.121951, 129
TRD, 2504.463415, 138
TRD, 2505.731707, 138
TRD, 2506.780488, 132
TRD, 2507.024390, 134
TRD, 2508.365854, 129
TRD, 2508.829268, 135
TRD, 2509.536585, 139
TRD, 2510.073171, 133
TRD, 2510.853659, 124
TRD, 2513.341463, 132
TRD, 2515.097561, 131
TRD, 2515.146341, 134
TRD, 2516.585366, 133
TRD, 2519.317073, 126
TRD, 2519.682927, 133
TRD, 2520.390244, 135
TRD, 2521.512195, 132
TRD, 2522.658537, 129
TRD, 2523.634146, 135
TRD, 2524.097561, 136
TRD, 2525.780488, 146
TRD, 2526.317073, 146
TRD, 2528.292683, 137
TRD, 2529.219512, 134
TRD, 2529.243902, 140
TRD, 2529.560976, 145
TRD, 2530.926829, 128
TRD, 2531.268293, 128
TRD, 2531.878049, 141
TRD, 2531.975610, 145
TRD, 2533.292683, 131
TRD, 2534.878049, 141
TRD, 2536.439024, 139
TRD, 2538.000000, 143
TRD, 2539.926829, 140
TRD, 2540.341463, 139
TRD, 2542.097561, 138
TRD, 2542.658537, 138
TRD, 2543.634146, 145
TRD, 2545.146341, 137
TRD, 2546.341463, 134
TRD, 2547.219512, 133
TRD, 2547.634146, 128
TRD, 2547.658537, 123
TRD, 2548.756098, 131
TRD, 2549.170732, 137
TRD, 2550.219512, 127
TRD, 2553.731707, 128
TRD, 2553.926829, 135
TRD, 2553.951220, 137
TRD, 2558.682927, 135
TRD, 2561.073171, 132
TRD, 2561.439024, 131
TRD, 2561.463415, 135
TRD, 2561.512195, 129
TRD, 2561.756098, 129
TRD, 2562.170732, 128
TRD, 2563.878049, 128
TRD, 2564.219512, 125
TRD, 2566.268293, 120
TRD, 2566.536585, 116
TRD, 2566.560976, 133
TRD, 2568.756098, 134
TRD, 2569.000000, 116
TRD, 2569.317073, 120
TRD, 2571.365854, 121
TRD, 2571.390244, 130
TRD, 2572.024390, 121
TRD, 2572.487805, 132
TRD, 2572.658537, 124
TRD, 2574.073171, 131
TRD, 2574.902439, 135
TRD, 2575.317073, 138
TRD, 2576.487805, 141
TRD, 2576.780488, 139
TRD, 2577.390244, 135
TRD, 2578.024390, 123
TRD, 2580.926829, 130
TRD, 2581.585366, 129
TRD, 2581.682927, 130
TRD, 2583.756098, 131
TRD, 2584.146341, 123
TRD, 2584.365854, 136
TRD, 2586.658537, 131
TRD, 2587.536585, 133
TRD, 2588.170732, 132
TRD, 2590.512195, 132
TRD, 2591.170732, 132
TRD, 2594.975610, 133
TRD, 2595.243902, 131
TRD, 2595.341463, 131
TRD, 2595.463415, 133
TRD, 2596.000000, 131
TRD, 2596.365854, 135
TRD, 2598.463415, 128
TRD, 2598.975610, 130
TRD, 2599.634146, 132
TRD, 2600.658537, 132
TRD, 2603.341463, 128
TRD, 2603.439024, 137
TRD, 2603.975610, 145
TRD, 2604.219512, 126
TRD, 2604.756098, 132
TRD, 2606.097561, 130
TRD, 2606.829268, 123
TRD, 2606.878049, 138
TRD, 2607.317073, 130
TRD, 2607.780488, 131
TRD, 2608.365854, 122
TRD, 2609.731707, 135
TRD, 2610.804878, 130
TRD, 2612.219512, 137
TRD, 2613.756098, 132
TRD, 2614.487805, 137
TRD, 2616.878049, 133
TRD, 2619.365854, 128
TRD, 2620.804878, 126
TRD, 2622.609756, 130
TRD, 2623.634146, 125
TRD, 2623.878049, 122
TRD, 2624.707317, 126
TRD, 2624.951220, 127
TRD, 2625.048780, 127
TRD, 2625.292683, 122
TRD, 2625.317073, 122
TRD, 2625.414634, 130
TRD, 2625.926829, 132
TRD, 2628.731707, 147
TRD, 2628.902439, 133
TRD, 2629.975610, 140
TRD, 2631.121951, 144
TRD, 2632.341463, 124
TRD, 2632.829268, 127
TRD, 2636.048780, 150
TRD, 2636.073171, 143
TRD, 2637.512195, 139
TRD, 2637.902439, 149
TRD, 2639.121951, 137
TRD, 2641.975610, 136
TRD, 2642.756098, 130
TRD, 2643.560976, 132
TRD, 2643.609756, 131
TRD, 2643.707317, 136
TRD, 2646.121951, 132
TRD, 2646.341463, 129
TRD, 2647.292683, 132
TRD, 2647.878049, 129
TRD, 2648.048780, 128
TRD, 2650.585366, 134
TRD, 2651.341463, 129
TRD, 2652.048780, 129
TRD, 2652.146341, 130
TRD, 2652.560976, 133
TRD, 2653.073171, 129
TRD, 2654.341463, 128
TRD, 2655.024390, 122
TRD, 2656.804878, 129
TRD, 2658.707317, 118
TRD, 2659.268293, 114
TRD, 2659.585366, 119
TRD, 2660.317073, 125
TRD, 2663.146341, 122
TRD, 2664.439024, 122
TRD, 2664.804878, 121
TRD, 2665.073171, 125
TRD, 2666.682927, 122
TRD, 2667.000000, 122
TRD, 2667.024390, 120
TRD, 2667.365854, 122
TRD, 2668.170732, 124
TRD, 2669.487805, 124
TRD, 2670.292683, 117
TRD, 2671.414634, 123
TRD, 2673.951220, 123
TRD, 2676.121951, 122
TRD, 2677.414634, 122
TRD, 2677.756098, 124
TRD, 2678.439024, 124
TRD, 2678.658537, 125
TRD, 2680.073171, 121
TRD, 2680.097561, 128
TRD, 2681.512195, 127
TRD, 2683.487805, 122
TRD, 2684.292683, 122
TRD, 2684.560976, 129
TRD, 2685.268293, 121
TRD, 2686.536585, 135
TRD, 2686.658537, 134
TRD, 2688.439024, 133
TRD, 2689.804878, 130
TRD, 2690.487805, 128
TRD, 2690.829268, 126
TRD, 2691.926829, 127
TRD, 2692.000000, 134
TRD, 2692.902439, 126
TRD, 2693.463415, 126
TRD, 2696.195122, 142
TRD, 2696.585366, 140
TRD, 2699.219512, 135
TRD, 2699.560976, 130
TRD, 2700.146341, 129
TRD, 2700.317073, 142
TRD, 2702.463415, 136
TRD, 2703.121951, 135
TRD, 2703.853659, 142
TRD, 2704.390244, 134
TRD, 2705.487805, 130
TRD, 2706.268293, 123
TRD, 2707.975610, 128
TRD, 2708.317073, 132
TRD, 2708.829268, 133
TRD, 2709.195122, 129
TRD, 2709.365854, 132
TRD, 2709.756098, 132
TRD, 2709.902439, 119
TRD, 2710.000000, 119
TRD, 2712.463415, 122
TRD, 2713.926829, 121
TRD, 2714.317073, 123
TRD, 2714.829268, 121
TRD, 2715.097561, 123
TRD, 2715.682927, 123
TRD, 2716.634146, 123
TRD, 2717.146341, 104
TRD, 2717.707317, 108
TRD, 2717.829268, 113
TRD, 2719.243902, 122
TRD, 2720.219512, 110
TRD, 2723.414634, 105
TRD, 2724.219512, 115
TRD, 2725.365854, 126
TRD, 2725.487805, 117
TRD, 2727.780488, 129
TRD, 2728.073171, 125
TRD, 2730.292683, 126
TRD, 2730.975610, 124
TRD, 2731.926829, 124
TRD, 2732.512195, 121
TRD, 2733.536585, 119
TRD, 2733.585366, 122
TRD, 2734.707317, 122
TRD, 2734.902439, 122
TRD, 2736.146341, 123
TRD, 2737.658537, 118
TRD, 2738.536585, 119
TRD, 2738.707317, 122
TRD, 2739.048780, 118
TRD, 2739.560976, 117
TRD, 2740.073171, 121
TRD, 2740.560976, 122
TRD, 2740.926829, 115
TRD, 2741.951220, 123
TRD, 2743.292683, 109
TRD, 2744.073171, 123
TRD, 2748.146341, 124
TRD, 2748.219512, 122
TRD, 2749.463415, 125
TRD, 2750.170732, 122
TRD, 2750.439024, 127
TRD, 2752.292683, 127
TRD, 2752.902439, 122
TRD, 2752.951220, 116
TRD, 2753.024390, 126
TRD, 2754.439024, 127
TRD, 2754.926829, 127
TRD, 2754.951220, 121
TRD, 2755.536585, 111
TRD, 2756.707317, 115
TRD, 2757.439024, 120
TRD, 2758.512195, 122
TRD, 2760.048780, 126
TRD, 2761.658537, 121
TRD, 2762.024390, 114
TRD, 2762.170732, 123
TRD, 2762.926829, 123
TRD, 2763.219512, 135
TRD, 2765.219512, 126
TRD, 2765.536585, 130
TRD, 2766.219512, 125
TRD, 2766.390244, 127
TRD, 2767.317073, 122
TRD, 2769.439024, 127
TRD, 2773.829268, 129
TRD, 2774.073171, 125
TRD, 2774.170732, 123
TRD, 2775.000000, 123
TRD, 2775.707317, 127
TRD, 2778.073171, 125
TRD, 2778.292683, 126
TRD, 2779.097561, 121
TRD, 2779.560976, 125
TRD, 2781.000000, 119
TRD, 2781.658537, 115
TRD, 2781.780488, 125
TRD, 2782.536585, 115
TRD, 2782.853659, 119
TRD, 2783.853659, 124
TRD, 2784.585366, 124
TRD, 2786.609756, 125
TRD, 2788.878049, 120
TRD, 2789.243902, 124
TRD, 2791.292683, 119
TRD, 2791.365854, 118
TRD, 2792.487805, 117
TRD, 2793.268293, 121
TRD, 2793.682927, 121
TRD, 2794.000000, 121
TRD, 2795.390244, 120
TRD, 2795.731707, 120
TRD, 2796.731707, 118
TRD, 2798.048780, 125
TRD, 2800.268293, 127
TRD, 2800.560976, 128
TRD, 2800.853659, 125
TRD, 2801.463415, 125
TRD, 2802.000000, 124
TRD, 2802.439024, 128
TRD, 2804.024390, 128
TRD, 2804.048780, 131
TRD, 2804.951220, 126
TRD, 2808.097561, 126
TRD, 2808.439024, 122
TRD, 2810.219512, 121
TRD, 2810.609756, 125
TRD, 2811.804878, 120
TRD, 2813.195122, 121
TRD, 2813.756098, 118
TRD, 2813.878049, 117
TRD, 2816.121951, 119
TRD, 2816.341463, 120
TRD, 2816.658537, 122
TRD, 2817.195122, 116
TRD, 2819.243902, 113
TRD, 2820.609756, 117
TRD, 2820.829268, 110
TRD, 2821.048780, 112
TRD, 2821.268293, 121
TRD, 2825.170732, 116
TRD, 2825.585366, 115
TRD, 2825.634146, 117
TRD, 2825.829268, 116
TRD, 2828.048780, 115
TRD, 2829.073171, 115
TRD, 2831.073171, 116
TRD, 2831.731707, 113
TRD, 2831.975610, 118
TRD, 2833.902439, 119
TRD, 2834.195122, 113
TRD, 2835.024390, 117
TRD, 2835.682927, 115
TRD, 2835.707317, 119
TRD, 2835.731707, 114
TRD, 2837.414634, 115
TRD, 2838.243902, 114
TRD, 2838.902439, 120
TRD, 2839.609756, 109
TRD, 2839.634146, 117
TRD, 2840.219512, 118
TRD, 2840.341463, 110
TRD, 2842.268293, 122
TRD, 2843.219512, 121
TRD, 2844.292683, 120
TRD, 2845.146341, 114
TRD, 2845.390244, 115
TRD, 2845.463415, 118
TRD, 2846.512195, 114
TRD, 2847.512195, 105
TRD, 2848.170732, 109
TRD, 2851.487805, 109
TRD, 2855.243902, 113
TRD, 2855.536585, 110
TRD, 2856.121951, 119
TRD, 2856.219512, 105
TRD, 2857.219512, 110
TRD, 2857.707317, 112
TRD, 2858.341463, 119
TRD, 2858.365854, 110
TRD, 2860.536585, 115
TRD, 2860.951220, 119
TRD, 2861.463415, 122
TRD, 2862.512195, 108
TRD, 2863.170732, 112
TRD, 2864.195122, 114
TRD, 2864.878049, 112
TRD, 2865.243902, 119
TRD, 2866.878049, 116
TRD, 2867.219512, 116
TRD, 2867.804878, 119
TRD, 2868.073171, 114
TRD, 2869.073171, 115
TRD, 2869.951220, 108
TRD, 2873.731707, 114
TRD, 2875.926829, 111
TRD, 2876.658537, 115
TRD, 2877.073171, 111
TRD, 2878.536585, 107
TRD, 2878.975610, 115
TRD, 2879.341463, 115
TRD, 2881.756098, 110
TRD, 2882.170732, 111
TRD, 2882.341463, 109
TRD, 2882.829268, 112
TRD, 2885.146341, 118
TRD, 2886.000000, 117
TRD, 2886.756098, 106
TRD, 2887.097561, 116
TRD, 2887.682927, 119
TRD, 2888.658537, 108
TRD, 2889.390244, 102
TRD, 2892.268293, 109
TRD, 2892.780488, 116
TRD, 2893.560976, 109
TRD, 2893.682927, 104
TRD, 2898.780488, 116
TRD, 2898.902439, 112
TRD, 2899.829268, 109
TRD, 2901.878049, 109
TRD, 2902.097561, 101
TRD, 2902.365854, 103
TRD, 2902.756098, 124
TRD, 2903.463415, 107
TRD, 2904.219512, 114
TRD, 2904.268293, 115
TRD, 2905.292683, 106
TRD, 2907.658537, 110
TRD, 2908.292683, 112
TRD, 2909.390244, 113
TRD, 2909.658537, 113
TRD, 2912.097561, 110
TRD, 2914.097561, 110
TRD, 2914.634146, 111
TRD, 2916.341463, 114
TRD, 2916.536585, 114
TRD, 2916.853659, 113
TRD, 2917.292683, 107
TRD, 2919.219512, 114
TRD, 2920.658537, 109
TRD, 2920.780488, 107
TRD, 2921.365854, 105
TRD, 2921.853659, 104
TRD, 2923.463415, 107
TRD, 2923.804878, 108
TRD, 2926.487805, 101
TRD, 2927.634146, 103
TRD, 2927.780488, 98
TRD, 2927.951220, 95
TRD, 2928.317073, 108
TRD, 2928.634146, 107
TRD, 2929.487805, 102
TRD, 2929.560976, 113
TRD, 2930.951220, 110
TRD, 2931.390244, 101
TRD, 2936.219512, 108
TRD, 2936.804878, 107
TRD, 2937.097561, 102
TRD, 2937.121951, 100
TRD, 2937.292683, 100
TRD, 2939.390244, 97
TRD, 2941.170732, 110
TRD, 2943.926829, 100
TRD, 2944.048780, 101
TRD, 2944.512195, 110
TRD, 2945.024390, 96
TRD, 2945.073171, 96
TRD, 2945.170732, 95
TRD, 2945.951220, 104
TRD, 2946.097561, 109
TRD, 2948.243902, 96
TRD, 2948.878049, 102
TRD, 2949.609756, 100
TRD, 2949.682927, 105
TRD, 2950.365854, 106
TRD, 2951.121951, 99
TRD, 2951.512195, 100
TRD, 2952.170732, 111
TRD, 2953.463415, 100
TRD, 2954.609756, 95
TRD, 2955.243902, 103
TRD, 2955.951220, 105
TRD, 2957.951220, 102
TRD, 2959.024390, 107
TRD, 2960.317073, 116
TRD, 2961.097561, 103
TRD, 2963.048780, 109
TRD, 2963.756098, 108
TRD, 2963.975610, 103
TRD, 2964.536585, 102
TRD, 2965.170732, 101
TRD, 2965.512195, 103
TRD, 2965.853659, 103
TRD, 2966.609756, 111
TRD, 2967.463415, 101
TRD, 2969.804878, 126
TRD, 2970.609756, 109
TRD, 2972.268293, 106
TRD, 2973.853659, 105
TRD, 2976.853659, 106
TRD, 2976.951220, 106
TRD, 2977.146341, 106
TRD, 2977.243902, 110
TRD, 2981.414634, 108
TRD, 2981.487805, 108
TRD, 2982.048780, 109
TRD, 2982.560976, 107
TRD, 2985.902439, 110
TRD, 2986.536585, 106
TRD, 2987.560976, 112
TRD, 2987.609756, 106
TRD, 2987.951220, 106
TRD, 2988.975610, 109
TRD, 2989.097561, 105
TRD, 2990.219512, 94
TRD, 2991.170732, 95
TRD, 2991.219512, 92
TRD, 2992.121951, 104
TRD, 2992.170732, 101
TRD, 2992.487805, 92
TRD, 2998.682927, 102
TRD, 3000.756098, 107
TRD, 3001.365854, 103
TRD, 3001.390244, 103
TRD, 3001.634146, 107
TRD, 3001.951220, 114
TRD, 3003.585366, 101
TRD, 3005.048780, 108
TRD, 3005.463415, 109
TRD, 3007.146341, 97
TRD, 3007.926829, 107
TRD, 3008.390244, 107
TRD, 3008.439024, 110
TRD, 3009.829268, 101
TRD, 3012.195122, 102
TRD, 3012.975610, 109
TRD, 3014.000000, 109
TRD, 3014.756098, 106
TRD, 3015.439024, 118
TRD, 3016.536585, 107
TRD, 3016.756098, 104
TRD, 3020.731707, 107
TRD, 3020.804878, 104
TRD, 3022.170732, 103
TRD, 3022.317073, 110
TRD, 3024.170732, 113
TRD, 3024.317073, 105
TRD, 3024.902439, 101
TRD, 3025.439024, 117
TRD, 3025.560976, 100
TRD, 3028.585366, 112
TRD, 3030.609756, 125
TRD, 3032.536585, 116
TRD, 3034.073171, 115
TRD, 3034.634146, 118
TRD, 3035.195122, 115
TRD, 3035.439024, 113
TRD, 3035.487805, 109
TRD, 3036.731707, 110
TRD, 3036.975610, 107
TRD, 3037.512195, 112
TRD, 3037.536585, 113
TRD, 3039.268293, 115
TRD, 3040.219512, 109
TRD, 3040.707317, 101
TRD, 3041.390244, 108
TRD, 3043.780488, 96
TRD, 3044.536585, 96
TRD, 3045.756098, 92
TRD, 3047.341463, 104
TRD, 3047.756098, 105
TRD, 3048.341463, 106
TRD, 3048.512195, 98
TRD, 3049.024390, 108
TRD, 3049.951220, 113
TRD, 3050.097561, 109
TRD, 3053.512195, 110
TRD, 3054.414634, 109
TRD, 3054.658537, 114
TRD, 3056.390244, 114
TRD, 3059.560976, 105
TRD, 3059.707317, 106
TRD, 3059.731707, 106
TRD, 3059.829268, 104
TRD, 3060.073171, 112
TRD, 3060.341463, 101
TRD, 3060.463415, 107
TRD, 3062.341463, 119
TRD, 3063.048780, 114
TRD, 3064.463415, 98
TRD, 3066.756098, 111
TRD, 3068.536585, 107
TRD, 3068.609756, 106
TRD, 3068.658537, 104
TRD, 3070.146341, 104
TRD, 3072.195122, 110
TRD, 3073.707317, 130
TRD, 3073.804878, 111
TRD, 3074.658537, 117
TRD, 3074.951220, 115
TRD, 3075.658537, 112
TRD, 3076.829268, 126
TRD, 3076.975610, 110
TRD, 3079.365854, 125
TRD, 3079.878049, 127
TRD, 3080.878049, 128
TRD, 3086.243902, 126
TRD, 3086.292683, 126
TRD, 3087.024390, 124
TRD, 3088.341463, 122
TRD, 3088.439024, 122
TRD, 3089.268293, 125
TRD, 3092.121951, 123
TRD, 3093.390244, 121
TRD, 3095.780488, 122
TRD, 3096.048780, 120
TRD, 3096.609756, 123
TRD, 3097.609756, 118
TRD, 3103.195122, 113
TRD, 3103.414634, 111
TRD, 3105.243902, 122
TRD, 3105.390244, 123
TRD, 3107.317073, 121
TRD, 3107.585366, 119
TRD, 3107.829268, 116
TRD, 3107.926829, 111
TRD, 3110.243902, 106
TRD, 3110.560976, 112
TRD, 3110.658537, 101
TRD, 3113.000000, 108
TRD, 3113.902439, 96
TRD, 3114.000000, 109
TRD, 3114.195122, 108
TRD, 3116.170732, 100
TRD, 3116.780488, 108
TRD, 3117.902439, 103
TRD, 3119.878049, 97
TRD, 3120.292683, 98
TRD, 3121.780488, 98
TRD, 3122.341463, 96
TRD, 3123.365854, 100
TRD, 3123.804878, 106
TRD, 3124.195122, 109
TRD, 3125.121951, 105
TRD, 3125.439024, 104
TRD, 3126.048780, 100
TRD, 3126.439024, 109
TRD, 3127.073171, 112
TRD, 3127.487805, 103
TRD, 3128.878049, 108
TRD, 3128.951220, 114
TRD, 3130.317073, 106
TRD, 3131.707317, 110
TRD, 3132.829268, 111
TRD, 3133.317073, 113
TRD, 3134.170732, 105
TRD, 3137.341463, 105
TRD, 3138.121951, 103
TRD, 3139.365854, 105
TRD, 3140.682927, 110
TRD, 3142.219512, 108
TRD, 3142.658537, 106
TRD, 3143.121951, 106
TRD, 3143.902439, 113
TRD, 3144.853659, 105
TRD, 3145.292683, 102
TRD, 3145.951220, 115
TRD, 3146.975610, 103
TRD, 3147.000000, 107
TRD, 3147.731707, 102
TRD, 3149.146341, 109
TRD, 3151.414634, 105
TRD, 3152.268293, 106
TRD, 3155.121951, 105
TRD, 3155.219512, 108
TRD, 3156.024390, 111
TRD, 3156.878049, 111
TRD, 3158.390244, 115
TRD, 3159.000000, 119
TRD, 3159.560976, 115
TRD, 3160.292683, 119
TRD, 3160.853659, 118
TRD, 3164.341463, 117
TRD, 3164.512195, 118
TRD, 3164.975610, 113
TRD, 3165.000000, 120
TRD, 3166.073171, 119
TRD, 3166.390244, 113
TRD, 3167.048780, 123
TRD, 3168.512195, 121
TRD, 3169.512195, 114
TRD, 3170.243902, 113
TRD, 3170.341463, 116
TRD, 3170.853659, 107
TRD, 3171.121951, 116
TRD, 3171.317073, 119
TRD, 3171.853659, 105
TRD, 3173.439024, 114
TRD, 3175.365854, 105
TRD, 3177.024390, 108
TRD, 3179.951220, 109
TRD, 3181.682927, 110
TRD, 3182.658537, 109
TRD, 3183.024390, 110
TRD, 3183.073171, 115
TRD, 3183.658537, 114
TRD, 3184.439024, 111
TRD, 3184.707317, 110
TRD, 3185.024390, 119
TRD, 3185.170732, 119
TRD, 3185.463415, 110
TRD, 3188.609756, 126
TRD, 3189.341463, 125
TRD, 3189.390244, 121
TRD, 3190.926829, 118
TRD, 3191.658537, 124
TRD, 3193.926829, 121
TRD, 3194.731707, 121
TRD, 3196.585366, 129
TRD, 3196.658537, 130
TRD, 3197.268293, 121
TRD, 3198.146341, 123
TRD, 3198.414634, 121
TRD, 3199.707317, 125
TRD, 3200.243902, 124
TRD, 3200.463415, 126
TRD, 3200.731707, 127
TRD, 3200.804878, 119
TRD, 3203.536585, 118
TRD, 3205.000000, 121
TRD, 3205.756098, 117
TRD, 3207.439024, 116
TRD, 3209.219512, 114
TRD, 3209.756098, 110
TRD, 3210.585366, 115
TRD, 3210.634146, 115
TRD, 3212.317073, 126
TRD, 3212.853659, 123
TRD, 3213.073171, 127
TRD, 3213.804878, 116
TRD, 3214.048780, 116
TRD, 3214.146341, 115
TRD, 3215.170732, 123
TRD, 3215.609756, 119
TRD, 3215.780488, 109
TRD, 3216.048780, 123
TRD, 3217.341463, 120
TRD, 3218.853659, 117
TRD, 3219.902439, 116
TRD, 3220.097561, 130
TRD, 3221.219512, 130
TRD, 3223.414634, 133
TRD, 3223.780488, 129
TRD, 3224.487805, 130
TRD, 3225.512195, 126
TRD, 3227.780488, 135
TRD, 3228.463415, 126
TRD, 3228.731707, 123
TRD, 3229.243902, 128
TRD, 3230.707317, 127
TRD, 3232.243902, 128
TRD, 3232.975610, 125
TRD, 3233.000000, 122
TRD, 3233.463415, 130
TRD, 3234.195122, 120
TRD, 3234.341463, 110
TRD, 3235.097561, 121
TRD, 3236.609756, 117
TRD, 3239.243902, 120
TRD, 3240.243902, 120
TRD, 3240.390244, 118
TRD, 3241.268293, 123
TRD, 3241.390244, 130
TRD, 3244.341463, 127
TRD, 3244.926829, 127
TRD, 3246.390244, 128
TRD, 3246.731707, 129
TRD, 3247.853659, 126
TRD, 3249.000000, 140
TRD, 3249.975610, 137
TRD, 3251.585366, 140
TRD, 3252.439024, 135
TRD, 3253.292683, 140
TRD, 3254.609756, 123
TRD, 3254.634146, 136
TRD, 3255.926829, 130
TRD, 3256.780488, 122
TRD, 3257.024390, 128
TRD, 3258.000000, 131
TRD, 3258.243902, 133
TRD, 3259.829268, 125
TRD, 3260.170732, 129
TRD, 3261.731707, 126
TRD, 3263.219512, 135
TRD, 3264.121951, 132
TRD, 3264.902439, 132
TRD, 3265.000000, 130
TRD, 3265.463415, 130
TRD, 3265.756098, 129
TRD, 3266.365854, 132
TRD, 3266.439024, 135
TRD, 3267.439024, 133
TRD, 3267.609756, 134
TRD, 3268.804878, 134
TRD, 3270.414634, 133
TRD, 3271.439024, 134
TRD, 3272.365854, 129
TRD, 3272.463415, 126
TRD, 3273.195122, 131
TRD, 3275.000000, 130
TRD, 3275.073171, 127
TRD, 3277.463415, 126
TRD, 3277.585366, 128
TRD, 3278.121951, 130
TRD, 3278.292683, 123
TRD, 3278.682927, 122
TRD, 3280.853659, 127
TRD, 3281.512195, 127
TRD, 3282.243902, 126
TRD, 3282.414634, 130
TRD, 3284.707317, 125
TRD, 3285.780488, 124
TRD, 3286.365854, 126
TRD, 3286.682927, 128
TRD, 3287.097561, 133
TRD, 3288.951220, 130
TRD, 3292.487805, 126
TRD, 3293.000000, 128
TRD, 3293.804878, 135
TRD, 3294.609756, 133
TRD, 3295.170732, 131
TRD, 3295.439024, 134
TRD, 3298.926829, 133
TRD, 3299.951220, 133
TRD, 3301.317073, 137
TRD, 3302.317073, 132
TRD, 3304.804878, 126
TRD, 3305.219512, 128
TRD, 3305.609756, 131
TRD, 3305.682927, 125
TRD, 3305.902439, 131
TRD, 3306.390244, 133
TRD, 3307.268293, 132
TRD, 3308.000000, 130
TRD, 3309.073171, 135
TRD, 3309.243902, 135
TRD, 3309.463415, 135
TRD, 3312.414634, 134
TRD, 3312.878049, 131
TRD, 3312.926829, 135
TRD, 3314.487805, 130
TRD, 3314.804878, 126
TRD, 3315.585366, 124
TRD, 3316.146341, 127
TRD, 3316.853659, 128
TRD, 3318.243902, 130
TRD, 3319.195122, 133
TRD, 3320.219512, 132
TRD, 3321.487805, 127
TRD, 3321.902439, 136
TRD, 3323.487805, 134
TRD, 3324.121951, 127
TRD, 3325.000000, 129
TRD, 3329.048780, 132
TRD, 3329.414634, 133
TRD, 3329.804878, 135
TRD, 3330.439024, 131
TRD, 3330.731707, 138
TRD, 3330.804878, 128
TRD, 3331.463415, 131
TRD, 3333.512195, 131
TRD, 3333.780488, 138
TRD, 3334.975610, 143
TRD, 3335.439024, 128
TRD, 3337.975610, 127
TRD, 3338.243902, 136
TRD, 3339.292683, 126
TRD, 3340.317073, 131
TRD, 3341.024390, 136
TRD, 3341.292683, 129
TRD, 3341.317073, 140
TRD, 3342.560976, 124
TRD, 3342.658537, 122
TRD, 3343.682927, 120
TRD, 3344.634146, 123
TRD, 3344.878049, 119
TRD, 3344.926829, 127
TRD, 3345.853659, 125
TRD, 3346.731707, 118
TRD, 3349.073171, 129
TRD, 3351.780488, 128
TRD, 3352.121951, 127
TRD, 3353.439024, 129
TRD, 3353.609756, 122
TRD, 3354.000000, 130
TRD, 3354.170732, 122
TRD, 3354.829268, 127
TRD, 3355.804878, 123
TRD, 3357.731707, 125
TRD, 3358.146341, 128
TRD, 3358.780488, 132
TRD, 3361.268293, 135
TRD, 3362.341463, 131
TRD, 3362.512195, 136
TRD, 3364.219512, 131
TRD, 3365.878049, 129
TRD, 3366.585366, 135
TRD, 3367.219512, 129
TRD, 3372.804878, 132
TRD, 3373.829268, 132
TRD, 3374.463415, 131
TRD, 3374.975610, 130
TRD, 3375.414634, 134
TRD, 3376.170732, 129
TRD, 3376.243902, 133
TRD, 3377.414634, 135
TRD, 3378.219512, 135
TRD, 3378.268293, 130
TRD, 3382.121951, 131
TRD, 3382.707317, 128
TRD, 3382.804878, 133
TRD, 3382.926829, 127
TRD, 3384.219512, 128
TRD, 3384.853659, 133
TRD, 3387.097561, 127
TRD, 3388.658537, 126
TRD, 3389.048780, 131
TRD, 3389.634146, 126
TRD, 3390.682927, 125
TRD, 3391.536585, 130
TRD, 3391.951220, 125
TRD, 3392.365854, 124
TRD, 3394.195122, 121
TRD, 3394.512195, 118
TRD, 3395.292683, 125
TRD, 3395.609756, 126
TRD, 3396.024390, 129
TRD, 3396.341463, 120
TRD, 3397.439024, 119
TRD, 3399.073171, 119
TRD, 3401.219512, 119
TRD, 3401.487805, 123
TRD, 3402.585366, 135
TRD, 3403.097561, 131
TRD, 3405.463415, 132
TRD, 3406.146341, 128
TRD, 3406.195122, 123
TRD, 3406.682927, 122
TRD, 3406.951220, 125
TRD, 3407.560976, 129
TRD, 3408.707317, 125
TRD, 3409.219512, 122
TRD, 3411.048780, 127
TRD, 3411.560976, 121
TRD, 3413.926829, 136
TRD, 3415.512195, 135
TRD, 3416.170732, 125
TRD, 3416.926829, 127
TRD, 3417.292683, 138
TRD, 3417.853659, 135
TRD, 3417.951220, 124
TRD, 3423.121951, 140
TRD, 3423.951220, 132
TRD, 3425.756098, 124
TRD, 3426.487805, 122
TRD, 3428.097561, 127
TRD, 3428.804878, 123
TRD, 3431.121951, 123
TRD, 3433.195122, 125
TRD, 3433.634146, 123
TRD, 3434.390244, 124
TRD, 3435.341463, 123
TRD, 3435.804878, 128
TRD, 3436.365854, 118
TRD, 3438.365854, 125
TRD, 3438.902439, 118
TRD, 3439.414634, 118
TRD, 3440.365854, 112
TRD, 3440.804878, 120
TRD, 3441.000000, 120
TRD, 3442.609756, 141
TRD, 3442.951220, 133
TRD, 3443.219512, 128
TRD, 3445.048780, 125
TRD, 3447.975610, 122
TRD, 3448.195122, 119
TRD, 3448.902439, 127
TRD, 3449.560976, 117
TRD, 3453.121951, 124
TRD, 3455.634146, 119
TRD, 3455.926829, 125
TRD, 3456.682927, 125
TRD, 3456.829268, 121
TRD, 3457.073171, 121
TRD, 3457.268293, 120
TRD, 3457.390244, 126
TRD, 3457.731707, 116
TRD, 3459.365854, 117
TRD, 3460.000000, 126
TRD, 3460.634146, 124
TRD, 3462.317073, 124
TRD, 3463.146341, 121
TRD, 3464.121951, 116
TRD, 3465.170732, 120
TRD, 3465.975610, 121
TRD, 3466.439024, 116
TRD, 3466.780488, 122
TRD, 3467.975610, 113
TRD, 3469.268293, 120
TRD, 3469.439024, 122
TRD, 3469.463415, 128
TRD, 3470.243902, 126
TRD, 3471.512195, 118
TRD, 3471.707317, 129
TRD, 3472.341463, 130
TRD, 3477.073171, 127
TRD, 3478.341463, 125
TRD, 3481.146341, 122
TRD, 3481.341463, 126
TRD, 3481.609756, 115
TRD, 3482.439024, 121
TRD, 3482.756098, 124
TRD, 3484.926829, 124
TRD, 3486.414634, 118
TRD, 3488.512195, 121
TRD, 3489.170732, 121
TRD, 3490.390244, 130
TRD, 3491.073171, 124
TRD, 3491.463415, 113
TRD, 3492.390244, 122
TRD, 3492.756098, 123
TRD, 3493.195122, 112
TRD, 3493.317073, 125
TRD, 3493.902439, 127
TRD, 3494.902439, 109
TRD, 3496.195122, 120
TRD, 3496.463415, 124
TRD, 3496.560976, 124
TRD, 3498.243902, 126
TRD, 3499.658537, 115
TRD, 3499.707317, 113
TRD, 3500.756098, 126
TRD, 3501.609756, 127
TRD, 3503.195122, 127
TRD, 3503.536585, 123
TRD, 3503.658537, 119
TRD, 3504.658537, 123
TRD, 3505.682927, 116
TRD, 3506.512195, 117
TRD, 3508.268293, 120
TRD, 3508.878049, 115
TRD, 3509.048780, 129
TRD, 3509.609756, 125
TRD, 3509.756098, 115
TRD, 3511.878049, 113
TRD, 3512.756098, 115
TRD, 3513.585366, 114
TRD, 3513.829268, 126
TRD, 3513.951220, 112
TRD, 3514.658537, 111
TRD, 3515.390244, 107
TRD, 3516.609756, 127
TRD, 3518.268293, 124
TRD, 3521.390244, 116
TRD, 3521.756098, 123
TRD, 3522.829268, 131
TRD, 3523.487805, 123
TRD, 3525.463415, 128
TRD, 3525.658537, 123
TRD, 3525.682927, 131
TRD, 3527.439024, 126
TRD, 3527.463415, 128
TRD, 3527.512195, 121
TRD, 3528.024390, 119
TRD, 3528.975610, 127
TRD, 3529.439024, 124
TRD, 3530.439024, 120
TRD, 3531.268293, 125
TRD, 3532.292683, 141
TRD, 3534.219512, 118
TRD, 3534.853659, 117
TRD, 3536.073171, 116
TRD, 3536.512195, 115
TRD, 3539.243902, 117
TRD, 3539.390244, 121
TRD, 3541.780488, 122
TRD, 3542.195122, 126
TRD, 3543.609756, 125
TRD, 3544.853659, 125
TRD, 3545.170732, 131
TRD, 3545.219512, 127
TRD, 3548.243902, 128
TRD, 3548.682927, 126
TRD, 3548.780488, 116
TRD, 3549.878049, 131
TRD, 3550.585366, 129
TRD, 3551.317073, 129
TRD, 3551.780488, 131
TRD, 3552.585366, 134
TRD, 3553.121951, 129
TRD, 3553.658537, 128
TRD, 3554.756098, 128
TRD, 3556.317073, 120
TRD, 3556.609756, 116
TRD, 3556.926829, 113
TRD, 3560.365854, 113
TRD, 3560.560976, 115
TRD, 3562.024390, 123
TRD, 3562.073171, 127
TRD, 3562.560976, 107
TRD, 3564.024390, 115
TRD, 3564.634146, 117
TRD, 3566.804878, 118
TRD, 3567.731707, 119
TRD, 3568.707317, 122
TRD, 3569.268293, 122
TRD, 3569.390244, 124
TRD, 3569.707317, 127
TRD, 3570.390244, 127
TRD, 3570.414634, 121
TRD, 3571.000000, 113
TRD, 3571.756098, 113
TRD, 3572.951220, 113
TRD, 3573.219512, 115
TRD, 3573.487805, 117
TRD, 3576.756098, 114
TRD, 3576.878049, 116
TRD, 3577.926829, 122
TRD, 3578.585366, 114
TRD, 3579.536585, 126
TRD, 3579.780488, 127
TRD, 3583.439024, 116
TRD, 3583.512195, 118
TRD, 3583.634146, 116
TRD, 3583.780488, 118
TRD, 3584.048780, 108
TRD, 3584.560976, 117
TRD, 3586.219512, 120
TRD, 3586.829268, 117
TRD, 3586.853659, 125
TRD, 3589.024390, 118
TRD, 3590.000000, 130
TRD, 3591.658537, 120
TRD, 3592.024390, 118
TRD, 3593.414634, 121
TRD, 3594.292683, 125
TRD, 3596.634146, 125
TRD, 3596.658537, 120
TRD, 3598.682927, 121
TRD, 3599.292683, 119
