ga_trial, 000003, 100, 402, GA, 13, 3, 4.333333, GVWY, 0, 4, 0.000000, SHVR, 0, 4, 0.000000, ZIC, 0, 4, 0.000000, ZIP, 0, 4, 0.000000, 
ga_trial, 000008, 140, 156, GA, 13, 3, 4.333333, GVWY, 0, 4, 0.000000, SHVR, 0, 4, 0.000000, ZIC, 72, 4, 18.000000, ZIP, 0, 4, 0.000000, 
ga_trial, 000009, 130, 152, GA, 13, 3, 4.333333, GVWY, 0, 4, 0.000000, SHVR, 0, 4, 0.000000, ZIC, 72, 4, 18.000000, ZIP, 48, 4, 12.000000, 
ga_trial, 000009, 100, 151, GA, 13, 3, 4.333333, GVWY, 9, 4, 2.250000, SHVR, 0, 4, 0.000000, ZIC, 72, 4, 18.000000, ZIP, 48, 4, 12.000000, 
ga_trial, 000014, 90, 120, GA, 13, 3, 4.333333, GVWY, 21, 4, 5.250000, SHVR, 0, 4, 0.000000, ZIC, 72, 4, 18.000000, ZIP, 74, 4, 18.500000, 
ga_trial, 000015, 90, 121, GA, 13, 3, 4.333333, GVWY, 53, 4, 13.250000, SHVR, 54, 4, 13.500000, ZIC, 72, 4, 18.000000, ZIP, 74, 4, 18.500000, 
ga_trial, 000020, 101, 107, GA, 27, 3, 9.000000, GVWY, 53, 4, 13.250000, SHVR, 110, 4, 27.500000, ZIC, 72, 4, 18.000000, ZIP, 74, 4, 18.500000, 
ga_trial, 000021, 118, 121, GA, 28, 3, 9.333333, GVWY, 65, 4, 16.250000, SHVR, 110, 4, 27.500000, ZIC, 72, 4, 18.000000, ZIP, 74, 4, 18.500000, 
ga_trial, 000021, 118, 135, GA, 28, 3, 9.333333, GVWY, 94, 4, 23.500000, SHVR, 110, 4, 27.500000, ZIC, 72, 4, 18.000000, ZIP, 74, 4, 18.500000, 
ga_trial, 000024, 100, 135, GA, 28, 3, 9.333333, GVWY, 95, 4, 23.750000, SHVR, 128, 4, 32.000000, ZIC, 72, 4, 18.000000, ZIP, 74, 4, 18.500000, 
ga_trial, 000026, 100, 134, GA, 28, 3, 9.333333, GVWY, 99, 4, 24.750000, SHVR, 128, 4, 32.000000, ZIC, 120, 4, 30.000000, ZIP, 74, 4, 18.500000, 
ga_trial, 000032, 102, 109, GA, 28, 3, 9.333333, GVWY, 142, 4, 35.500000, SHVR, 128, 4, 32.000000, ZIC, 120, 4, 30.000000, ZIP, 74, 4, 18.500000, 
ga_trial, 000033, 102, 108, GA, 28, 3, 9.333333, GVWY, 142, 4, 35.500000, SHVR, 184, 4, 46.000000, ZIC, 124, 4, 31.000000, ZIP, 74, 4, 18.500000, 
ga_trial, 000033, 104, 108, GA, 41, 3, 13.666667, GVWY, 142, 4, 35.500000, SHVR, 184, 4, 46.000000, ZIC, 124, 4, 31.000000, ZIP, 89, 4, 22.250000, 
ga_trial, 000035, 100, 121, GA, 41, 3, 13.666667, GVWY, 142, 4, 35.500000, SHVR, 260, 4, 65.000000, ZIC, 124, 4, 31.000000, ZIP, 89, 4, 22.250000, 
ga_trial, 000040, 101, 109, GA, 41, 3, 13.666667, GVWY, 164, 4, 41.000000, SHVR, 318, 4, 79.500000, ZIC, 124, 4, 31.000000, ZIP, 89, 4, 22.250000, 
ga_trial, 000042, 100, 121, GA, 41, 3, 13.666667, GVWY, 164, 4, 41.000000, SHVR, 356, 4, 89.000000, ZIC, 148, 4, 37.000000, ZIP, 89, 4, 22.250000, 
ga_trial, 000044, 100, 104, GA, 41, 3, 13.666667, GVWY, 211, 4, 52.750000, SHVR, 356, 4, 89.000000, ZIC, 148, 4, 37.000000, ZIP, 100, 4, 25.000000, 
ga_trial, 000046, 100, 103, GA, 41, 3, 13.666667, GVWY, 240, 4, 60.000000, SHVR, 393, 4, 98.250000, ZIC, 148, 4, 37.000000, ZIP, 100, 4, 25.000000, 
ga_trial, 000048, 100, 121, GA, 59, 3, 19.666667, GVWY, 240, 4, 60.000000, SHVR, 445, 4, 111.250000, ZIC, 148, 4, 37.000000, ZIP, 100, 4, 25.000000, 
ga_trial, 000053, 99, 107, GA, 59, 3, 19.666667, GVWY, 265, 4, 66.250000, SHVR, 486, 4, 121.500000, ZIC, 148, 4, 37.000000, ZIP, 100, 4, 25.000000, 
ga_trial, 000056, 105, 107, GA, 59, 3, 19.666667, GVWY, 309, 4, 77.250000, SHVR, 542, 4, 135.500000, ZIC, 148, 4, 37.000000, ZIP, 100, 4, 25.000000, 
ga_trial, 000058, 100, 107, GA, 59, 3, 19.666667, GVWY, 309, 4, 77.250000, SHVR, 576, 4, 144.000000, ZIC, 176, 4, 44.000000, ZIP, 100, 4, 25.000000, 
ga_trial, 000058, 100, 107, GA, 72, 3, 24.000000, GVWY, 309, 4, 77.250000, SHVR, 576, 4, 144.000000, ZIC, 176, 4, 44.000000, ZIP, 100, 4, 25.000000, 
ga_trial, 000066, 104, 107, GA, 85, 3, 28.333333, GVWY, 309, 4, 77.250000, SHVR, 576, 4, 144.000000, ZIC, 176, 4, 44.000000, ZIP, 100, 4, 25.000000, 
ga_trial, 000066, 104, 106, GA, 85, 3, 28.333333, GVWY, 334, 4, 83.500000, SHVR, 631, 4, 157.750000, ZIC, 176, 4, 44.000000, ZIP, 100, 4, 25.000000, 
ga_trial, 000067, 100, 106, GA, 85, 3, 28.333333, GVWY, 334, 4, 83.500000, SHVR, 666, 4, 166.500000, ZIC, 176, 4, 44.000000, ZIP, 113, 4, 28.250000, 
ga_trial, 000070, 98, 121, GA, 85, 3, 28.333333, GVWY, 382, 4, 95.500000, SHVR, 704, 4, 176.000000, ZIC, 176, 4, 44.000000, ZIP, 113, 4, 28.250000, 
ga_trial, 000075, 105, 121, GA, 85, 3, 28.333333, GVWY, 382, 4, 95.500000, SHVR, 737, 4, 184.250000, ZIC, 176, 4, 44.000000, ZIP, 113, 4, 28.250000, 
ga_trial, 000077, 110, 135, GA, 85, 3, 28.333333, GVWY, 391, 4, 97.750000, SHVR, 737, 4, 184.250000, ZIC, 176, 4, 44.000000, ZIP, 113, 4, 28.250000, 
ga_trial, 000079, 118, 135, GA, 85, 3, 28.333333, GVWY, 408, 4, 102.000000, SHVR, 820, 4, 205.000000, ZIC, 176, 4, 44.000000, ZIP, 113, 4, 28.250000, 
ga_trial, 000084, 115, 117, GA, 85, 3, 28.333333, GVWY, 408, 4, 102.000000, SHVR, 896, 4, 224.000000, ZIC, 176, 4, 44.000000, ZIP, 113, 4, 28.250000, 
ga_trial, 000085, 115, 121, GA, 85, 3, 28.333333, GVWY, 421, 4, 105.250000, SHVR, 896, 4, 224.000000, ZIC, 176, 4, 44.000000, ZIP, 138, 4, 34.500000, 
ga_trial, 000086, 109, 121, GA, 86, 3, 28.666667, GVWY, 421, 4, 105.250000, SHVR, 896, 4, 224.000000, ZIC, 217, 4, 54.250000, ZIP, 138, 4, 34.500000, 
ga_trial, 000087, 109, 135, GA, 86, 3, 28.666667, GVWY, 450, 4, 112.500000, SHVR, 896, 4, 224.000000, ZIC, 217, 4, 54.250000, ZIP, 138, 4, 34.500000, 
ga_trial, 000090, 98, 107, GA, 86, 3, 28.666667, GVWY, 450, 4, 112.500000, SHVR, 896, 4, 224.000000, ZIC, 249, 4, 62.250000, ZIP, 138, 4, 34.500000, 
ga_trial, 000091, 90, 102, GA, 105, 3, 35.000000, GVWY, 450, 4, 112.500000, SHVR, 933, 4, 233.250000, ZIC, 249, 4, 62.250000, ZIP, 138, 4, 34.500000, 
ga_trial, 000095, 99, 101, GA, 125, 3, 41.666667, GVWY, 450, 4, 112.500000, SHVR, 933, 4, 233.250000, ZIC, 249, 4, 62.250000, ZIP, 146, 4, 36.500000, 
ga_trial, 000095, 99, 135, GA, 125, 3, 41.666667, GVWY, 480, 4, 120.000000, SHVR, 983, 4, 245.750000, ZIC, 249, 4, 62.250000, ZIP, 146, 4, 36.500000, 
ga_trial, 000096, 99, 135, GA, 125, 3, 41.666667, GVWY, 496, 4, 124.000000, SHVR, 1067, 4, 266.750000, ZIC, 249, 4, 62.250000, ZIP, 146, 4, 36.500000, 
ga_trial, 000100, 101, 107, GA, 125, 3, 41.666667, GVWY, 541, 4, 135.250000, SHVR, 1108, 4, 277.000000, ZIC, 249, 4, 62.250000, ZIP, 146, 4, 36.500000, 
ga_trial, 000105, 100, 107, GA, 125, 3, 41.666667, GVWY, 541, 4, 135.250000, SHVR, 1142, 4, 285.500000, ZIC, 249, 4, 62.250000, ZIP, 160, 4, 40.000000, 
ga_trial, 000105, 100, 121, GA, 125, 3, 41.666667, GVWY, 564, 4, 141.000000, SHVR, 1142, 4, 285.500000, ZIC, 249, 4, 62.250000, ZIP, 160, 4, 40.000000, 
ga_trial, 000110, 98, 107, GA, 140, 3, 46.666667, GVWY, 564, 4, 141.000000, SHVR, 1197, 4, 299.250000, ZIC, 249, 4, 62.250000, ZIP, 160, 4, 40.000000, 
ga_trial, 000111, 78, 107, GA, 140, 3, 46.666667, GVWY, 564, 4, 141.000000, SHVR, 1197, 4, 299.250000, ZIC, 271, 4, 67.750000, ZIP, 160, 4, 40.000000, 
ga_trial, 000116, 104, 107, GA, 140, 3, 46.666667, GVWY, 589, 4, 147.250000, SHVR, 1238, 4, 309.500000, ZIC, 271, 4, 67.750000, ZIP, 160, 4, 40.000000, 
ga_trial, 000117, 100, 107, GA, 140, 3, 46.666667, GVWY, 589, 4, 147.250000, SHVR, 1273, 4, 318.250000, ZIC, 271, 4, 67.750000, ZIP, 173, 4, 43.250000, 
ga_trial, 000119, 100, 121, GA, 153, 3, 51.000000, GVWY, 589, 4, 147.250000, SHVR, 1273, 4, 318.250000, ZIC, 271, 4, 67.750000, ZIP, 173, 4, 43.250000, 
ga_trial, 000120, 100, 121, GA, 153, 3, 51.000000, GVWY, 589, 4, 147.250000, SHVR, 1273, 4, 318.250000, ZIC, 303, 4, 75.750000, ZIP, 173, 4, 43.250000, 
ga_trial, 000121, 100, 121, GA, 153, 3, 51.000000, GVWY, 619, 4, 154.750000, SHVR, 1343, 4, 335.750000, ZIC, 303, 4, 75.750000, ZIP, 173, 4, 43.250000, 
ga_trial, 000126, 100, 112, GA, 153, 3, 51.000000, GVWY, 639, 4, 159.750000, SHVR, 1403, 4, 350.750000, ZIC, 303, 4, 75.750000, ZIP, 173, 4, 43.250000, 
ga_trial, 000127, 100, 121, GA, 153, 3, 51.000000, GVWY, 677, 4, 169.250000, SHVR, 1403, 4, 350.750000, ZIC, 303, 4, 75.750000, ZIP, 193, 4, 48.250000, 
ga_trial, 000130, 117, 121, GA, 153, 3, 51.000000, GVWY, 677, 4, 169.250000, SHVR, 1479, 4, 369.750000, ZIC, 303, 4, 75.750000, ZIP, 193, 4, 48.250000, 
ga_trial, 000130, 100, 121, GA, 156, 3, 52.000000, GVWY, 677, 4, 169.250000, SHVR, 1479, 4, 369.750000, ZIC, 342, 4, 85.500000, ZIP, 193, 4, 48.250000, 
ga_trial, 000131, 100, 135, GA, 156, 3, 52.000000, GVWY, 706, 4, 176.500000, SHVR, 1479, 4, 369.750000, ZIC, 342, 4, 85.500000, ZIP, 193, 4, 48.250000, 
ga_trial, 000133, 90, 133, GA, 156, 3, 52.000000, GVWY, 706, 4, 176.500000, SHVR, 1515, 4, 378.750000, ZIC, 342, 4, 85.500000, ZIP, 193, 4, 48.250000, 
ga_trial, 000134, 90, 135, GA, 156, 3, 52.000000, GVWY, 729, 4, 182.250000, SHVR, 1515, 4, 378.750000, ZIC, 342, 4, 85.500000, ZIP, 193, 4, 48.250000, 
ga_trial, 000136, 90, 128, GA, 156, 3, 52.000000, GVWY, 729, 4, 182.250000, SHVR, 1515, 4, 378.750000, ZIC, 349, 4, 87.250000, ZIP, 204, 4, 51.000000, 
ga_trial, 000141, 117, 122, GA, 156, 3, 52.000000, GVWY, 738, 4, 184.500000, SHVR, 1515, 4, 378.750000, ZIC, 349, 4, 87.250000, ZIP, 204, 4, 51.000000, 
ga_trial, 000142, 120, 135, GA, 156, 3, 52.000000, GVWY, 738, 4, 184.500000, SHVR, 1605, 4, 401.250000, ZIC, 349, 4, 87.250000, ZIP, 204, 4, 51.000000, 
ga_trial, 000144, 90, 129, GA, 156, 3, 52.000000, GVWY, 751, 4, 187.750000, SHVR, 1605, 4, 401.250000, ZIC, 349, 4, 87.250000, ZIP, 204, 4, 51.000000, 
ga_trial, 000148, 104, 120, GA, 156, 3, 52.000000, GVWY, 782, 4, 195.500000, SHVR, 1674, 4, 418.500000, ZIC, 349, 4, 87.250000, ZIP, 204, 4, 51.000000, 
ga_trial, 000150, 100, 120, GA, 156, 3, 52.000000, GVWY, 782, 4, 195.500000, SHVR, 1712, 4, 428.000000, ZIC, 373, 4, 93.250000, ZIP, 204, 4, 51.000000, 
ga_trial, 000156, 116, 121, GA, 156, 3, 52.000000, GVWY, 815, 4, 203.750000, SHVR, 1765, 4, 441.250000, ZIC, 373, 4, 93.250000, ZIP, 204, 4, 51.000000, 
ga_trial, 000157, 117, 121, GA, 158, 3, 52.666667, GVWY, 815, 4, 203.750000, SHVR, 1765, 4, 441.250000, ZIC, 373, 4, 93.250000, ZIP, 230, 4, 57.500000, 
ga_trial, 000158, 117, 134, GA, 158, 3, 52.666667, GVWY, 824, 4, 206.000000, SHVR, 1765, 4, 441.250000, ZIC, 373, 4, 93.250000, ZIP, 230, 4, 57.500000, 
ga_trial, 000159, 100, 131, GA, 158, 3, 52.666667, GVWY, 835, 4, 208.750000, SHVR, 1787, 4, 446.750000, ZIC, 373, 4, 93.250000, ZIP, 230, 4, 57.500000, 
ga_trial, 000164, 100, 105, GA, 158, 3, 52.666667, GVWY, 881, 4, 220.250000, SHVR, 1841, 4, 460.250000, ZIC, 373, 4, 93.250000, ZIP, 230, 4, 57.500000, 
ga_trial, 000166, 90, 102, GA, 158, 3, 52.666667, GVWY, 881, 4, 220.250000, SHVR, 1841, 4, 460.250000, ZIC, 395, 4, 98.750000, ZIP, 230, 4, 57.500000, 
ga_trial, 000169, 90, 94, GA, 165, 3, 55.000000, GVWY, 881, 4, 220.250000, SHVR, 1841, 4, 460.250000, ZIC, 395, 4, 98.750000, ZIP, 231, 4, 57.750000, 
ga_trial, 000170, 90, 92, GA, 165, 3, 55.000000, GVWY, 881, 4, 220.250000, SHVR, 1931, 4, 482.750000, ZIC, 395, 4, 98.750000, ZIP, 231, 4, 57.750000, 
ga_trial, 000170, 90, 121, GA, 165, 3, 55.000000, GVWY, 919, 4, 229.750000, SHVR, 1959, 4, 489.750000, ZIC, 395, 4, 98.750000, ZIP, 231, 4, 57.750000, 
ga_trial, 000173, 119, 135, GA, 165, 3, 55.000000, GVWY, 928, 4, 232.000000, SHVR, 1959, 4, 489.750000, ZIC, 395, 4, 98.750000, ZIP, 231, 4, 57.750000, 
ga_trial, 000173, 90, 135, GA, 166, 3, 55.333333, GVWY, 928, 4, 232.000000, SHVR, 1959, 4, 489.750000, ZIC, 395, 4, 98.750000, ZIP, 258, 4, 64.500000, 
ga_trial, 000177, 117, 273, GA, 166, 3, 55.333333, GVWY, 943, 4, 235.750000, SHVR, 1959, 4, 489.750000, ZIC, 395, 4, 98.750000, ZIP, 258, 4, 64.500000, 
ga_trial, 000178, 101, 245, GA, 171, 3, 57.000000, GVWY, 951, 4, 237.750000, SHVR, 1959, 4, 489.750000, ZIC, 395, 4, 98.750000, ZIP, 258, 4, 64.500000, 
ga_trial, 000181, 104, 135, GA, 171, 3, 57.000000, GVWY, 967, 4, 241.750000, SHVR, 2043, 4, 510.750000, ZIC, 395, 4, 98.750000, ZIP, 258, 4, 64.500000, 
ga_trial, 000185, 108, 135, GA, 171, 3, 57.000000, GVWY, 976, 4, 244.000000, SHVR, 2043, 4, 510.750000, ZIC, 395, 4, 98.750000, ZIP, 258, 4, 64.500000, 
ga_trial, 000189, 100, 107, GA, 171, 3, 57.000000, GVWY, 976, 4, 244.000000, SHVR, 2099, 4, 524.750000, ZIC, 399, 4, 99.750000, ZIP, 258, 4, 64.500000, 
ga_trial, 000190, 101, 107, GA, 185, 3, 61.666667, GVWY, 976, 4, 244.000000, SHVR, 2141, 4, 535.250000, ZIC, 399, 4, 99.750000, ZIP, 258, 4, 64.500000, 
ga_trial, 000193, 100, 111, GA, 185, 3, 61.666667, GVWY, 976, 4, 244.000000, SHVR, 2174, 4, 543.500000, ZIC, 399, 4, 99.750000, ZIP, 258, 4, 64.500000, 
ga_trial, 000195, 90, 107, GA, 185, 3, 61.666667, GVWY, 1001, 4, 250.250000, SHVR, 2174, 4, 543.500000, ZIC, 399, 4, 99.750000, ZIP, 271, 4, 67.750000, 
ga_trial, 000199, 98, 100, GA, 185, 3, 61.666667, GVWY, 1052, 4, 263.000000, SHVR, 2223, 4, 555.750000, ZIC, 399, 4, 99.750000, ZIP, 271, 4, 67.750000, 
ga_trial, 000200, 98, 107, GA, 206, 3, 68.666667, GVWY, 1052, 4, 263.000000, SHVR, 2258, 4, 564.500000, ZIC, 399, 4, 99.750000, ZIP, 271, 4, 67.750000, 
ga_trial, 000203, 102, 121, GA, 206, 3, 68.666667, GVWY, 1075, 4, 268.750000, SHVR, 2258, 4, 564.500000, ZIC, 399, 4, 99.750000, ZIP, 271, 4, 67.750000, 
ga_trial, 000204, 100, 121, GA, 206, 3, 68.666667, GVWY, 1075, 4, 268.750000, SHVR, 2295, 4, 573.750000, ZIC, 399, 4, 99.750000, ZIP, 282, 4, 70.500000, 
ga_trial, 000209, 102, 118, GA, 206, 3, 68.666667, GVWY, 1118, 4, 279.500000, SHVR, 2295, 4, 573.750000, ZIC, 399, 4, 99.750000, ZIP, 282, 4, 70.500000, 
ga_trial, 000212, 107, 116, GA, 212, 3, 70.666667, GVWY, 1118, 4, 279.500000, SHVR, 2345, 4, 586.250000, ZIC, 399, 4, 99.750000, ZIP, 282, 4, 70.500000, 
ga_trial, 000213, 100, 115, GA, 212, 3, 70.666667, GVWY, 1118, 4, 279.500000, SHVR, 2375, 4, 593.750000, ZIC, 399, 4, 99.750000, ZIP, 300, 4, 75.000000, 
ga_trial, 000219, 100, 121, GA, 212, 3, 70.666667, GVWY, 1134, 4, 283.500000, SHVR, 2439, 4, 609.750000, ZIC, 399, 4, 99.750000, ZIP, 300, 4, 75.000000, 
ga_trial, 000219, 100, 135, GA, 212, 3, 70.666667, GVWY, 1163, 4, 290.750000, SHVR, 2439, 4, 609.750000, ZIC, 399, 4, 99.750000, ZIP, 300, 4, 75.000000, 
ga_trial, 000220, 100, 134, GA, 212, 3, 70.666667, GVWY, 1176, 4, 294.000000, SHVR, 2439, 4, 609.750000, ZIC, 399, 4, 99.750000, ZIP, 300, 4, 75.000000, 
ga_trial, 000223, 97, 135, GA, 212, 3, 70.666667, GVWY, 1176, 4, 294.000000, SHVR, 2439, 4, 609.750000, ZIC, 421, 4, 105.250000, ZIP, 300, 4, 75.000000, 
ga_trial, 000227, 130, 135, GA, 212, 3, 70.666667, GVWY, 1186, 4, 296.500000, SHVR, 2448, 4, 612.000000, ZIC, 421, 4, 105.250000, ZIP, 300, 4, 75.000000, 
ga_trial, 000227, 90, 135, GA, 212, 3, 70.666667, GVWY, 1186, 4, 296.500000, SHVR, 2448, 4, 612.000000, ZIC, 421, 4, 105.250000, ZIP, 338, 4, 84.500000, 
ga_trial, 000231, 100, 127, GA, 212, 3, 70.666667, GVWY, 1210, 4, 302.500000, SHVR, 2510, 4, 627.500000, ZIC, 421, 4, 105.250000, ZIP, 338, 4, 84.500000, 
ga_trial, 000233, 90, 107, GA, 226, 3, 75.333333, GVWY, 1210, 4, 302.500000, SHVR, 2566, 4, 641.500000, ZIC, 421, 4, 105.250000, ZIP, 338, 4, 84.500000, 
ga_trial, 000234, 98, 121, GA, 226, 3, 75.333333, GVWY, 1210, 4, 302.500000, SHVR, 2566, 4, 641.500000, ZIC, 424, 4, 106.000000, ZIP, 338, 4, 84.500000, 
ga_trial, 000240, 100, 107, GA, 226, 3, 75.333333, GVWY, 1210, 4, 302.500000, SHVR, 2642, 4, 660.500000, ZIC, 424, 4, 106.000000, ZIP, 338, 4, 84.500000, 
ga_trial, 000240, 100, 121, GA, 226, 3, 75.333333, GVWY, 1255, 4, 313.750000, SHVR, 2642, 4, 660.500000, ZIC, 424, 4, 106.000000, ZIP, 351, 4, 87.750000, 
ga_trial, 000241, 100, 135, GA, 226, 3, 75.333333, GVWY, 1264, 4, 316.000000, SHVR, 2642, 4, 660.500000, ZIC, 424, 4, 106.000000, ZIP, 351, 4, 87.750000, 
ga_trial, 000243, 100, 107, GA, 226, 3, 75.333333, GVWY, 1264, 4, 316.000000, SHVR, 2696, 4, 674.000000, ZIC, 430, 4, 107.500000, ZIP, 351, 4, 87.750000, 
ga_trial, 000244, 100, 135, GA, 226, 3, 75.333333, GVWY, 1307, 4, 326.750000, SHVR, 2696, 4, 674.000000, ZIC, 430, 4, 107.500000, ZIP, 351, 4, 87.750000, 
ga_trial, 000250, 100, 117, GA, 230, 3, 76.666667, GVWY, 1307, 4, 326.750000, SHVR, 2696, 4, 674.000000, ZIC, 468, 4, 117.000000, ZIP, 351, 4, 87.750000, 
ga_trial, 000250, 100, 121, GA, 230, 3, 76.666667, GVWY, 1320, 4, 330.000000, SHVR, 2749, 4, 687.250000, ZIC, 468, 4, 117.000000, ZIP, 351, 4, 87.750000, 
ga_trial, 000253, 100, 110, GA, 230, 3, 76.666667, GVWY, 1343, 4, 335.750000, SHVR, 2749, 4, 687.250000, ZIC, 468, 4, 117.000000, ZIP, 351, 4, 87.750000, 
ga_trial, 000255, 102, 121, GA, 230, 3, 76.666667, GVWY, 1385, 4, 346.250000, SHVR, 2749, 4, 687.250000, ZIC, 468, 4, 117.000000, ZIP, 367, 4, 91.750000, 
ga_trial, 000261, 106, 109, GA, 242, 3, 80.666667, GVWY, 1386, 4, 346.500000, SHVR, 2749, 4, 687.250000, ZIC, 468, 4, 117.000000, ZIP, 367, 4, 91.750000, 
ga_trial, 000262, 90, 108, GA, 242, 3, 80.666667, GVWY, 1386, 4, 346.500000, SHVR, 2839, 4, 709.750000, ZIC, 468, 4, 117.000000, ZIP, 367, 4, 91.750000, 
ga_trial, 000266, 97, 107, GA, 242, 3, 80.666667, GVWY, 1386, 4, 346.500000, SHVR, 2881, 4, 720.250000, ZIC, 468, 4, 117.000000, ZIP, 373, 4, 93.250000, 
ga_trial, 000267, 100, 121, GA, 242, 3, 80.666667, GVWY, 1429, 4, 357.250000, SHVR, 2881, 4, 720.250000, ZIC, 468, 4, 117.000000, ZIP, 373, 4, 93.250000, 
ga_trial, 000270, 100, 117, GA, 246, 3, 82.000000, GVWY, 1429, 4, 357.250000, SHVR, 2933, 4, 733.250000, ZIC, 468, 4, 117.000000, ZIP, 373, 4, 93.250000, 
ga_trial, 000271, 100, 121, GA, 246, 3, 82.000000, GVWY, 1443, 4, 360.750000, SHVR, 2999, 4, 749.750000, ZIC, 468, 4, 117.000000, ZIP, 373, 4, 93.250000, 
ga_trial, 000278, 100, 107, GA, 246, 3, 82.000000, GVWY, 1443, 4, 360.750000, SHVR, 3075, 4, 768.750000, ZIC, 468, 4, 117.000000, ZIP, 373, 4, 93.250000, 
ga_trial, 000278, 90, 107, GA, 246, 3, 82.000000, GVWY, 1443, 4, 360.750000, SHVR, 3075, 4, 768.750000, ZIC, 490, 4, 122.500000, ZIP, 373, 4, 93.250000, 
ga_trial, 000281, 90, 107, GA, 246, 3, 82.000000, GVWY, 1486, 4, 371.500000, SHVR, 3075, 4, 768.750000, ZIC, 490, 4, 122.500000, ZIP, 373, 4, 93.250000, 
ga_trial, 000282, 90, 107, GA, 260, 3, 86.666667, GVWY, 1486, 4, 371.500000, SHVR, 3131, 4, 782.750000, ZIC, 490, 4, 122.500000, ZIP, 373, 4, 93.250000, 
ga_trial, 000282, 90, 121, GA, 273, 3, 91.000000, GVWY, 1486, 4, 371.500000, SHVR, 3131, 4, 782.750000, ZIC, 490, 4, 122.500000, ZIP, 388, 4, 97.000000, 
ga_trial, 000283, 90, 135, GA, 273, 3, 91.000000, GVWY, 1495, 4, 373.750000, SHVR, 3131, 4, 782.750000, ZIC, 490, 4, 122.500000, ZIP, 388, 4, 97.000000, 
ga_trial, 000289, 90, 107, GA, 273, 3, 91.000000, GVWY, 1495, 4, 373.750000, SHVR, 3131, 4, 782.750000, ZIC, 499, 4, 124.750000, ZIP, 397, 4, 99.250000, 
ga_trial, 000289, 90, 121, GA, 273, 3, 91.000000, GVWY, 1538, 4, 384.500000, SHVR, 3131, 4, 782.750000, ZIC, 499, 4, 124.750000, ZIP, 397, 4, 99.250000, 
ga_trial, 000293, 78, 112, GA, 273, 3, 91.000000, GVWY, 1538, 4, 384.500000, SHVR, 3131, 4, 782.750000, ZIC, 521, 4, 130.250000, ZIP, 397, 4, 99.250000, 
ga_trial, 000296, 90, 118, GA, 273, 3, 91.000000, GVWY, 1571, 4, 392.750000, SHVR, 3184, 4, 796.000000, ZIC, 521, 4, 130.250000, ZIP, 397, 4, 99.250000, 
ga_trial, 000298, 109, 121, GA, 278, 3, 92.666667, GVWY, 1571, 4, 392.750000, SHVR, 3249, 4, 812.250000, ZIC, 521, 4, 130.250000, ZIP, 397, 4, 99.250000, 
ga_trial, 000301, 110, 135, GA, 278, 3, 92.666667, GVWY, 1580, 4, 395.000000, SHVR, 3249, 4, 812.250000, ZIC, 521, 4, 130.250000, ZIP, 397, 4, 99.250000, 
ga_trial, 000301, 101, 113, GA, 278, 3, 92.666667, GVWY, 1583, 4, 395.750000, SHVR, 3279, 4, 819.750000, ZIC, 521, 4, 130.250000, ZIP, 397, 4, 99.250000, 
ga_trial, 000304, 100, 135, GA, 278, 3, 92.666667, GVWY, 1618, 4, 404.500000, SHVR, 3279, 4, 819.750000, ZIC, 521, 4, 130.250000, ZIP, 420, 4, 105.000000, 
ga_trial, 000309, 100, 121, GA, 278, 3, 92.666667, GVWY, 1628, 4, 407.000000, SHVR, 3335, 4, 833.750000, ZIC, 521, 4, 130.250000, ZIP, 420, 4, 105.000000, 
ga_trial, 000312, 100, 119, GA, 283, 3, 94.333333, GVWY, 1636, 4, 409.000000, SHVR, 3335, 4, 833.750000, ZIC, 521, 4, 130.250000, ZIP, 420, 4, 105.000000, 
ga_trial, 000313, 102, 119, GA, 283, 3, 94.333333, GVWY, 1636, 4, 409.000000, SHVR, 3335, 4, 833.750000, ZIC, 553, 4, 138.250000, ZIP, 420, 4, 105.000000, 
ga_trial, 000317, 117, 119, GA, 283, 3, 94.333333, GVWY, 1636, 4, 409.000000, SHVR, 3357, 4, 839.250000, ZIC, 593, 4, 148.250000, ZIP, 420, 4, 105.000000, 
ga_trial, 000317, 100, 119, GA, 286, 3, 95.333333, GVWY, 1636, 4, 409.000000, SHVR, 3410, 4, 852.500000, ZIC, 593, 4, 148.250000, ZIP, 420, 4, 105.000000, 
ga_trial, 000317, 100, 121, GA, 286, 3, 95.333333, GVWY, 1647, 4, 411.750000, SHVR, 3479, 4, 869.750000, ZIC, 593, 4, 148.250000, ZIP, 420, 4, 105.000000, 
ga_trial, 000320, 103, 121, GA, 286, 3, 95.333333, GVWY, 1690, 4, 422.500000, SHVR, 3479, 4, 869.750000, ZIC, 593, 4, 148.250000, ZIP, 420, 4, 105.000000, 
ga_trial, 000326, 106, 109, GA, 286, 3, 95.333333, GVWY, 1713, 4, 428.250000, SHVR, 3479, 4, 869.750000, ZIC, 593, 4, 148.250000, ZIP, 420, 4, 105.000000, 
ga_trial, 000326, 108, 121, GA, 286, 3, 95.333333, GVWY, 1713, 4, 428.250000, SHVR, 3511, 4, 877.750000, ZIC, 593, 4, 148.250000, ZIP, 436, 4, 109.000000, 
ga_trial, 000329, 117, 121, GA, 286, 3, 95.333333, GVWY, 1743, 4, 435.750000, SHVR, 3581, 4, 895.250000, ZIC, 593, 4, 148.250000, ZIP, 436, 4, 109.000000, 
ga_trial, 000333, 100, 112, GA, 296, 3, 98.666667, GVWY, 1743, 4, 435.750000, SHVR, 3581, 4, 895.250000, ZIC, 625, 4, 156.250000, ZIP, 436, 4, 109.000000, 
ga_trial, 000335, 102, 109, GA, 296, 3, 98.666667, GVWY, 1789, 4, 447.250000, SHVR, 3635, 4, 908.750000, ZIC, 625, 4, 156.250000, ZIP, 436, 4, 109.000000, 
ga_trial, 000335, 100, 111, GA, 296, 3, 98.666667, GVWY, 1789, 4, 447.250000, SHVR, 3672, 4, 918.000000, ZIC, 625, 4, 156.250000, ZIP, 447, 4, 111.750000, 
ga_trial, 000336, 102, 135, GA, 306, 3, 102.000000, GVWY, 1789, 4, 447.250000, SHVR, 3718, 4, 929.500000, ZIC, 625, 4, 156.250000, ZIP, 447, 4, 111.750000, 
ga_trial, 000337, 103, 135, GA, 306, 3, 102.000000, GVWY, 1798, 4, 449.500000, SHVR, 3718, 4, 929.500000, ZIC, 625, 4, 156.250000, ZIP, 447, 4, 111.750000, 
ga_trial, 000341, 100, 111, GA, 306, 3, 102.000000, GVWY, 1799, 4, 449.750000, SHVR, 3750, 4, 937.500000, ZIC, 625, 4, 156.250000, ZIP, 447, 4, 111.750000, 
ga_trial, 000346, 100, 102, GA, 325, 3, 108.333333, GVWY, 1799, 4, 449.750000, SHVR, 3787, 4, 946.750000, ZIC, 625, 4, 156.250000, ZIP, 447, 4, 111.750000, 
ga_trial, 000347, 100, 107, GA, 325, 3, 108.333333, GVWY, 1799, 4, 449.750000, SHVR, 3826, 4, 956.500000, ZIC, 625, 4, 156.250000, ZIP, 456, 4, 114.000000, 
ga_trial, 000350, 90, 106, GA, 325, 3, 108.333333, GVWY, 1799, 4, 449.750000, SHVR, 3826, 4, 956.500000, ZIC, 647, 4, 161.750000, ZIP, 456, 4, 114.000000, 
ga_trial, 000351, 98, 107, GA, 325, 3, 108.333333, GVWY, 1825, 4, 456.250000, SHVR, 3880, 4, 970.000000, ZIC, 647, 4, 161.750000, ZIP, 456, 4, 114.000000, 
ga_trial, 000352, 98, 121, GA, 325, 3, 108.333333, GVWY, 1868, 4, 467.000000, SHVR, 3880, 4, 970.000000, ZIC, 647, 4, 161.750000, ZIP, 456, 4, 114.000000, 
ga_trial, 000354, 100, 121, GA, 325, 3, 108.333333, GVWY, 1899, 4, 474.750000, SHVR, 3935, 4, 983.750000, ZIC, 647, 4, 161.750000, ZIP, 456, 4, 114.000000, 
ga_trial, 000357, 103, 121, GA, 338, 3, 112.666667, GVWY, 1899, 4, 474.750000, SHVR, 3935, 4, 983.750000, ZIC, 647, 4, 161.750000, ZIP, 456, 4, 114.000000, 
ga_trial, 000359, 100, 118, GA, 338, 3, 112.666667, GVWY, 1899, 4, 474.750000, SHVR, 3967, 4, 991.750000, ZIC, 647, 4, 161.750000, ZIP, 472, 4, 118.000000, 
ga_trial, 000360, 100, 118, GA, 338, 3, 112.666667, GVWY, 1915, 4, 478.750000, SHVR, 4017, 4, 1004.250000, ZIC, 647, 4, 161.750000, ZIP, 472, 4, 118.000000, 
ga_trial, 000363, 91, 112, GA, 338, 3, 112.666667, GVWY, 1915, 4, 478.750000, SHVR, 4017, 4, 1004.250000, ZIC, 669, 4, 167.250000, ZIP, 472, 4, 118.000000, 
ga_trial, 000365, 91, 121, GA, 338, 3, 112.666667, GVWY, 1936, 4, 484.000000, SHVR, 4076, 4, 1019.000000, ZIC, 669, 4, 167.250000, ZIP, 472, 4, 118.000000, 
ga_trial, 000365, 90, 121, GA, 342, 3, 114.000000, GVWY, 1936, 4, 484.000000, SHVR, 4076, 4, 1019.000000, ZIC, 669, 4, 167.250000, ZIP, 496, 4, 124.000000, 
ga_trial, 000373, 100, 103, GA, 342, 3, 114.000000, GVWY, 1984, 4, 496.000000, SHVR, 4128, 4, 1032.000000, ZIC, 669, 4, 167.250000, ZIP, 496, 4, 124.000000, 
ga_trial, 000373, 100, 107, GA, 342, 3, 114.000000, GVWY, 1984, 4, 496.000000, SHVR, 4204, 4, 1051.000000, ZIC, 669, 4, 167.250000, ZIP, 496, 4, 124.000000, 
ga_trial, 000378, 90, 107, GA, 342, 3, 114.000000, GVWY, 1984, 4, 496.000000, SHVR, 4243, 4, 1060.750000, ZIC, 692, 4, 173.000000, ZIP, 496, 4, 124.000000, 
ga_trial, 000381, 99, 106, GA, 342, 3, 114.000000, GVWY, 2013, 4, 503.250000, SHVR, 4243, 4, 1060.750000, ZIC, 692, 4, 173.000000, ZIP, 505, 4, 126.250000, 
ga_trial, 000381, 99, 107, GA, 342, 3, 114.000000, GVWY, 2057, 4, 514.250000, SHVR, 4285, 4, 1071.250000, ZIC, 692, 4, 173.000000, ZIP, 505, 4, 126.250000, 
ga_trial, 000381, 99, 121, GA, 355, 3, 118.333333, GVWY, 2057, 4, 514.250000, SHVR, 4285, 4, 1071.250000, ZIC, 692, 4, 173.000000, ZIP, 505, 4, 126.250000, 
ga_trial, 000386, 100, 102, GA, 355, 3, 118.333333, GVWY, 2106, 4, 526.500000, SHVR, 4336, 4, 1084.000000, ZIC, 692, 4, 173.000000, ZIP, 505, 4, 126.250000, 
ga_trial, 000390, 90, 107, GA, 355, 3, 118.333333, GVWY, 2106, 4, 526.500000, SHVR, 4372, 4, 1093.000000, ZIC, 692, 4, 173.000000, ZIP, 505, 4, 126.250000, 
ga_trial, 000392, 95, 119, GA, 359, 3, 119.666667, GVWY, 2115, 4, 528.750000, SHVR, 4372, 4, 1093.000000, ZIC, 692, 4, 173.000000, ZIP, 505, 4, 126.250000, 
ga_trial, 000393, 91, 106, GA, 359, 3, 119.666667, GVWY, 2115, 4, 528.750000, SHVR, 4372, 4, 1093.000000, ZIC, 700, 4, 175.000000, ZIP, 515, 4, 128.750000, 
ga_trial, 000394, 91, 121, GA, 359, 3, 119.666667, GVWY, 2139, 4, 534.750000, SHVR, 4428, 4, 1107.000000, ZIC, 700, 4, 175.000000, ZIP, 515, 4, 128.750000, 
ga_trial, 000397, 105, 120, GA, 359, 3, 119.666667, GVWY, 2173, 4, 543.250000, SHVR, 4480, 4, 1120.000000, ZIC, 700, 4, 175.000000, ZIP, 515, 4, 128.750000, 
ga_trial, 000399, 91, 110, GA, 359, 3, 119.666667, GVWY, 2197, 4, 549.250000, SHVR, 4536, 4, 1134.000000, ZIC, 700, 4, 175.000000, ZIP, 515, 4, 128.750000, 
ga_trial, 000400, 91, 121, GA, 375, 3, 125.000000, GVWY, 2197, 4, 549.250000, SHVR, 4536, 4, 1134.000000, ZIC, 700, 4, 175.000000, ZIP, 527, 4, 131.750000, 
ga_trial, 000407, 104, 135, GA, 388, 3, 129.333333, GVWY, 2197, 4, 549.250000, SHVR, 4536, 4, 1134.000000, ZIC, 700, 4, 175.000000, ZIP, 527, 4, 131.750000, 
ga_trial, 000409, 100, 135, GA, 388, 3, 129.333333, GVWY, 2197, 4, 549.250000, SHVR, 4570, 4, 1142.500000, ZIC, 700, 4, 175.000000, ZIP, 541, 4, 135.250000, 
ga_trial, 000412, 100, 120, GA, 388, 3, 129.333333, GVWY, 2229, 4, 557.250000, SHVR, 4624, 4, 1156.000000, ZIC, 700, 4, 175.000000, ZIP, 541, 4, 135.250000, 
ga_trial, 000412, 100, 121, GA, 388, 3, 129.333333, GVWY, 2239, 4, 559.750000, SHVR, 4694, 4, 1173.500000, ZIC, 700, 4, 175.000000, ZIP, 541, 4, 135.250000, 
ga_trial, 000416, 100, 121, GA, 401, 3, 133.666667, GVWY, 2239, 4, 559.750000, SHVR, 4694, 4, 1173.500000, ZIC, 700, 4, 175.000000, ZIP, 541, 4, 135.250000, 
ga_trial, 000419, 104, 121, GA, 401, 3, 133.666667, GVWY, 2271, 4, 567.750000, SHVR, 4748, 4, 1187.000000, ZIC, 700, 4, 175.000000, ZIP, 541, 4, 135.250000, 
ga_trial, 000420, 105, 135, GA, 401, 3, 133.666667, GVWY, 2280, 4, 570.000000, SHVR, 4748, 4, 1187.000000, ZIC, 700, 4, 175.000000, ZIP, 541, 4, 135.250000, 
ga_trial, 000422, 100, 117, GA, 401, 3, 133.666667, GVWY, 2282, 4, 570.500000, SHVR, 4779, 4, 1194.750000, ZIC, 700, 4, 175.000000, ZIP, 541, 4, 135.250000, 
ga_trial, 000424, 100, 107, GA, 415, 3, 138.333333, GVWY, 2282, 4, 570.500000, SHVR, 4779, 4, 1194.750000, ZIC, 700, 4, 175.000000, ZIP, 555, 4, 138.750000, 
ga_trial, 000425, 100, 110, GA, 415, 3, 138.333333, GVWY, 2325, 4, 581.250000, SHVR, 4779, 4, 1194.750000, ZIC, 700, 4, 175.000000, ZIP, 555, 4, 138.750000, 
ga_trial, 000427, 100, 121, GA, 415, 3, 138.333333, GVWY, 2325, 4, 581.250000, SHVR, 4819, 4, 1204.750000, ZIC, 706, 4, 176.500000, ZIP, 555, 4, 138.750000, 
ga_trial, 000431, 98, 102, GA, 415, 3, 138.333333, GVWY, 2325, 4, 581.250000, SHVR, 4909, 4, 1227.250000, ZIC, 706, 4, 176.500000, ZIP, 555, 4, 138.750000, 
ga_trial, 000435, 90, 102, GA, 415, 3, 138.333333, GVWY, 2325, 4, 581.250000, SHVR, 4945, 4, 1236.250000, ZIC, 706, 4, 176.500000, ZIP, 555, 4, 138.750000, 
ga_trial, 000436, 90, 121, GA, 415, 3, 138.333333, GVWY, 2374, 4, 593.500000, SHVR, 4945, 4, 1236.250000, ZIC, 706, 4, 176.500000, ZIP, 564, 4, 141.000000, 
ga_trial, 000436, 90, 135, GA, 415, 3, 138.333333, GVWY, 2383, 4, 595.750000, SHVR, 4945, 4, 1236.250000, ZIC, 706, 4, 176.500000, ZIP, 564, 4, 141.000000, 
ga_trial, 000442, 100, 135, GA, 418, 3, 139.333333, GVWY, 2393, 4, 598.250000, SHVR, 4945, 4, 1236.250000, ZIC, 706, 4, 176.500000, ZIP, 564, 4, 141.000000, 
ga_trial, 000442, 100, 113, GA, 418, 3, 139.333333, GVWY, 2393, 4, 598.250000, SHVR, 4984, 4, 1246.000000, ZIC, 729, 4, 182.250000, ZIP, 564, 4, 141.000000, 
ga_trial, 000446, 101, 105, GA, 434, 3, 144.666667, GVWY, 2393, 4, 598.250000, SHVR, 5038, 4, 1259.500000, ZIC, 729, 4, 182.250000, ZIP, 564, 4, 141.000000, 
ga_trial, 000447, 100, 103, GA, 434, 3, 144.666667, GVWY, 2393, 4, 598.250000, SHVR, 5114, 4, 1278.500000, ZIC, 729, 4, 182.250000, ZIP, 564, 4, 141.000000, 
ga_trial, 000451, 100, 107, GA, 434, 3, 144.666667, GVWY, 2393, 4, 598.250000, SHVR, 5114, 4, 1278.500000, ZIC, 735, 4, 183.750000, ZIP, 576, 4, 144.000000, 
ga_trial, 000451, 90, 121, GA, 434, 3, 144.666667, GVWY, 2436, 4, 609.000000, SHVR, 5114, 4, 1278.500000, ZIC, 735, 4, 183.750000, ZIP, 576, 4, 144.000000, 
ga_trial, 000453, 100, 121, GA, 434, 3, 144.666667, GVWY, 2446, 4, 611.500000, SHVR, 5184, 4, 1296.000000, ZIC, 735, 4, 183.750000, ZIP, 576, 4, 144.000000, 
ga_trial, 000458, 100, 121, GA, 435, 3, 145.000000, GVWY, 2446, 4, 611.500000, SHVR, 5184, 4, 1296.000000, ZIC, 776, 4, 194.000000, ZIP, 576, 4, 144.000000, 
ga_trial, 000460, 100, 121, GA, 435, 3, 145.000000, GVWY, 2477, 4, 619.250000, SHVR, 5239, 4, 1309.750000, ZIC, 776, 4, 194.000000, ZIP, 576, 4, 144.000000, 
ga_trial, 000462, 103, 121, GA, 435, 3, 145.000000, GVWY, 2490, 4, 622.500000, SHVR, 5239, 4, 1309.750000, ZIC, 776, 4, 194.000000, ZIP, 601, 4, 150.250000, 
ga_trial, 000465, 103, 117, GA, 448, 3, 149.333333, GVWY, 2490, 4, 622.500000, SHVR, 5239, 4, 1309.750000, ZIC, 776, 4, 194.000000, ZIP, 601, 4, 150.250000, 
ga_trial, 000465, 103, 117, GA, 448, 3, 149.333333, GVWY, 2504, 4, 626.000000, SHVR, 5291, 4, 1322.750000, ZIC, 776, 4, 194.000000, ZIP, 601, 4, 150.250000, 
ga_trial, 000472, 106, 121, GA, 448, 3, 149.333333, GVWY, 2536, 4, 634.000000, SHVR, 5359, 4, 1339.750000, ZIC, 776, 4, 194.000000, ZIP, 601, 4, 150.250000, 
ga_trial, 000474, 100, 121, GA, 448, 3, 149.333333, GVWY, 2538, 4, 634.500000, SHVR, 5390, 4, 1347.500000, ZIC, 776, 4, 194.000000, ZIP, 601, 4, 150.250000, 
ga_trial, 000478, 101, 111, GA, 448, 3, 149.333333, GVWY, 2558, 4, 639.500000, SHVR, 5450, 4, 1362.500000, ZIC, 776, 4, 194.000000, ZIP, 601, 4, 150.250000, 
ga_trial, 000478, 101, 121, GA, 448, 3, 149.333333, GVWY, 2597, 4, 649.250000, SHVR, 5450, 4, 1362.500000, ZIC, 776, 4, 194.000000, ZIP, 620, 4, 155.000000, 
ga_trial, 000483, 120, 135, GA, 448, 3, 149.333333, GVWY, 2597, 4, 649.250000, SHVR, 5469, 4, 1367.250000, ZIC, 776, 4, 194.000000, ZIP, 620, 4, 155.000000, 
ga_trial, 000485, 100, 135, GA, 448, 3, 149.333333, GVWY, 2610, 4, 652.500000, SHVR, 5469, 4, 1367.250000, ZIC, 776, 4, 194.000000, ZIP, 620, 4, 155.000000, 
ga_trial, 000487, 100, 121, GA, 448, 3, 149.333333, GVWY, 2640, 4, 660.000000, SHVR, 5525, 4, 1381.250000, ZIC, 776, 4, 194.000000, ZIP, 620, 4, 155.000000, 
ga_trial, 000490, 99, 118, GA, 448, 3, 149.333333, GVWY, 2656, 4, 664.000000, SHVR, 5589, 4, 1397.250000, ZIC, 776, 4, 194.000000, ZIP, 620, 4, 155.000000, 
ga_trial, 000492, 99, 121, GA, 455, 3, 151.666667, GVWY, 2656, 4, 664.000000, SHVR, 5589, 4, 1397.250000, ZIC, 776, 4, 194.000000, ZIP, 641, 4, 160.250000, 
ga_trial, 000493, 78, 120, GA, 456, 3, 152.000000, GVWY, 2656, 4, 664.000000, SHVR, 5589, 4, 1397.250000, ZIC, 797, 4, 199.250000, ZIP, 641, 4, 160.250000, 
ga_trial, 000495, 91, 121, GA, 460, 3, 153.333333, GVWY, 2656, 4, 664.000000, SHVR, 5641, 4, 1410.250000, ZIC, 797, 4, 199.250000, ZIP, 641, 4, 160.250000, 
ga_trial, 000498, 89, 135, GA, 460, 3, 153.333333, GVWY, 2665, 4, 666.250000, SHVR, 5641, 4, 1410.250000, ZIC, 797, 4, 199.250000, ZIP, 641, 4, 160.250000, 
ga_trial, 000499, 92, 387, GA, 460, 3, 153.333333, GVWY, 2680, 4, 670.000000, SHVR, 5641, 4, 1410.250000, ZIC, 797, 4, 199.250000, ZIP, 641, 4, 160.250000, 
ga_trial, 000505, 100, 103, GA, 460, 3, 153.333333, GVWY, 2680, 4, 670.000000, SHVR, 5717, 4, 1429.250000, ZIC, 797, 4, 199.250000, ZIP, 641, 4, 160.250000, 
ga_trial, 000507, 98, 103, GA, 460, 3, 153.333333, GVWY, 2729, 4, 682.250000, SHVR, 5768, 4, 1442.000000, ZIC, 797, 4, 199.250000, ZIP, 641, 4, 160.250000, 
ga_trial, 000510, 90, 101, GA, 461, 3, 153.666667, GVWY, 2729, 4, 682.250000, SHVR, 5768, 4, 1442.000000, ZIC, 818, 4, 204.500000, ZIP, 641, 4, 160.250000, 
ga_trial, 000512, 90, 107, GA, 461, 3, 153.666667, GVWY, 2729, 4, 682.250000, SHVR, 5768, 4, 1442.000000, ZIC, 827, 4, 206.750000, ZIP, 650, 4, 162.500000, 
ga_trial, 000513, 91, 121, GA, 461, 3, 153.666667, GVWY, 2752, 4, 688.000000, SHVR, 5768, 4, 1442.000000, ZIC, 827, 4, 206.750000, ZIP, 650, 4, 162.500000, 
ga_trial, 000514, 91, 121, GA, 463, 3, 154.333333, GVWY, 2752, 4, 688.000000, SHVR, 5768, 4, 1442.000000, ZIC, 827, 4, 206.750000, ZIP, 676, 4, 169.000000, 
ga_trial, 000516, 92, 105, GA, 463, 3, 154.333333, GVWY, 2799, 4, 699.750000, SHVR, 5821, 4, 1455.250000, ZIC, 827, 4, 206.750000, ZIP, 676, 4, 169.000000, 
ga_trial, 000517, 92, 107, GA, 463, 3, 154.333333, GVWY, 2826, 4, 706.500000, SHVR, 5860, 4, 1465.000000, ZIC, 827, 4, 206.750000, ZIP, 676, 4, 169.000000, 
ga_trial, 000522, 100, 103, GA, 463, 3, 154.333333, GVWY, 2826, 4, 706.500000, SHVR, 5936, 4, 1484.000000, ZIC, 827, 4, 206.750000, ZIP, 676, 4, 169.000000, 
ga_trial, 000522, 90, 204, GA, 463, 3, 154.333333, GVWY, 2826, 4, 706.500000, SHVR, 5936, 4, 1484.000000, ZIC, 827, 4, 206.750000, ZIP, 684, 4, 171.000000, 
ga_trial, 000524, 78, 121, GA, 476, 3, 158.666667, GVWY, 2826, 4, 706.500000, SHVR, 5936, 4, 1484.000000, ZIC, 827, 4, 206.750000, ZIP, 684, 4, 171.000000, 
ga_trial, 000529, 116, 121, GA, 476, 3, 158.666667, GVWY, 2858, 4, 714.500000, SHVR, 6004, 4, 1501.000000, ZIC, 827, 4, 206.750000, ZIP, 684, 4, 171.000000, 
ga_trial, 000529, 100, 121, GA, 478, 3, 159.333333, GVWY, 2858, 4, 714.500000, SHVR, 6004, 4, 1501.000000, ZIC, 867, 4, 216.750000, ZIP, 684, 4, 171.000000, 
ga_trial, 000530, 110, 135, GA, 478, 3, 159.333333, GVWY, 2867, 4, 716.750000, SHVR, 6004, 4, 1501.000000, ZIC, 867, 4, 216.750000, ZIP, 684, 4, 171.000000, 
ga_trial, 000536, 90, 107, GA, 478, 3, 159.333333, GVWY, 2867, 4, 716.750000, SHVR, 6094, 4, 1523.500000, ZIC, 867, 4, 216.750000, ZIP, 684, 4, 171.000000, 
ga_trial, 000537, 90, 107, GA, 478, 3, 159.333333, GVWY, 2912, 4, 728.000000, SHVR, 6135, 4, 1533.750000, ZIC, 867, 4, 216.750000, ZIP, 684, 4, 171.000000, 
ga_trial, 000538, 99, 104, GA, 496, 3, 165.333333, GVWY, 2912, 4, 728.000000, SHVR, 6135, 4, 1533.750000, ZIC, 867, 4, 216.750000, ZIP, 694, 4, 173.500000, 
ga_trial, 000539, 99, 107, GA, 496, 3, 165.333333, GVWY, 2938, 4, 734.500000, SHVR, 6189, 4, 1547.250000, ZIC, 867, 4, 216.750000, ZIP, 694, 4, 173.500000, 
ga_trial, 000544, 100, 105, GA, 496, 3, 165.333333, GVWY, 2938, 4, 734.500000, SHVR, 6265, 4, 1566.250000, ZIC, 867, 4, 216.750000, ZIP, 694, 4, 173.500000, 
ga_trial, 000546, 100, 107, GA, 496, 3, 165.333333, GVWY, 2985, 4, 746.250000, SHVR, 6265, 4, 1566.250000, ZIC, 867, 4, 216.750000, ZIP, 705, 4, 176.250000, 
ga_trial, 000547, 101, 107, GA, 496, 3, 165.333333, GVWY, 3009, 4, 752.250000, SHVR, 6307, 4, 1576.750000, ZIC, 867, 4, 216.750000, ZIP, 705, 4, 176.250000, 
ga_trial, 000549, 100, 107, GA, 496, 3, 165.333333, GVWY, 3009, 4, 752.250000, SHVR, 6342, 4, 1585.500000, ZIC, 867, 4, 216.750000, ZIP, 718, 4, 179.500000, 
ga_trial, 000551, 98, 121, GA, 496, 3, 165.333333, GVWY, 3009, 4, 752.250000, SHVR, 6342, 4, 1585.500000, ZIC, 870, 4, 217.500000, ZIP, 718, 4, 179.500000, 
ga_trial, 000554, 101, 121, GA, 499, 3, 166.333333, GVWY, 3009, 4, 752.250000, SHVR, 6409, 4, 1602.250000, ZIC, 870, 4, 217.500000, ZIP, 718, 4, 179.500000, 
ga_trial, 000556, 90, 107, GA, 499, 3, 166.333333, GVWY, 3009, 4, 752.250000, SHVR, 6409, 4, 1602.250000, ZIC, 892, 4, 223.000000, ZIP, 718, 4, 179.500000, 
ga_trial, 000558, 93, 135, GA, 499, 3, 166.333333, GVWY, 3052, 4, 763.000000, SHVR, 6409, 4, 1602.250000, ZIC, 892, 4, 223.000000, ZIP, 718, 4, 179.500000, 
ga_trial, 000563, 100, 107, GA, 499, 3, 166.333333, GVWY, 3076, 4, 769.000000, SHVR, 6451, 4, 1612.750000, ZIC, 892, 4, 223.000000, ZIP, 718, 4, 179.500000, 
ga_trial, 000565, 102, 121, GA, 512, 3, 170.666667, GVWY, 3076, 4, 769.000000, SHVR, 6451, 4, 1612.750000, ZIC, 892, 4, 223.000000, ZIP, 733, 4, 183.250000, 
ga_trial, 000567, 90, 121, GA, 512, 3, 170.666667, GVWY, 3076, 4, 769.000000, SHVR, 6451, 4, 1612.750000, ZIC, 914, 4, 228.500000, ZIP, 733, 4, 183.250000, 
ga_trial, 000569, 101, 119, GA, 525, 3, 175.000000, GVWY, 3076, 4, 769.000000, SHVR, 6451, 4, 1612.750000, ZIC, 914, 4, 228.500000, ZIP, 733, 4, 183.250000, 
ga_trial, 000573, 99, 107, GA, 525, 3, 175.000000, GVWY, 3076, 4, 769.000000, SHVR, 6541, 4, 1635.250000, ZIC, 914, 4, 228.500000, ZIP, 733, 4, 183.250000, 
ga_trial, 000573, 99, 117, GA, 525, 3, 175.000000, GVWY, 3099, 4, 774.750000, SHVR, 6541, 4, 1635.250000, ZIC, 914, 4, 228.500000, ZIP, 748, 4, 187.000000, 
ga_trial, 000574, 88, 121, GA, 525, 3, 175.000000, GVWY, 3134, 4, 783.500000, SHVR, 6592, 4, 1648.000000, ZIC, 914, 4, 228.500000, ZIP, 748, 4, 187.000000, 
ga_trial, 000582, 99, 106, GA, 544, 3, 181.333333, GVWY, 3134, 4, 783.500000, SHVR, 6592, 4, 1648.000000, ZIC, 914, 4, 228.500000, ZIP, 757, 4, 189.250000, 
ga_trial, 000582, 99, 107, GA, 544, 3, 181.333333, GVWY, 3158, 4, 789.500000, SHVR, 6648, 4, 1662.000000, ZIC, 914, 4, 228.500000, ZIP, 757, 4, 189.250000, 
ga_trial, 000586, 101, 107, GA, 544, 3, 181.333333, GVWY, 3202, 4, 800.500000, SHVR, 6690, 4, 1672.500000, ZIC, 914, 4, 228.500000, ZIP, 757, 4, 189.250000, 
ga_trial, 000590, 100, 107, GA, 544, 3, 181.333333, GVWY, 3202, 4, 800.500000, SHVR, 6780, 4, 1695.000000, ZIC, 914, 4, 228.500000, ZIP, 757, 4, 189.250000, 
ga_trial, 000593, 100, 107, GA, 558, 3, 186.000000, GVWY, 3202, 4, 800.500000, SHVR, 6780, 4, 1695.000000, ZIC, 914, 4, 228.500000, ZIP, 771, 4, 192.750000, 
ga_trial, 000593, 100, 121, GA, 558, 3, 186.000000, GVWY, 3225, 4, 806.250000, SHVR, 6780, 4, 1695.000000, ZIC, 914, 4, 228.500000, ZIP, 771, 4, 192.750000, 
ga_trial, 000595, 100, 121, GA, 562, 3, 187.333333, GVWY, 3225, 4, 806.250000, SHVR, 6832, 4, 1708.000000, ZIC, 914, 4, 228.500000, ZIP, 771, 4, 192.750000, 
ga_trial, 000595, 100, 135, GA, 562, 3, 187.333333, GVWY, 3254, 4, 813.500000, SHVR, 6832, 4, 1708.000000, ZIC, 914, 4, 228.500000, ZIP, 771, 4, 192.750000, 
ga_trial, 000601, 99, 135, GA, 562, 3, 187.333333, GVWY, 3269, 4, 817.250000, SHVR, 6832, 4, 1708.000000, ZIC, 914, 4, 228.500000, ZIP, 794, 4, 198.500000, 
ga_trial, 000606, 100, 104, GA, 562, 3, 187.333333, GVWY, 3269, 4, 817.250000, SHVR, 6908, 4, 1727.000000, ZIC, 914, 4, 228.500000, ZIP, 794, 4, 198.500000, 
ga_trial, 000607, 90, 103, GA, 562, 3, 187.333333, GVWY, 3269, 4, 817.250000, SHVR, 6908, 4, 1727.000000, ZIC, 936, 4, 234.000000, ZIP, 794, 4, 198.500000, 
ga_trial, 000608, 100, 107, GA, 576, 3, 192.000000, GVWY, 3269, 4, 817.250000, SHVR, 6964, 4, 1741.000000, ZIC, 936, 4, 234.000000, ZIP, 794, 4, 198.500000, 
ga_trial, 000610, 102, 107, GA, 576, 3, 192.000000, GVWY, 3269, 4, 817.250000, SHVR, 7006, 4, 1751.500000, ZIC, 940, 4, 235.000000, ZIP, 794, 4, 198.500000, 
ga_trial, 000611, 102, 121, GA, 576, 3, 192.000000, GVWY, 3292, 4, 823.000000, SHVR, 7006, 4, 1751.500000, ZIC, 940, 4, 235.000000, ZIP, 794, 4, 198.500000, 
ga_trial, 000612, 103, 135, GA, 576, 3, 192.000000, GVWY, 3321, 4, 830.250000, SHVR, 7006, 4, 1751.500000, ZIC, 940, 4, 235.000000, ZIP, 794, 4, 198.500000, 
ga_trial, 000615, 100, 121, GA, 576, 3, 192.000000, GVWY, 3321, 4, 830.250000, SHVR, 7036, 4, 1759.000000, ZIC, 940, 4, 235.000000, ZIP, 812, 4, 203.000000, 
ga_trial, 000619, 100, 121, GA, 576, 3, 192.000000, GVWY, 3340, 4, 835.000000, SHVR, 7036, 4, 1759.000000, ZIC, 940, 4, 235.000000, ZIP, 831, 4, 207.750000, 
ga_trial, 000620, 100, 121, GA, 576, 3, 192.000000, GVWY, 3369, 4, 842.250000, SHVR, 7036, 4, 1759.000000, ZIC, 983, 4, 245.750000, ZIP, 831, 4, 207.750000, 
ga_trial, 000624, 98, 107, GA, 593, 3, 197.666667, GVWY, 3369, 4, 842.250000, SHVR, 7075, 4, 1768.750000, ZIC, 983, 4, 245.750000, ZIP, 831, 4, 207.750000, 
ga_trial, 000627, 100, 107, GA, 610, 3, 203.333333, GVWY, 3369, 4, 842.250000, SHVR, 7128, 4, 1782.000000, ZIC, 983, 4, 245.750000, ZIP, 831, 4, 207.750000, 
ga_trial, 000630, 99, 102, GA, 610, 3, 203.333333, GVWY, 3417, 4, 854.250000, SHVR, 7166, 4, 1791.500000, ZIC, 983, 4, 245.750000, ZIP, 831, 4, 207.750000, 
ga_trial, 000633, 100, 107, GA, 610, 3, 203.333333, GVWY, 3445, 4, 861.250000, SHVR, 7166, 4, 1791.500000, ZIC, 983, 4, 245.750000, ZIP, 841, 4, 210.250000, 
ga_trial, 000634, 102, 107, GA, 610, 3, 203.333333, GVWY, 3445, 4, 861.250000, SHVR, 7221, 4, 1805.250000, ZIC, 988, 4, 247.000000, ZIP, 841, 4, 210.250000, 
ga_trial, 000637, 100, 107, GA, 610, 3, 203.333333, GVWY, 3445, 4, 861.250000, SHVR, 7297, 4, 1824.250000, ZIC, 988, 4, 247.000000, ZIP, 841, 4, 210.250000, 
ga_trial, 000640, 100, 107, GA, 610, 3, 203.333333, GVWY, 3445, 4, 861.250000, SHVR, 7349, 4, 1837.250000, ZIC, 996, 4, 249.000000, ZIP, 841, 4, 210.250000, 
ga_trial, 000640, 100, 121, GA, 610, 3, 203.333333, GVWY, 3468, 4, 867.000000, SHVR, 7349, 4, 1837.250000, ZIC, 996, 4, 249.000000, ZIP, 841, 4, 210.250000, 
ga_trial, 000644, 99, 121, GA, 624, 3, 208.000000, GVWY, 3468, 4, 867.000000, SHVR, 7349, 4, 1837.250000, ZIC, 996, 4, 249.000000, ZIP, 855, 4, 213.750000, 
ga_trial, 000645, 99, 179, GA, 624, 3, 208.000000, GVWY, 3497, 4, 874.250000, SHVR, 7349, 4, 1837.250000, ZIC, 996, 4, 249.000000, ZIP, 855, 4, 213.750000, 
ga_trial, 000650, 103, 135, GA, 624, 3, 208.000000, GVWY, 3506, 4, 876.500000, SHVR, 7349, 4, 1837.250000, ZIC, 996, 4, 249.000000, ZIP, 855, 4, 213.750000, 
ga_trial, 000652, 104, 133, GA, 626, 3, 208.666667, GVWY, 3506, 4, 876.500000, SHVR, 7349, 4, 1837.250000, ZIC, 1036, 4, 259.000000, ZIP, 855, 4, 213.750000, 
ga_trial, 000654, 100, 117, GA, 626, 3, 208.666667, GVWY, 3506, 4, 876.500000, SHVR, 7382, 4, 1845.500000, ZIC, 1036, 4, 259.000000, ZIP, 855, 4, 213.750000, 
ga_trial, 000656, 100, 104, GA, 626, 3, 208.666667, GVWY, 3533, 4, 883.250000, SHVR, 7421, 4, 1855.250000, ZIC, 1036, 4, 259.000000, ZIP, 855, 4, 213.750000, 
ga_trial, 000657, 100, 104, GA, 643, 3, 214.333333, GVWY, 3533, 4, 883.250000, SHVR, 7474, 4, 1868.500000, ZIC, 1036, 4, 259.000000, ZIP, 855, 4, 213.750000, 
ga_trial, 000657, 100, 107, GA, 643, 3, 214.333333, GVWY, 3579, 4, 894.750000, SHVR, 7474, 4, 1868.500000, ZIC, 1036, 4, 259.000000, ZIP, 867, 4, 216.750000, 
ga_trial, 000663, 100, 107, GA, 643, 3, 214.333333, GVWY, 3579, 4, 894.750000, SHVR, 7564, 4, 1891.000000, ZIC, 1036, 4, 259.000000, ZIP, 867, 4, 216.750000, 
ga_trial, 000668, 100, 101, GA, 643, 3, 214.333333, GVWY, 3628, 4, 907.000000, SHVR, 7601, 4, 1900.250000, ZIC, 1036, 4, 259.000000, ZIP, 867, 4, 216.750000, 
ga_trial, 000669, 90, 101, GA, 643, 3, 214.333333, GVWY, 3628, 4, 907.000000, SHVR, 7651, 4, 1912.750000, ZIC, 1036, 4, 259.000000, ZIP, 867, 4, 216.750000, 
ga_trial, 000671, 90, 116, GA, 662, 3, 220.666667, GVWY, 3628, 4, 907.000000, SHVR, 7651, 4, 1912.750000, ZIC, 1036, 4, 259.000000, ZIP, 876, 4, 219.000000, 
ga_trial, 000674, 90, 107, GA, 662, 3, 220.666667, GVWY, 3628, 4, 907.000000, SHVR, 7689, 4, 1922.250000, ZIC, 1044, 4, 261.000000, ZIP, 876, 4, 219.000000, 
ga_trial, 000675, 93, 121, GA, 662, 3, 220.666667, GVWY, 3651, 4, 912.750000, SHVR, 7689, 4, 1922.250000, ZIC, 1044, 4, 261.000000, ZIP, 876, 4, 219.000000, 
ga_trial, 000681, 102, 135, GA, 662, 3, 220.666667, GVWY, 3680, 4, 920.000000, SHVR, 7689, 4, 1922.250000, ZIC, 1044, 4, 261.000000, ZIP, 876, 4, 219.000000, 
ga_trial, 000683, 130, 134, GA, 662, 3, 220.666667, GVWY, 3680, 4, 920.000000, SHVR, 7698, 4, 1924.500000, ZIC, 1044, 4, 261.000000, ZIP, 915, 4, 228.750000, 
ga_trial, 000684, 120, 133, GA, 662, 3, 220.666667, GVWY, 3703, 4, 925.750000, SHVR, 7698, 4, 1924.500000, ZIC, 1044, 4, 261.000000, ZIP, 915, 4, 228.750000, 
ga_trial, 000685, 100, 121, GA, 662, 3, 220.666667, GVWY, 3703, 4, 925.750000, SHVR, 7754, 4, 1938.500000, ZIC, 1044, 4, 261.000000, ZIP, 915, 4, 228.750000, 
ga_trial, 000688, 100, 112, GA, 662, 3, 220.666667, GVWY, 3744, 4, 936.000000, SHVR, 7799, 4, 1949.750000, ZIC, 1044, 4, 261.000000, ZIP, 915, 4, 228.750000, 
ga_trial, 000690, 100, 107, GA, 662, 3, 220.666667, GVWY, 3744, 4, 936.000000, SHVR, 7889, 4, 1972.250000, ZIC, 1044, 4, 261.000000, ZIP, 915, 4, 228.750000, 
ga_trial, 000691, 98, 107, GA, 662, 3, 220.666667, GVWY, 3744, 4, 936.000000, SHVR, 7889, 4, 1972.250000, ZIC, 1048, 4, 262.000000, ZIP, 929, 4, 232.250000, 
ga_trial, 000692, 98, 121, GA, 675, 3, 225.000000, GVWY, 3744, 4, 936.000000, SHVR, 7889, 4, 1972.250000, ZIC, 1048, 4, 262.000000, ZIP, 929, 4, 232.250000, 
ga_trial, 000695, 100, 135, GA, 675, 3, 225.000000, GVWY, 3753, 4, 938.250000, SHVR, 7889, 4, 1972.250000, ZIC, 1048, 4, 262.000000, ZIP, 929, 4, 232.250000, 
ga_trial, 000696, 100, 135, GA, 675, 3, 225.000000, GVWY, 3769, 4, 942.250000, SHVR, 7973, 4, 1993.250000, ZIC, 1048, 4, 262.000000, ZIP, 929, 4, 232.250000, 
ga_trial, 000700, 90, 133, GA, 676, 3, 225.333333, GVWY, 3769, 4, 942.250000, SHVR, 7973, 4, 1993.250000, ZIC, 1069, 4, 267.250000, ZIP, 929, 4, 232.250000, 
ga_trial, 000703, 90, 121, GA, 676, 3, 225.333333, GVWY, 3780, 4, 945.000000, SHVR, 8028, 4, 2007.000000, ZIC, 1069, 4, 267.250000, ZIP, 929, 4, 232.250000, 
ga_trial, 000704, 90, 120, GA, 680, 3, 226.666667, GVWY, 3789, 4, 947.250000, SHVR, 8028, 4, 2007.000000, ZIC, 1069, 4, 267.250000, ZIP, 929, 4, 232.250000, 
ga_trial, 000706, 99, 118, GA, 684, 3, 228.000000, GVWY, 3789, 4, 947.250000, SHVR, 8094, 4, 2023.500000, ZIC, 1069, 4, 267.250000, ZIP, 929, 4, 232.250000, 
ga_trial, 000712, 102, 107, GA, 684, 3, 228.000000, GVWY, 3834, 4, 958.500000, SHVR, 8094, 4, 2023.500000, ZIC, 1069, 4, 267.250000, ZIP, 942, 4, 235.500000, 
ga_trial, 000713, 100, 106, GA, 684, 3, 228.000000, GVWY, 3834, 4, 958.500000, SHVR, 8170, 4, 2042.500000, ZIC, 1069, 4, 267.250000, ZIP, 942, 4, 235.500000, 
ga_trial, 000714, 90, 106, GA, 684, 3, 228.000000, GVWY, 3834, 4, 958.500000, SHVR, 8170, 4, 2042.500000, ZIC, 1091, 4, 272.750000, ZIP, 942, 4, 235.500000, 
ga_trial, 000715, 90, 107, GA, 684, 3, 228.000000, GVWY, 3858, 4, 964.500000, SHVR, 8226, 4, 2056.500000, ZIC, 1091, 4, 272.750000, ZIP, 942, 4, 235.500000, 
ga_trial, 000720, 100, 107, GA, 698, 3, 232.666667, GVWY, 3858, 4, 964.500000, SHVR, 8226, 4, 2056.500000, ZIC, 1091, 4, 272.750000, ZIP, 956, 4, 239.000000, 
ga_trial, 000721, 100, 121, GA, 698, 3, 232.666667, GVWY, 3901, 4, 975.250000, SHVR, 8226, 4, 2056.500000, ZIC, 1091, 4, 272.750000, ZIP, 956, 4, 239.000000, 
ga_trial, 000725, 110, 117, GA, 698, 3, 232.666667, GVWY, 3915, 4, 978.750000, SHVR, 8278, 4, 2069.500000, ZIC, 1091, 4, 272.750000, ZIP, 956, 4, 239.000000, 
ga_trial, 000725, 102, 117, GA, 698, 3, 232.666667, GVWY, 3918, 4, 979.500000, SHVR, 8278, 4, 2069.500000, ZIC, 1091, 4, 272.750000, ZIP, 956, 4, 239.000000, 
ga_trial, 000727, 105, 135, GA, 698, 3, 232.666667, GVWY, 3955, 4, 988.750000, SHVR, 8341, 4, 2085.250000, ZIC, 1091, 4, 272.750000, ZIP, 956, 4, 239.000000, 
ga_trial, 000730, 107, 121, GA, 698, 3, 232.666667, GVWY, 3972, 4, 993.000000, SHVR, 8341, 4, 2085.250000, ZIC, 1091, 4, 272.750000, ZIP, 977, 4, 244.250000, 
ga_trial, 000733, 117, 121, GA, 698, 3, 232.666667, GVWY, 3972, 4, 993.000000, SHVR, 8417, 4, 2104.250000, ZIC, 1091, 4, 272.750000, ZIP, 977, 4, 244.250000, 
ga_trial, 000735, 100, 121, GA, 699, 3, 233.000000, GVWY, 3984, 4, 996.000000, SHVR, 8417, 4, 2104.250000, ZIC, 1091, 4, 272.750000, ZIP, 977, 4, 244.250000, 
ga_trial, 000739, 102, 121, GA, 702, 3, 234.000000, GVWY, 3984, 4, 996.000000, SHVR, 8417, 4, 2104.250000, ZIC, 1130, 4, 282.500000, ZIP, 977, 4, 244.250000, 
ga_trial, 000743, 106, 112, GA, 702, 3, 234.000000, GVWY, 4007, 4, 1001.750000, SHVR, 8417, 4, 2104.250000, ZIC, 1130, 4, 282.500000, ZIP, 977, 4, 244.250000, 
ga_trial, 000744, 106, 117, GA, 702, 3, 234.000000, GVWY, 4048, 4, 1012.000000, SHVR, 8476, 4, 2119.000000, ZIC, 1130, 4, 282.500000, ZIP, 977, 4, 244.250000, 
ga_trial, 000747, 100, 109, GA, 702, 3, 234.000000, GVWY, 4049, 4, 1012.250000, SHVR, 8508, 4, 2127.000000, ZIC, 1130, 4, 282.500000, ZIP, 977, 4, 244.250000, 
ga_trial, 000750, 100, 109, GA, 702, 3, 234.000000, GVWY, 4049, 4, 1012.250000, SHVR, 8550, 4, 2137.500000, ZIC, 1134, 4, 283.500000, ZIP, 977, 4, 244.250000, 
ga_trial, 000751, 100, 135, GA, 716, 3, 238.666667, GVWY, 4049, 4, 1012.250000, SHVR, 8550, 4, 2137.500000, ZIC, 1134, 4, 283.500000, ZIP, 991, 4, 247.750000, 
ga_trial, 000753, 100, 135, GA, 716, 3, 238.666667, GVWY, 4058, 4, 1014.500000, SHVR, 8550, 4, 2137.500000, ZIC, 1134, 4, 283.500000, ZIP, 991, 4, 247.750000, 
ga_trial, 000754, 100, 135, GA, 716, 3, 238.666667, GVWY, 4075, 4, 1018.750000, SHVR, 8619, 4, 2154.750000, ZIC, 1134, 4, 283.500000, ZIP, 991, 4, 247.750000, 
ga_trial, 000755, 90, 135, GA, 716, 3, 238.666667, GVWY, 4075, 4, 1018.750000, SHVR, 8619, 4, 2154.750000, ZIC, 1156, 4, 289.000000, ZIP, 991, 4, 247.750000, 
ga_trial, 000761, 92, 111, GA, 726, 3, 242.000000, GVWY, 4075, 4, 1018.750000, SHVR, 8679, 4, 2169.750000, ZIC, 1156, 4, 289.000000, ZIP, 991, 4, 247.750000, 
ga_trial, 000765, 101, 104, GA, 726, 3, 242.000000, GVWY, 4103, 4, 1025.750000, SHVR, 8717, 4, 2179.250000, ZIC, 1156, 4, 289.000000, ZIP, 991, 4, 247.750000, 
ga_trial, 000766, 100, 104, GA, 726, 3, 242.000000, GVWY, 4103, 4, 1025.750000, SHVR, 8807, 4, 2201.750000, ZIC, 1156, 4, 289.000000, ZIP, 991, 4, 247.750000, 
ga_trial, 000767, 100, 107, GA, 726, 3, 242.000000, GVWY, 4150, 4, 1037.500000, SHVR, 8807, 4, 2201.750000, ZIC, 1156, 4, 289.000000, ZIP, 1002, 4, 250.500000, 
ga_trial, 000767, 100, 107, GA, 726, 3, 242.000000, GVWY, 4150, 4, 1037.500000, SHVR, 8862, 4, 2215.500000, ZIC, 1161, 4, 290.250000, ZIP, 1002, 4, 250.500000, 
ga_trial, 000775, 90, 102, GA, 726, 3, 242.000000, GVWY, 4179, 4, 1044.750000, SHVR, 8899, 4, 2224.750000, ZIC, 1161, 4, 290.250000, ZIP, 1002, 4, 250.500000, 
ga_trial, 000776, 91, 107, GA, 745, 3, 248.333333, GVWY, 4179, 4, 1044.750000, SHVR, 8899, 4, 2224.750000, ZIC, 1161, 4, 290.250000, ZIP, 1011, 4, 252.750000, 
ga_trial, 000782, 104, 121, GA, 758, 3, 252.666667, GVWY, 4179, 4, 1044.750000, SHVR, 8899, 4, 2224.750000, ZIC, 1161, 4, 290.250000, ZIP, 1011, 4, 252.750000, 
ga_trial, 000782, 104, 135, GA, 758, 3, 252.666667, GVWY, 4188, 4, 1047.000000, SHVR, 8899, 4, 2224.750000, ZIC, 1161, 4, 290.250000, ZIP, 1011, 4, 252.750000, 
ga_trial, 000786, 100, 109, GA, 758, 3, 252.666667, GVWY, 4188, 4, 1047.000000, SHVR, 8975, 4, 2243.750000, ZIC, 1161, 4, 290.250000, ZIP, 1011, 4, 252.750000, 
ga_trial, 000786, 100, 108, GA, 758, 3, 252.666667, GVWY, 4231, 4, 1057.750000, SHVR, 9032, 4, 2258.000000, ZIC, 1161, 4, 290.250000, ZIP, 1011, 4, 252.750000, 
ga_trial, 000788, 100, 108, GA, 771, 3, 257.000000, GVWY, 4231, 4, 1057.750000, SHVR, 9032, 4, 2258.000000, ZIC, 1161, 4, 290.250000, ZIP, 1011, 4, 252.750000, 
ga_trial, 000791, 100, 108, GA, 771, 3, 257.000000, GVWY, 4275, 4, 1068.750000, SHVR, 9088, 4, 2272.000000, ZIC, 1161, 4, 290.250000, ZIP, 1011, 4, 252.750000, 
ga_trial, 000795, 91, 98, GA, 771, 3, 257.000000, GVWY, 4307, 4, 1076.750000, SHVR, 9122, 4, 2280.500000, ZIC, 1161, 4, 290.250000, ZIP, 1011, 4, 252.750000, 
ga_trial, 000797, 94, 121, GA, 771, 3, 257.000000, GVWY, 4338, 4, 1084.500000, SHVR, 9122, 4, 2280.500000, ZIC, 1161, 4, 290.250000, ZIP, 1018, 4, 254.500000, 
ga_trial, 000799, 100, 135, GA, 771, 3, 257.000000, GVWY, 4367, 4, 1091.750000, SHVR, 9122, 4, 2280.500000, ZIC, 1161, 4, 290.250000, ZIP, 1018, 4, 254.500000, 
ga_trial, 000801, 101, 135, GA, 771, 3, 257.000000, GVWY, 4367, 4, 1091.750000, SHVR, 9122, 4, 2280.500000, ZIC, 1164, 4, 291.000000, ZIP, 1018, 4, 254.500000, 
ga_trial, 000807, 103, 124, GA, 774, 3, 258.000000, GVWY, 4367, 4, 1091.750000, SHVR, 9122, 4, 2280.500000, ZIC, 1164, 4, 291.000000, ZIP, 1043, 4, 260.750000, 
ga_trial, 000809, 100, 120, GA, 774, 3, 258.000000, GVWY, 4367, 4, 1091.750000, SHVR, 9155, 4, 2288.750000, ZIC, 1164, 4, 291.000000, ZIP, 1043, 4, 260.750000, 
ga_trial, 000810, 116, 135, GA, 774, 3, 258.000000, GVWY, 4367, 4, 1091.750000, SHVR, 9245, 4, 2311.250000, ZIC, 1164, 4, 291.000000, ZIP, 1043, 4, 260.750000, 
ga_trial, 000812, 100, 119, GA, 778, 3, 259.333333, GVWY, 4367, 4, 1091.750000, SHVR, 9245, 4, 2311.250000, ZIC, 1202, 4, 300.500000, ZIP, 1043, 4, 260.750000, 
ga_trial, 000814, 96, 121, GA, 778, 3, 259.333333, GVWY, 4402, 4, 1100.500000, SHVR, 9296, 4, 2324.000000, ZIC, 1202, 4, 300.500000, ZIP, 1043, 4, 260.750000, 
ga_trial, 000814, 96, 135, GA, 778, 3, 259.333333, GVWY, 4411, 4, 1102.750000, SHVR, 9296, 4, 2324.000000, ZIC, 1202, 4, 300.500000, ZIP, 1043, 4, 260.750000, 
ga_trial, 000819, 100, 116, GA, 787, 3, 262.333333, GVWY, 4411, 4, 1102.750000, SHVR, 9296, 4, 2324.000000, ZIC, 1202, 4, 300.500000, ZIP, 1062, 4, 265.500000, 
ga_trial, 000822, 90, 101, GA, 787, 3, 262.333333, GVWY, 4411, 4, 1102.750000, SHVR, 9332, 4, 2333.000000, ZIC, 1202, 4, 300.500000, ZIP, 1062, 4, 265.500000, 
ga_trial, 000822, 90, 103, GA, 787, 3, 262.333333, GVWY, 4411, 4, 1102.750000, SHVR, 9383, 4, 2345.750000, ZIC, 1211, 4, 302.750000, ZIP, 1062, 4, 265.500000, 
ga_trial, 000824, 91, 107, GA, 787, 3, 262.333333, GVWY, 4458, 4, 1114.500000, SHVR, 9383, 4, 2345.750000, ZIC, 1211, 4, 302.750000, ZIP, 1073, 4, 268.250000, 
ga_trial, 000826, 78, 104, GA, 787, 3, 262.333333, GVWY, 4458, 4, 1114.500000, SHVR, 9430, 4, 2357.500000, ZIC, 1226, 4, 306.500000, ZIP, 1073, 4, 268.250000, 
ga_trial, 000827, 78, 107, GA, 787, 3, 262.333333, GVWY, 4485, 4, 1121.250000, SHVR, 9483, 4, 2370.750000, ZIC, 1226, 4, 306.500000, ZIP, 1073, 4, 268.250000, 
ga_trial, 000832, 78, 91, GA, 787, 3, 262.333333, GVWY, 4485, 4, 1121.250000, SHVR, 9509, 4, 2377.250000, ZIC, 1226, 4, 306.500000, ZIP, 1073, 4, 268.250000, 
ga_trial, 000832, 78, 92, GA, 787, 3, 262.333333, GVWY, 4485, 4, 1121.250000, SHVR, 9550, 4, 2387.500000, ZIC, 1245, 4, 311.250000, ZIP, 1073, 4, 268.250000, 
ga_trial, 000834, 78, 107, GA, 815, 3, 271.666667, GVWY, 4485, 4, 1121.250000, SHVR, 9550, 4, 2387.500000, ZIC, 1245, 4, 311.250000, ZIP, 1073, 4, 268.250000, 
ga_trial, 000837, 100, 135, GA, 815, 3, 271.666667, GVWY, 4514, 4, 1128.500000, SHVR, 9550, 4, 2387.500000, ZIC, 1245, 4, 311.250000, ZIP, 1073, 4, 268.250000, 
ga_trial, 000838, 130, 135, GA, 815, 3, 271.666667, GVWY, 4538, 4, 1134.500000, SHVR, 9559, 4, 2389.750000, ZIC, 1245, 4, 311.250000, ZIP, 1073, 4, 268.250000, 
ga_trial, 000840, 130, 415, GA, 815, 3, 271.666667, GVWY, 4553, 4, 1138.250000, SHVR, 9559, 4, 2389.750000, ZIC, 1245, 4, 311.250000, ZIP, 1073, 4, 268.250000, 
ga_trial, 000842, 100, 236, GA, 815, 3, 271.666667, GVWY, 4553, 4, 1138.250000, SHVR, 9559, 4, 2389.750000, ZIC, 1297, 4, 324.250000, ZIP, 1073, 4, 268.250000, 
ga_trial, 000845, 130, 133, GA, 815, 3, 271.666667, GVWY, 4553, 4, 1138.250000, SHVR, 9568, 4, 2392.000000, ZIC, 1297, 4, 324.250000, ZIP, 1112, 4, 278.000000, 
ga_trial, 000846, 120, 132, GA, 815, 3, 271.666667, GVWY, 4553, 4, 1138.250000, SHVR, 9568, 4, 2392.000000, ZIC, 1297, 4, 324.250000, ZIP, 1150, 4, 287.500000, 
ga_trial, 000847, 100, 121, GA, 815, 3, 271.666667, GVWY, 4553, 4, 1138.250000, SHVR, 9624, 4, 2406.000000, ZIC, 1297, 4, 324.250000, ZIP, 1150, 4, 287.500000, 
ga_trial, 000847, 90, 121, GA, 815, 3, 271.666667, GVWY, 4553, 4, 1138.250000, SHVR, 9624, 4, 2406.000000, ZIC, 1319, 4, 329.750000, ZIP, 1150, 4, 287.500000, 
ga_trial, 000849, 93, 121, GA, 815, 3, 271.666667, GVWY, 4566, 4, 1141.500000, SHVR, 9691, 4, 2422.750000, ZIC, 1319, 4, 329.750000, ZIP, 1150, 4, 287.500000, 
ga_trial, 000852, 119, 135, GA, 815, 3, 271.666667, GVWY, 4595, 4, 1148.750000, SHVR, 9691, 4, 2422.750000, ZIC, 1319, 4, 329.750000, ZIP, 1150, 4, 287.500000, 
ga_trial, 000853, 119, 135, GA, 815, 3, 271.666667, GVWY, 4595, 4, 1148.750000, SHVR, 9712, 4, 2428.000000, ZIC, 1360, 4, 340.000000, ZIP, 1150, 4, 287.500000, 
ga_trial, 000856, 100, 131, GA, 815, 3, 271.666667, GVWY, 4608, 4, 1152.000000, SHVR, 9712, 4, 2428.000000, ZIC, 1360, 4, 340.000000, ZIP, 1150, 4, 287.500000, 
ga_trial, 000858, 122, 455, GA, 815, 3, 271.666667, GVWY, 4611, 4, 1152.750000, SHVR, 9775, 4, 2443.750000, ZIC, 1360, 4, 340.000000, ZIP, 1150, 4, 287.500000, 
ga_trial, 000862, 122, 135, GA, 815, 3, 271.666667, GVWY, 4629, 4, 1157.250000, SHVR, 9843, 4, 2460.750000, ZIC, 1360, 4, 340.000000, ZIP, 1150, 4, 287.500000, 
ga_trial, 000863, 120, 135, GA, 815, 3, 271.666667, GVWY, 4646, 4, 1161.500000, SHVR, 9859, 4, 2464.750000, ZIC, 1360, 4, 340.000000, ZIP, 1150, 4, 287.500000, 
ga_trial, 000864, 100, 121, GA, 815, 3, 271.666667, GVWY, 4646, 4, 1161.500000, SHVR, 9929, 4, 2482.250000, ZIC, 1360, 4, 340.000000, ZIP, 1150, 4, 287.500000, 
ga_trial, 000866, 104, 135, GA, 815, 3, 271.666667, GVWY, 4675, 4, 1168.750000, SHVR, 9929, 4, 2482.250000, ZIC, 1360, 4, 340.000000, ZIP, 1150, 4, 287.500000, 
ga_trial, 000872, 106, 121, GA, 815, 3, 271.666667, GVWY, 4675, 4, 1168.750000, SHVR, 9962, 4, 2490.500000, ZIC, 1360, 4, 340.000000, ZIP, 1150, 4, 287.500000, 
ga_trial, 000874, 100, 112, GA, 824, 3, 274.666667, GVWY, 4675, 4, 1168.750000, SHVR, 9962, 4, 2490.500000, ZIC, 1360, 4, 340.000000, ZIP, 1169, 4, 292.250000, 
ga_trial, 000876, 100, 108, GA, 824, 3, 274.666667, GVWY, 4699, 4, 1174.750000, SHVR, 10004, 4, 2501.000000, ZIC, 1360, 4, 340.000000, ZIP, 1169, 4, 292.250000, 
ga_trial, 000879, 100, 103, GA, 842, 3, 280.666667, GVWY, 4699, 4, 1174.750000, SHVR, 10056, 4, 2514.000000, ZIC, 1360, 4, 340.000000, ZIP, 1169, 4, 292.250000, 
ga_trial, 000883, 100, 115, GA, 842, 3, 280.666667, GVWY, 4727, 4, 1181.750000, SHVR, 10056, 4, 2514.000000, ZIC, 1360, 4, 340.000000, ZIP, 1179, 4, 294.750000, 
ga_trial, 000883, 100, 135, GA, 842, 3, 280.666667, GVWY, 4756, 4, 1189.000000, SHVR, 10056, 4, 2514.000000, ZIC, 1360, 4, 340.000000, ZIP, 1179, 4, 294.750000, 
ga_trial, 000887, 100, 106, GA, 842, 3, 280.666667, GVWY, 4756, 4, 1189.000000, SHVR, 10092, 4, 2523.000000, ZIC, 1386, 4, 346.500000, ZIP, 1179, 4, 294.750000, 
ga_trial, 000888, 100, 107, GA, 842, 3, 280.666667, GVWY, 4756, 4, 1189.000000, SHVR, 10146, 4, 2536.500000, ZIC, 1392, 4, 348.000000, ZIP, 1179, 4, 294.750000, 
ga_trial, 000889, 100, 107, GA, 857, 3, 285.666667, GVWY, 4756, 4, 1189.000000, SHVR, 10187, 4, 2546.750000, ZIC, 1392, 4, 348.000000, ZIP, 1179, 4, 294.750000, 
ga_trial, 000892, 100, 107, GA, 857, 3, 285.666667, GVWY, 4800, 4, 1200.000000, SHVR, 10229, 4, 2557.250000, ZIC, 1392, 4, 348.000000, ZIP, 1179, 4, 294.750000, 
ga_trial, 000893, 90, 107, GA, 857, 3, 285.666667, GVWY, 4800, 4, 1200.000000, SHVR, 10229, 4, 2557.250000, ZIC, 1414, 4, 353.500000, ZIP, 1179, 4, 294.750000, 
ga_trial, 000895, 90, 106, GA, 857, 3, 285.666667, GVWY, 4800, 4, 1200.000000, SHVR, 10284, 4, 2571.000000, ZIC, 1419, 4, 354.750000, ZIP, 1179, 4, 294.750000, 
ga_trial, 000897, 100, 107, GA, 857, 3, 285.666667, GVWY, 4827, 4, 1206.750000, SHVR, 10284, 4, 2571.000000, ZIC, 1419, 4, 354.750000, ZIP, 1190, 4, 297.500000, 
ga_trial, 000899, 100, 121, GA, 857, 3, 285.666667, GVWY, 4870, 4, 1217.500000, SHVR, 10284, 4, 2571.000000, ZIC, 1419, 4, 354.750000, ZIP, 1190, 4, 297.500000, 
ga_trial, 000901, 100, 106, GA, 857, 3, 285.666667, GVWY, 4870, 4, 1217.500000, SHVR, 10360, 4, 2590.000000, ZIC, 1419, 4, 354.750000, ZIP, 1190, 4, 297.500000, 
ga_trial, 000904, 100, 104, GA, 874, 3, 291.333333, GVWY, 4870, 4, 1217.500000, SHVR, 10413, 4, 2603.250000, ZIC, 1419, 4, 354.750000, ZIP, 1190, 4, 297.500000, 
ga_trial, 000904, 100, 107, GA, 874, 3, 291.333333, GVWY, 4896, 4, 1224.000000, SHVR, 10413, 4, 2603.250000, ZIC, 1419, 4, 354.750000, ZIP, 1202, 4, 300.500000, 
ga_trial, 000908, 90, 107, GA, 889, 3, 296.333333, GVWY, 4896, 4, 1224.000000, SHVR, 10468, 4, 2617.000000, ZIC, 1419, 4, 354.750000, ZIP, 1202, 4, 300.500000, 
ga_trial, 000908, 90, 121, GA, 889, 3, 296.333333, GVWY, 4939, 4, 1234.750000, SHVR, 10468, 4, 2617.000000, ZIC, 1419, 4, 354.750000, ZIP, 1202, 4, 300.500000, 
ga_trial, 000912, 100, 107, GA, 889, 3, 296.333333, GVWY, 4966, 4, 1241.500000, SHVR, 10507, 4, 2626.750000, ZIC, 1419, 4, 354.750000, ZIP, 1202, 4, 300.500000, 
ga_trial, 000919, 100, 121, GA, 889, 3, 296.333333, GVWY, 4966, 4, 1241.500000, SHVR, 10543, 4, 2635.750000, ZIC, 1419, 4, 354.750000, ZIP, 1214, 4, 303.500000, 
ga_trial, 000920, 100, 107, GA, 889, 3, 296.333333, GVWY, 4966, 4, 1241.500000, SHVR, 10543, 4, 2635.750000, ZIC, 1424, 4, 356.000000, ZIP, 1227, 4, 306.750000, 
ga_trial, 000921, 100, 121, GA, 889, 3, 296.333333, GVWY, 4989, 4, 1247.250000, SHVR, 10543, 4, 2635.750000, ZIC, 1424, 4, 356.000000, ZIP, 1227, 4, 306.750000, 
ga_trial, 000924, 117, 121, GA, 889, 3, 296.333333, GVWY, 5019, 4, 1254.750000, SHVR, 10613, 4, 2653.250000, ZIC, 1424, 4, 356.000000, ZIP, 1227, 4, 306.750000, 
ga_trial, 000926, 90, 135, GA, 891, 3, 297.000000, GVWY, 5019, 4, 1254.750000, SHVR, 10667, 4, 2666.750000, ZIC, 1424, 4, 356.000000, ZIP, 1227, 4, 306.750000, 
ga_trial, 000931, 107, 114, GA, 891, 3, 297.000000, GVWY, 5056, 4, 1264.000000, SHVR, 10716, 4, 2679.000000, ZIC, 1424, 4, 356.000000, ZIP, 1227, 4, 306.750000, 
ga_trial, 000932, 107, 121, GA, 891, 3, 297.000000, GVWY, 5072, 4, 1268.000000, SHVR, 10780, 4, 2695.000000, ZIC, 1424, 4, 356.000000, ZIP, 1227, 4, 306.750000, 
ga_trial, 000934, 117, 121, GA, 891, 3, 297.000000, GVWY, 5072, 4, 1268.000000, SHVR, 10802, 4, 2700.500000, ZIC, 1424, 4, 356.000000, ZIP, 1253, 4, 313.250000, 
ga_trial, 000934, 105, 121, GA, 893, 3, 297.666667, GVWY, 5083, 4, 1270.750000, SHVR, 10802, 4, 2700.500000, ZIC, 1424, 4, 356.000000, ZIP, 1253, 4, 313.250000, 
ga_trial, 000936, 100, 387, GA, 893, 3, 297.666667, GVWY, 5112, 4, 1278.000000, SHVR, 10802, 4, 2700.500000, ZIC, 1424, 4, 356.000000, ZIP, 1253, 4, 313.250000, 
ga_trial, 000938, 101, 135, GA, 893, 3, 297.666667, GVWY, 5135, 4, 1283.750000, SHVR, 10802, 4, 2700.500000, ZIC, 1424, 4, 356.000000, ZIP, 1253, 4, 313.250000, 
ga_trial, 000945, 100, 121, GA, 893, 3, 297.666667, GVWY, 5135, 4, 1283.750000, SHVR, 10858, 4, 2714.500000, ZIC, 1424, 4, 356.000000, ZIP, 1253, 4, 313.250000, 
ga_trial, 000951, 108, 110, GA, 893, 3, 297.666667, GVWY, 5135, 4, 1283.750000, SHVR, 10889, 4, 2722.250000, ZIC, 1455, 4, 363.750000, ZIP, 1253, 4, 313.250000, 
ga_trial, 000952, 100, 109, GA, 905, 3, 301.666667, GVWY, 5135, 4, 1283.750000, SHVR, 10933, 4, 2733.250000, ZIC, 1455, 4, 363.750000, ZIP, 1253, 4, 313.250000, 
ga_trial, 000952, 100, 109, GA, 905, 3, 301.666667, GVWY, 5178, 4, 1294.500000, SHVR, 10933, 4, 2733.250000, ZIC, 1455, 4, 363.750000, ZIP, 1253, 4, 313.250000, 
ga_trial, 000956, 100, 104, GA, 905, 3, 301.666667, GVWY, 5178, 4, 1294.500000, SHVR, 11023, 4, 2755.750000, ZIC, 1455, 4, 363.750000, ZIP, 1253, 4, 313.250000, 
ga_trial, 000958, 100, 135, GA, 905, 3, 301.666667, GVWY, 5201, 4, 1300.250000, SHVR, 11023, 4, 2755.750000, ZIC, 1455, 4, 363.750000, ZIP, 1253, 4, 313.250000, 
ga_trial, 000961, 99, 101, GA, 925, 3, 308.333333, GVWY, 5201, 4, 1300.250000, SHVR, 11059, 4, 2764.750000, ZIC, 1455, 4, 363.750000, ZIP, 1253, 4, 313.250000, 
ga_trial, 000963, 99, 101, GA, 925, 3, 308.333333, GVWY, 5251, 4, 1312.750000, SHVR, 11059, 4, 2764.750000, ZIC, 1455, 4, 363.750000, ZIP, 1261, 4, 315.250000, 
ga_trial, 000963, 78, 121, GA, 926, 3, 308.666667, GVWY, 5251, 4, 1312.750000, SHVR, 11108, 4, 2777.000000, ZIC, 1455, 4, 363.750000, ZIP, 1261, 4, 315.250000, 
ga_trial, 000970, 103, 121, GA, 926, 3, 308.666667, GVWY, 5284, 4, 1321.000000, SHVR, 11175, 4, 2793.750000, ZIC, 1455, 4, 363.750000, ZIP, 1261, 4, 315.250000, 
ga_trial, 000974, 104, 106, GA, 926, 3, 308.666667, GVWY, 5309, 4, 1327.250000, SHVR, 11216, 4, 2804.000000, ZIC, 1455, 4, 363.750000, ZIP, 1261, 4, 315.250000, 
ga_trial, 000975, 100, 135, GA, 926, 3, 308.666667, GVWY, 5309, 4, 1327.250000, SHVR, 11250, 4, 2812.500000, ZIC, 1455, 4, 363.750000, ZIP, 1275, 4, 318.750000, 
ga_trial, 000976, 100, 121, GA, 928, 3, 309.333333, GVWY, 5320, 4, 1330.000000, SHVR, 11250, 4, 2812.500000, ZIC, 1455, 4, 363.750000, ZIP, 1275, 4, 318.750000, 
ga_trial, 000978, 100, 135, GA, 928, 3, 309.333333, GVWY, 5329, 4, 1332.250000, SHVR, 11250, 4, 2812.500000, ZIC, 1455, 4, 363.750000, ZIP, 1275, 4, 318.750000, 
ga_trial, 000983, 100, 121, GA, 928, 3, 309.333333, GVWY, 5329, 4, 1332.250000, SHVR, 11306, 4, 2826.500000, ZIC, 1455, 4, 363.750000, ZIP, 1275, 4, 318.750000, 
ga_trial, 000987, 103, 106, GA, 928, 3, 309.333333, GVWY, 5374, 4, 1343.500000, SHVR, 11361, 4, 2840.250000, ZIC, 1455, 4, 363.750000, ZIP, 1275, 4, 318.750000, 
ga_trial, 000988, 100, 107, GA, 928, 3, 309.333333, GVWY, 5374, 4, 1343.500000, SHVR, 11398, 4, 2849.500000, ZIC, 1455, 4, 363.750000, ZIP, 1286, 4, 321.500000, 
ga_trial, 000989, 100, 107, GA, 944, 3, 314.666667, GVWY, 5374, 4, 1343.500000, SHVR, 11438, 4, 2859.500000, ZIC, 1455, 4, 363.750000, ZIP, 1286, 4, 321.500000, 
ga_trial, 000993, 90, 102, GA, 944, 3, 314.666667, GVWY, 5374, 4, 1343.500000, SHVR, 11488, 4, 2872.000000, ZIC, 1455, 4, 363.750000, ZIP, 1286, 4, 321.500000, 
ga_trial, 000995, 90, 107, GA, 944, 3, 314.666667, GVWY, 5405, 4, 1351.250000, SHVR, 11488, 4, 2872.000000, ZIC, 1455, 4, 363.750000, ZIP, 1293, 4, 323.250000, 
ga_trial, 000999, 104, 121, GA, 944, 3, 314.666667, GVWY, 5448, 4, 1362.000000, SHVR, 11488, 4, 2872.000000, ZIC, 1455, 4, 363.750000, ZIP, 1293, 4, 323.250000, 
ga_trial, 001002, 100, 120, GA, 944, 3, 314.666667, GVWY, 5450, 4, 1362.500000, SHVR, 11519, 4, 2879.750000, ZIC, 1455, 4, 363.750000, ZIP, 1293, 4, 323.250000, 
ga_trial, 001004, 100, 120, GA, 944, 3, 314.666667, GVWY, 5450, 4, 1362.500000, SHVR, 11519, 4, 2879.750000, ZIC, 1459, 4, 364.750000, ZIP, 1307, 4, 326.750000, 
ga_trial, 001007, 117, 135, GA, 944, 3, 314.666667, GVWY, 5459, 4, 1364.750000, SHVR, 11519, 4, 2879.750000, ZIC, 1459, 4, 364.750000, ZIP, 1307, 4, 326.750000, 
ga_trial, 001008, 122, 134, GA, 944, 3, 314.666667, GVWY, 5476, 4, 1369.000000, SHVR, 11602, 4, 2900.500000, ZIC, 1459, 4, 364.750000, ZIP, 1307, 4, 326.750000, 
ga_trial, 001009, 120, 132, GA, 944, 3, 314.666667, GVWY, 5476, 4, 1369.000000, SHVR, 11619, 4, 2904.750000, ZIC, 1459, 4, 364.750000, ZIP, 1338, 4, 334.500000, 
ga_trial, 001011, 120, 135, GA, 944, 3, 314.666667, GVWY, 5478, 4, 1369.500000, SHVR, 11683, 4, 2920.750000, ZIC, 1459, 4, 364.750000, ZIP, 1338, 4, 334.500000, 
ga_trial, 001014, 100, 121, GA, 945, 3, 315.000000, GVWY, 5490, 4, 1372.500000, SHVR, 11683, 4, 2920.750000, ZIC, 1459, 4, 364.750000, ZIP, 1338, 4, 334.500000, 
ga_trial, 001017, 100, 121, GA, 945, 3, 315.000000, GVWY, 5503, 4, 1375.750000, SHVR, 11736, 4, 2934.000000, ZIC, 1459, 4, 364.750000, ZIP, 1338, 4, 334.500000, 
ga_trial, 001024, 90, 98, GA, 948, 3, 316.000000, GVWY, 5503, 4, 1375.750000, SHVR, 11736, 4, 2934.000000, ZIC, 1459, 4, 364.750000, ZIP, 1343, 4, 335.750000, 
ga_trial, 001025, 90, 107, GA, 971, 3, 323.666667, GVWY, 5503, 4, 1375.750000, SHVR, 11769, 4, 2942.250000, ZIC, 1459, 4, 364.750000, ZIP, 1343, 4, 335.750000, 
ga_trial, 001026, 90, None, GA, 971, 3, 323.666667, GVWY, 5546, 4, 1386.500000, SHVR, 11769, 4, 2942.250000, ZIC, 1459, 4, 364.750000, ZIP, 1343, 4, 335.750000, 
ga_trial, 001032, 92, 119, GA, 971, 3, 323.666667, GVWY, 5578, 4, 1394.500000, SHVR, 11823, 4, 2955.750000, ZIC, 1459, 4, 364.750000, ZIP, 1343, 4, 335.750000, 
ga_trial, 001034, 120, 135, GA, 971, 3, 323.666667, GVWY, 5578, 4, 1394.500000, SHVR, 11842, 4, 2960.500000, ZIC, 1459, 4, 364.750000, ZIP, 1343, 4, 335.750000, 
ga_trial, 001035, 100, 135, GA, 971, 3, 323.666667, GVWY, 5591, 4, 1397.750000, SHVR, 11842, 4, 2960.500000, ZIC, 1459, 4, 364.750000, ZIP, 1343, 4, 335.750000, 
ga_trial, 001036, 100, 135, GA, 971, 3, 323.666667, GVWY, 5591, 4, 1397.750000, SHVR, 11842, 4, 2960.500000, ZIC, 1459, 4, 364.750000, ZIP, 1381, 4, 345.250000, 
ga_trial, 001039, 98, 135, GA, 971, 3, 323.666667, GVWY, 5607, 4, 1401.750000, SHVR, 11926, 4, 2981.500000, ZIC, 1459, 4, 364.750000, ZIP, 1381, 4, 345.250000, 
ga_trial, 001040, 100, 135, GA, 971, 3, 323.666667, GVWY, 5630, 4, 1407.500000, SHVR, 11926, 4, 2981.500000, ZIC, 1459, 4, 364.750000, ZIP, 1381, 4, 345.250000, 
ga_trial, 001043, 101, 118, GA, 981, 3, 327.000000, GVWY, 5630, 4, 1407.500000, SHVR, 11926, 4, 2981.500000, ZIC, 1491, 4, 372.750000, ZIP, 1381, 4, 345.250000, 
ga_trial, 001049, 103, 108, GA, 981, 3, 327.000000, GVWY, 5673, 4, 1418.250000, SHVR, 11983, 4, 2995.750000, ZIC, 1491, 4, 372.750000, ZIP, 1381, 4, 345.250000, 
ga_trial, 001050, 100, 107, GA, 981, 3, 327.000000, GVWY, 5673, 4, 1418.250000, SHVR, 12059, 4, 3014.750000, ZIC, 1491, 4, 372.750000, ZIP, 1381, 4, 345.250000, 
ga_trial, 001051, 100, 103, GA, 981, 3, 327.000000, GVWY, 5673, 4, 1418.250000, SHVR, 12135, 4, 3033.750000, ZIC, 1491, 4, 372.750000, ZIP, 1381, 4, 345.250000, 
ga_trial, 001052, 100, 104, GA, 981, 3, 327.000000, GVWY, 5673, 4, 1418.250000, SHVR, 12188, 4, 3047.000000, ZIC, 1498, 4, 374.500000, ZIP, 1381, 4, 345.250000, 
ga_trial, 001053, 100, 135, GA, 997, 3, 332.333333, GVWY, 5673, 4, 1418.250000, SHVR, 12188, 4, 3047.000000, ZIC, 1498, 4, 374.500000, ZIP, 1393, 4, 348.250000, 
ga_trial, 001056, 100, 121, GA, 997, 3, 332.333333, GVWY, 5696, 4, 1424.000000, SHVR, 12188, 4, 3047.000000, ZIC, 1498, 4, 374.500000, ZIP, 1393, 4, 348.250000, 
ga_trial, 001059, 90, 106, GA, 999, 3, 333.000000, GVWY, 5696, 4, 1424.000000, SHVR, 12188, 4, 3047.000000, ZIC, 1518, 4, 379.500000, ZIP, 1393, 4, 348.250000, 
ga_trial, 001060, 90, 121, GA, 999, 3, 333.000000, GVWY, 5720, 4, 1430.000000, SHVR, 12188, 4, 3047.000000, ZIC, 1518, 4, 379.500000, ZIP, 1407, 4, 351.750000, 
ga_trial, 001064, 60, 107, GA, 999, 3, 333.000000, GVWY, 5768, 4, 1442.000000, SHVR, 12226, 4, 3056.500000, ZIC, 1518, 4, 379.500000, ZIP, 1407, 4, 351.750000, 
ga_trial, 001068, 90, 107, GA, 1013, 3, 337.666667, GVWY, 5768, 4, 1442.000000, SHVR, 12282, 4, 3070.500000, ZIC, 1518, 4, 379.500000, ZIP, 1407, 4, 351.750000, 
ga_trial, 001070, 90, 102, GA, 1013, 3, 337.666667, GVWY, 5768, 4, 1442.000000, SHVR, 12331, 4, 3082.750000, ZIC, 1531, 4, 382.750000, ZIP, 1407, 4, 351.750000, 
ga_trial, 001072, 90, 96, GA, 1013, 3, 337.666667, GVWY, 5768, 4, 1442.000000, SHVR, 12362, 4, 3090.500000, ZIC, 1546, 4, 386.500000, ZIP, 1407, 4, 351.750000, 
ga_trial, 001072, 90, 97, GA, 1013, 3, 337.666667, GVWY, 5802, 4, 1450.500000, SHVR, 12362, 4, 3090.500000, ZIC, 1546, 4, 386.500000, ZIP, 1411, 4, 352.750000, 
ga_trial, 001073, 90, 107, GA, 1017, 3, 339.000000, GVWY, 5802, 4, 1450.500000, SHVR, 12408, 4, 3102.000000, ZIC, 1546, 4, 386.500000, ZIP, 1411, 4, 352.750000, 
ga_trial, 001074, 90, 121, GA, 1017, 3, 339.000000, GVWY, 5845, 4, 1461.250000, SHVR, 12408, 4, 3102.000000, ZIC, 1546, 4, 386.500000, ZIP, 1411, 4, 352.750000, 
ga_trial, 001079, 91, 107, GA, 1036, 3, 345.333333, GVWY, 5845, 4, 1461.250000, SHVR, 12408, 4, 3102.000000, ZIC, 1546, 4, 386.500000, ZIP, 1420, 4, 355.000000, 
ga_trial, 001080, 92, 121, GA, 1036, 3, 345.333333, GVWY, 5888, 4, 1472.000000, SHVR, 12408, 4, 3102.000000, ZIC, 1546, 4, 386.500000, ZIP, 1420, 4, 355.000000, 
ga_trial, 001085, 120, 135, GA, 1036, 3, 345.333333, GVWY, 5888, 4, 1472.000000, SHVR, 12427, 4, 3106.750000, ZIC, 1546, 4, 386.500000, ZIP, 1420, 4, 355.000000, 
ga_trial, 001087, 120, 131, GA, 1036, 3, 345.333333, GVWY, 5911, 4, 1477.750000, SHVR, 12427, 4, 3106.750000, ZIC, 1546, 4, 386.500000, ZIP, 1420, 4, 355.000000, 
ga_trial, 001090, 121, 129, GA, 1036, 3, 345.333333, GVWY, 5934, 4, 1483.500000, SHVR, 12490, 4, 3122.500000, ZIC, 1546, 4, 386.500000, ZIP, 1420, 4, 355.000000, 
ga_trial, 001091, 120, 128, GA, 1036, 3, 345.333333, GVWY, 5948, 4, 1487.000000, SHVR, 12509, 4, 3127.250000, ZIC, 1546, 4, 386.500000, ZIP, 1420, 4, 355.000000, 
ga_trial, 001091, 120, 135, GA, 1036, 3, 345.333333, GVWY, 5950, 4, 1487.500000, SHVR, 12587, 4, 3146.750000, ZIC, 1546, 4, 386.500000, ZIP, 1420, 4, 355.000000, 
ga_trial, 001095, 100, 121, GA, 1036, 3, 345.333333, GVWY, 5950, 4, 1487.500000, SHVR, 12643, 4, 3160.750000, ZIC, 1546, 4, 386.500000, ZIP, 1420, 4, 355.000000, 
ga_trial, 001096, 100, 121, GA, 1036, 3, 345.333333, GVWY, 5950, 4, 1487.500000, SHVR, 12643, 4, 3160.750000, ZIC, 1578, 4, 394.500000, ZIP, 1420, 4, 355.000000, 
ga_trial, 001099, 100, 117, GA, 1040, 3, 346.666667, GVWY, 5950, 4, 1487.500000, SHVR, 12695, 4, 3173.750000, ZIC, 1578, 4, 394.500000, ZIP, 1420, 4, 355.000000, 
ga_trial, 001101, 100, 110, GA, 1040, 3, 346.666667, GVWY, 5993, 4, 1498.250000, SHVR, 12695, 4, 3173.750000, ZIC, 1578, 4, 394.500000, ZIP, 1420, 4, 355.000000, 
ga_trial, 001103, 90, 106, GA, 1040, 3, 346.666667, GVWY, 5993, 4, 1498.250000, SHVR, 12695, 4, 3173.750000, ZIC, 1600, 4, 400.000000, ZIP, 1420, 4, 355.000000, 
ga_trial, 001106, 100, 105, GA, 1040, 3, 346.666667, GVWY, 5993, 4, 1498.250000, SHVR, 12749, 4, 3187.250000, ZIC, 1606, 4, 401.500000, ZIP, 1420, 4, 355.000000, 
ga_trial, 001107, 101, 121, GA, 1040, 3, 346.666667, GVWY, 6020, 4, 1505.000000, SHVR, 12749, 4, 3187.250000, ZIC, 1606, 4, 401.500000, ZIP, 1431, 4, 357.750000, 
ga_trial, 001109, 117, 119, GA, 1040, 3, 346.666667, GVWY, 6020, 4, 1505.000000, SHVR, 12771, 4, 3192.750000, ZIC, 1606, 4, 401.500000, ZIP, 1457, 4, 364.250000, 
ga_trial, 001110, 117, 121, GA, 1040, 3, 346.666667, GVWY, 6051, 4, 1512.750000, SHVR, 12826, 4, 3206.500000, ZIC, 1606, 4, 401.500000, ZIP, 1457, 4, 364.250000, 
ga_trial, 001111, 119, 135, GA, 1040, 3, 346.666667, GVWY, 6060, 4, 1515.000000, SHVR, 12826, 4, 3206.500000, ZIC, 1606, 4, 401.500000, ZIP, 1457, 4, 364.250000, 
ga_trial, 001114, 100, 121, GA, 1042, 3, 347.333333, GVWY, 6071, 4, 1517.750000, SHVR, 12826, 4, 3206.500000, ZIC, 1606, 4, 401.500000, ZIP, 1457, 4, 364.250000, 
ga_trial, 001123, 100, 110, GA, 1042, 3, 347.333333, GVWY, 6114, 4, 1528.500000, SHVR, 12869, 4, 3217.250000, ZIC, 1606, 4, 401.500000, ZIP, 1457, 4, 364.250000, 
ga_trial, 001125, 100, 109, GA, 1042, 3, 347.333333, GVWY, 6137, 4, 1534.250000, SHVR, 12869, 4, 3217.250000, ZIC, 1606, 4, 401.500000, ZIP, 1472, 4, 368.000000, 
ga_trial, 001127, 100, 107, GA, 1042, 3, 347.333333, GVWY, 6137, 4, 1534.250000, SHVR, 12959, 4, 3239.750000, ZIC, 1606, 4, 401.500000, ZIP, 1472, 4, 368.000000, 
ga_trial, 001129, 100, 107, GA, 1059, 3, 353.000000, GVWY, 6137, 4, 1534.250000, SHVR, 12959, 4, 3239.750000, ZIC, 1606, 4, 401.500000, ZIP, 1483, 4, 370.750000, 
ga_trial, 001134, 100, 107, GA, 1059, 3, 353.000000, GVWY, 6161, 4, 1540.250000, SHVR, 13001, 4, 3250.250000, ZIC, 1606, 4, 401.500000, ZIP, 1483, 4, 370.750000, 
ga_trial, 001134, 100, 121, GA, 1059, 3, 353.000000, GVWY, 6204, 4, 1551.000000, SHVR, 13001, 4, 3250.250000, ZIC, 1606, 4, 401.500000, ZIP, 1483, 4, 370.750000, 
ga_trial, 001140, 100, 116, GA, 1059, 3, 353.000000, GVWY, 6204, 4, 1551.000000, SHVR, 13040, 4, 3260.000000, ZIC, 1629, 4, 407.250000, ZIP, 1483, 4, 370.750000, 
ga_trial, 001142, 100, 107, GA, 1059, 3, 353.000000, GVWY, 6204, 4, 1551.000000, SHVR, 13130, 4, 3282.500000, ZIC, 1629, 4, 407.250000, ZIP, 1483, 4, 370.750000, 
ga_trial, 001143, 100, 107, GA, 1059, 3, 353.000000, GVWY, 6253, 4, 1563.250000, SHVR, 13130, 4, 3282.500000, ZIC, 1652, 4, 413.000000, ZIP, 1483, 4, 370.750000, 
ga_trial, 001144, 100, 121, GA, 1059, 3, 353.000000, GVWY, 6276, 4, 1569.000000, SHVR, 13130, 4, 3282.500000, ZIC, 1652, 4, 413.000000, ZIP, 1483, 4, 370.750000, 
ga_trial, 001148, 100, 120, GA, 1062, 3, 354.000000, GVWY, 6286, 4, 1571.500000, SHVR, 13130, 4, 3282.500000, ZIC, 1652, 4, 413.000000, ZIP, 1483, 4, 370.750000, 
ga_trial, 001151, 100, 108, GA, 1075, 3, 358.333333, GVWY, 6286, 4, 1571.500000, SHVR, 13130, 4, 3282.500000, ZIC, 1652, 4, 413.000000, ZIP, 1498, 4, 374.500000, 
ga_trial, 001152, 100, 105, GA, 1075, 3, 358.333333, GVWY, 6312, 4, 1578.000000, SHVR, 13170, 4, 3292.500000, ZIC, 1652, 4, 413.000000, ZIP, 1498, 4, 374.500000, 
ga_trial, 001152, 100, 121, GA, 1075, 3, 358.333333, GVWY, 6312, 4, 1578.000000, SHVR, 13225, 4, 3306.250000, ZIC, 1657, 4, 414.250000, ZIP, 1498, 4, 374.500000, 
ga_trial, 001157, 102, 107, GA, 1075, 3, 358.333333, GVWY, 6356, 4, 1589.000000, SHVR, 13225, 4, 3306.250000, ZIC, 1657, 4, 414.250000, ZIP, 1512, 4, 378.000000, 
ga_trial, 001160, 101, 107, GA, 1075, 3, 358.333333, GVWY, 6356, 4, 1589.000000, SHVR, 13267, 4, 3316.750000, ZIC, 1661, 4, 415.250000, ZIP, 1512, 4, 378.000000, 
ga_trial, 001162, 102, 107, GA, 1075, 3, 358.333333, GVWY, 6379, 4, 1594.750000, SHVR, 13267, 4, 3316.750000, ZIC, 1661, 4, 415.250000, ZIP, 1527, 4, 381.750000, 
ga_trial, 001165, 100, 107, GA, 1075, 3, 358.333333, GVWY, 6379, 4, 1594.750000, SHVR, 13357, 4, 3339.250000, ZIC, 1661, 4, 415.250000, ZIP, 1527, 4, 381.750000, 
ga_trial, 001166, 90, 107, GA, 1075, 3, 358.333333, GVWY, 6379, 4, 1594.750000, SHVR, 13357, 4, 3339.250000, ZIC, 1683, 4, 420.750000, ZIP, 1527, 4, 381.750000, 
ga_trial, 001167, 90, 121, GA, 1075, 3, 358.333333, GVWY, 6422, 4, 1605.500000, SHVR, 13357, 4, 3339.250000, ZIC, 1683, 4, 420.750000, ZIP, 1527, 4, 381.750000, 
ga_trial, 001170, 119, 135, GA, 1075, 3, 358.333333, GVWY, 6451, 4, 1612.750000, SHVR, 13357, 4, 3339.250000, ZIC, 1683, 4, 420.750000, ZIP, 1527, 4, 381.750000, 
ga_trial, 001173, 120, 132, GA, 1075, 3, 358.333333, GVWY, 6460, 4, 1615.000000, SHVR, 13357, 4, 3339.250000, ZIC, 1683, 4, 420.750000, ZIP, 1527, 4, 381.750000, 
ga_trial, 001177, 120, 123, GA, 1075, 3, 358.333333, GVWY, 6460, 4, 1615.000000, SHVR, 13447, 4, 3361.750000, ZIC, 1683, 4, 420.750000, ZIP, 1527, 4, 381.750000, 
ga_trial, 001178, 90, 122, GA, 1075, 3, 358.333333, GVWY, 6460, 4, 1615.000000, SHVR, 13447, 4, 3361.750000, ZIC, 1683, 4, 420.750000, ZIP, 1555, 4, 388.750000, 
ga_trial, 001179, 80, 107, GA, 1075, 3, 358.333333, GVWY, 6460, 4, 1615.000000, SHVR, 13447, 4, 3361.750000, ZIC, 1695, 4, 423.750000, ZIP, 1555, 4, 388.750000, 
ga_trial, 001184, 100, 105, GA, 1075, 3, 358.333333, GVWY, 6460, 4, 1615.000000, SHVR, 13486, 4, 3371.500000, ZIC, 1702, 4, 425.500000, ZIP, 1555, 4, 388.750000, 
ga_trial, 001184, 100, 107, GA, 1090, 3, 363.333333, GVWY, 6460, 4, 1615.000000, SHVR, 13541, 4, 3385.250000, ZIC, 1702, 4, 425.500000, ZIP, 1555, 4, 388.750000, 
ga_trial, 001185, 100, 121, GA, 1090, 3, 363.333333, GVWY, 6503, 4, 1625.750000, SHVR, 13541, 4, 3385.250000, ZIC, 1702, 4, 425.500000, ZIP, 1555, 4, 388.750000, 
ga_trial, 001189, 100, 107, GA, 1090, 3, 363.333333, GVWY, 6528, 4, 1632.000000, SHVR, 13541, 4, 3385.250000, ZIC, 1702, 4, 425.500000, ZIP, 1568, 4, 392.000000, 
ga_trial, 001192, 100, 107, GA, 1090, 3, 363.333333, GVWY, 6528, 4, 1632.000000, SHVR, 13617, 4, 3404.250000, ZIC, 1702, 4, 425.500000, ZIP, 1568, 4, 392.000000, 
ga_trial, 001194, 100, 107, GA, 1090, 3, 363.333333, GVWY, 6572, 4, 1643.000000, SHVR, 13659, 4, 3414.750000, ZIC, 1702, 4, 425.500000, ZIP, 1568, 4, 392.000000, 
ga_trial, 001195, 100, 121, GA, 1103, 3, 367.666667, GVWY, 6572, 4, 1643.000000, SHVR, 13659, 4, 3414.750000, ZIC, 1702, 4, 425.500000, ZIP, 1568, 4, 392.000000, 
ga_trial, 001198, 100, 121, GA, 1103, 3, 367.666667, GVWY, 6584, 4, 1646.000000, SHVR, 13727, 4, 3431.750000, ZIC, 1702, 4, 425.500000, ZIP, 1568, 4, 392.000000, 
ga_trial, 001200, 100, 110, GA, 1103, 3, 367.666667, GVWY, 6584, 4, 1646.000000, SHVR, 13727, 4, 3431.750000, ZIC, 1702, 4, 425.500000, ZIP, 1568, 4, 392.000000, 
