rl_trial0, 000003, 22, 102, GVWY, 50, 4, 12.500000, RL, 0, 3, 0.000000, SHVR, 0, 4, 0.000000, ZIC, 0, 4, 0.000000, ZIP, 0, 4, 0.000000, 
rl_trial0, 000004, 47, 206, GVWY, 50, 4, 12.500000, RL, 38, 3, 12.666667, SHVR, 0, 4, 0.000000, ZIC, 0, 4, 0.000000, ZIP, 24, 4, 6.000000, 
rl_trial0, 000004, 47, 206, GVWY, 50, 4, 12.500000, RL, 38, 3, 12.666667, SHVR, 0, 4, 0.000000, ZIC, 66, 4, 16.500000, ZIP, 24, 4, 6.000000, 
rl_trial0, 000010, 109, 125, GVWY, 124, 4, 31.000000, RL, 54, 3, 18.000000, SHVR, 0, 4, 0.000000, ZIC, 66, 4, 16.500000, ZIP, 24, 4, 6.000000, 
rl_trial0, 000017, 120, 125, GVWY, 181, 4, 45.250000, RL, 54, 3, 18.000000, SHVR, 29, 4, 7.250000, ZIC, 66, 4, 16.500000, ZIP, 24, 4, 6.000000, 
rl_trial0, 000017, 100, 125, GVWY, 181, 4, 45.250000, RL, 54, 3, 18.000000, SHVR, 29, 4, 7.250000, ZIC, 94, 4, 23.500000, ZIP, 24, 4, 6.000000, 
rl_trial0, 000020, 105, 125, GVWY, 181, 4, 45.250000, RL, 54, 3, 18.000000, SHVR, 29, 4, 7.250000, ZIC, 102, 4, 25.500000, ZIP, 68, 4, 17.000000, 
rl_trial0, 000022, 104, 125, GVWY, 227, 4, 56.750000, RL, 54, 3, 18.000000, SHVR, 29, 4, 7.250000, ZIC, 102, 4, 25.500000, ZIP, 68, 4, 17.000000, 
rl_trial0, 000024, 101, 135, GVWY, 227, 4, 56.750000, RL, 54, 3, 18.000000, SHVR, 29, 4, 7.250000, ZIC, 107, 4, 26.750000, ZIP, 86, 4, 21.500000, 
rl_trial0, 000027, 122, 135, GVWY, 227, 4, 56.750000, RL, 69, 3, 23.000000, SHVR, 29, 4, 7.250000, ZIC, 107, 4, 26.750000, ZIP, 104, 4, 26.000000, 
rl_trial0, 000028, 120, 135, GVWY, 227, 4, 56.750000, RL, 69, 3, 23.000000, SHVR, 56, 4, 14.000000, ZIC, 107, 4, 26.750000, ZIP, 149, 4, 37.250000, 
rl_trial0, 000030, 74, 135, GVWY, 297, 4, 74.250000, RL, 69, 3, 23.000000, SHVR, 56, 4, 14.000000, ZIC, 107, 4, 26.750000, ZIP, 149, 4, 37.250000, 
rl_trial0, 000037, 95, 123, GVWY, 347, 4, 86.750000, RL, 69, 3, 23.000000, SHVR, 56, 4, 14.000000, ZIC, 107, 4, 26.750000, ZIP, 149, 4, 37.250000, 
rl_trial0, 000038, 97, 135, GVWY, 347, 4, 86.750000, RL, 86, 3, 28.666667, SHVR, 56, 4, 14.000000, ZIC, 107, 4, 26.750000, ZIP, 194, 4, 48.500000, 
rl_trial0, 000040, 100, 135, GVWY, 347, 4, 86.750000, RL, 86, 3, 28.666667, SHVR, 56, 4, 14.000000, ZIC, 111, 4, 27.750000, ZIP, 213, 4, 53.250000, 
rl_trial0, 000040, 100, 135, GVWY, 385, 4, 96.250000, RL, 86, 3, 28.666667, SHVR, 74, 4, 18.500000, ZIC, 111, 4, 27.750000, ZIP, 213, 4, 53.250000, 
rl_trial0, 000047, 110, 135, GVWY, 385, 4, 96.250000, RL, 86, 3, 28.666667, SHVR, 74, 4, 18.500000, ZIC, 117, 4, 29.250000, ZIP, 259, 4, 64.750000, 
rl_trial0, 000048, 113, 119, GVWY, 449, 4, 112.250000, RL, 86, 3, 28.666667, SHVR, 80, 4, 20.000000, ZIC, 117, 4, 29.250000, ZIP, 259, 4, 64.750000, 
rl_trial0, 000050, 114, 135, GVWY, 449, 4, 112.250000, RL, 107, 3, 35.666667, SHVR, 80, 4, 20.000000, ZIC, 117, 4, 29.250000, ZIP, 271, 4, 67.750000, 
rl_trial0, 000052, 100, 135, GVWY, 486, 4, 121.500000, RL, 107, 3, 35.666667, SHVR, 129, 4, 32.250000, ZIC, 117, 4, 29.250000, ZIP, 271, 4, 67.750000, 
rl_trial0, 000055, 110, 119, GVWY, 533, 4, 133.250000, RL, 107, 3, 35.666667, SHVR, 138, 4, 34.500000, ZIC, 117, 4, 29.250000, ZIP, 271, 4, 67.750000, 
rl_trial0, 000060, 88, 119, GVWY, 533, 4, 133.250000, RL, 107, 3, 35.666667, SHVR, 138, 4, 34.500000, ZIC, 117, 4, 29.250000, ZIP, 293, 4, 73.250000, 
rl_trial0, 000061, 70, 119, GVWY, 557, 4, 139.250000, RL, 109, 3, 36.333333, SHVR, 138, 4, 34.500000, ZIC, 117, 4, 29.250000, ZIP, 293, 4, 73.250000, 
rl_trial0, 000061, 70, 135, GVWY, 557, 4, 139.250000, RL, 109, 3, 36.333333, SHVR, 138, 4, 34.500000, ZIC, 128, 4, 32.000000, ZIP, 305, 4, 76.250000, 
rl_trial0, 000061, 70, 135, GVWY, 634, 4, 158.500000, RL, 122, 3, 40.666667, SHVR, 138, 4, 34.500000, ZIC, 128, 4, 32.000000, ZIP, 305, 4, 76.250000, 
rl_trial0, 000067, 91, 135, GVWY, 634, 4, 158.500000, RL, 134, 3, 44.666667, SHVR, 138, 4, 34.500000, ZIC, 128, 4, 32.000000, ZIP, 325, 4, 81.250000, 
rl_trial0, 000070, 94, 114, GVWY, 684, 4, 171.000000, RL, 134, 3, 44.666667, SHVR, 138, 4, 34.500000, ZIC, 128, 4, 32.000000, ZIP, 325, 4, 81.250000, 
rl_trial0, 000074, 103, 114, GVWY, 684, 4, 171.000000, RL, 134, 3, 44.666667, SHVR, 153, 4, 38.250000, ZIC, 128, 4, 32.000000, ZIP, 352, 4, 88.000000, 
rl_trial0, 000080, 113, 135, GVWY, 684, 4, 171.000000, RL, 134, 3, 44.666667, SHVR, 159, 4, 39.750000, ZIC, 128, 4, 32.000000, ZIP, 359, 4, 89.750000, 
rl_trial0, 000080, 90, 135, GVWY, 747, 4, 186.750000, RL, 134, 3, 44.666667, SHVR, 196, 4, 49.000000, ZIC, 128, 4, 32.000000, ZIP, 359, 4, 89.750000, 
rl_trial0, 000080, 88, 135, GVWY, 773, 4, 193.250000, RL, 134, 3, 44.666667, SHVR, 196, 4, 49.000000, ZIC, 128, 4, 32.000000, ZIP, 359, 4, 89.750000, 
rl_trial0, 000082, 118, 135, GVWY, 773, 4, 193.250000, RL, 144, 3, 48.000000, SHVR, 196, 4, 49.000000, ZIC, 128, 4, 32.000000, ZIP, 382, 4, 95.500000, 
rl_trial0, 000085, 123, 150, GVWY, 773, 4, 193.250000, RL, 149, 3, 49.666667, SHVR, 196, 4, 49.000000, ZIC, 128, 4, 32.000000, ZIP, 382, 4, 95.500000, 
rl_trial0, 000091, 120, 146, GVWY, 844, 4, 211.000000, RL, 149, 3, 49.666667, SHVR, 225, 4, 56.250000, ZIC, 128, 4, 32.000000, ZIP, 382, 4, 95.500000, 
rl_trial0, 000092, 119, 146, GVWY, 900, 4, 225.000000, RL, 149, 3, 49.666667, SHVR, 225, 4, 56.250000, ZIC, 128, 4, 32.000000, ZIP, 382, 4, 95.500000, 
rl_trial0, 000092, 100, 150, GVWY, 941, 4, 235.250000, RL, 154, 3, 51.333333, SHVR, 225, 4, 56.250000, ZIC, 128, 4, 32.000000, ZIP, 382, 4, 95.500000, 
rl_trial0, 000097, 121, 135, GVWY, 1015, 4, 253.750000, RL, 154, 3, 51.333333, SHVR, 251, 4, 62.750000, ZIC, 128, 4, 32.000000, ZIP, 382, 4, 95.500000, 
rl_trial0, 000103, 107, 119, GVWY, 1015, 4, 253.750000, RL, 175, 3, 58.333333, SHVR, 251, 4, 62.750000, ZIC, 128, 4, 32.000000, ZIP, 423, 4, 105.750000, 
rl_trial0, 000103, 109, 135, GVWY, 1015, 4, 253.750000, RL, 175, 3, 58.333333, SHVR, 251, 4, 62.750000, ZIC, 139, 4, 34.750000, ZIP, 435, 4, 108.750000, 
rl_trial0, 000108, 100, 119, GVWY, 1079, 4, 269.750000, RL, 175, 3, 58.333333, SHVR, 257, 4, 64.250000, ZIC, 139, 4, 34.750000, ZIP, 435, 4, 108.750000, 
rl_trial0, 000108, 107, 135, GVWY, 1079, 4, 269.750000, RL, 175, 3, 58.333333, SHVR, 257, 4, 64.250000, ZIC, 150, 4, 37.500000, ZIP, 447, 4, 111.750000, 
rl_trial0, 000110, 109, 150, GVWY, 1079, 4, 269.750000, RL, 180, 3, 60.000000, SHVR, 257, 4, 64.250000, ZIC, 150, 4, 37.500000, ZIP, 447, 4, 111.750000, 
rl_trial0, 000111, 100, 150, GVWY, 1124, 4, 281.000000, RL, 180, 3, 60.000000, SHVR, 268, 4, 67.000000, ZIC, 150, 4, 37.500000, ZIP, 447, 4, 111.750000, 
rl_trial0, 000112, 92, 124, GVWY, 1160, 4, 290.000000, RL, 180, 3, 60.000000, SHVR, 268, 4, 67.000000, ZIC, 150, 4, 37.500000, ZIP, 447, 4, 111.750000, 
rl_trial0, 000113, 107, 135, GVWY, 1160, 4, 290.000000, RL, 196, 3, 65.333333, SHVR, 268, 4, 67.000000, ZIC, 150, 4, 37.500000, ZIP, 493, 4, 123.250000, 
rl_trial0, 000121, 100, 120, GVWY, 1220, 4, 305.000000, RL, 196, 3, 65.333333, SHVR, 308, 4, 77.000000, ZIC, 150, 4, 37.500000, ZIP, 493, 4, 123.250000, 
rl_trial0, 000121, 100, 120, GVWY, 1270, 4, 317.500000, RL, 206, 3, 68.666667, SHVR, 308, 4, 77.000000, ZIC, 150, 4, 37.500000, ZIP, 493, 4, 123.250000, 
rl_trial0, 000121, 100, 120, GVWY, 1270, 4, 317.500000, RL, 206, 3, 68.666667, SHVR, 308, 4, 77.000000, ZIC, 160, 4, 40.000000, ZIP, 506, 4, 126.500000, 
rl_trial0, 000130, 113, 120, GVWY, 1320, 4, 330.000000, RL, 206, 3, 68.666667, SHVR, 344, 4, 86.000000, ZIC, 160, 4, 40.000000, ZIP, 506, 4, 126.500000, 
rl_trial0, 000131, 116, 120, GVWY, 1320, 4, 330.000000, RL, 226, 3, 75.333333, SHVR, 344, 4, 86.000000, ZIC, 160, 4, 40.000000, ZIP, 519, 4, 129.750000, 
rl_trial0, 000132, 100, 120, GVWY, 1320, 4, 330.000000, RL, 226, 3, 75.333333, SHVR, 346, 4, 86.500000, ZIC, 186, 4, 46.500000, ZIP, 519, 4, 129.750000, 
rl_trial0, 000135, 100, 120, GVWY, 1357, 4, 339.250000, RL, 226, 3, 75.333333, SHVR, 365, 4, 91.250000, ZIC, 186, 4, 46.500000, ZIP, 519, 4, 129.750000, 
rl_trial0, 000138, 76, 135, GVWY, 1357, 4, 339.250000, RL, 246, 3, 82.000000, SHVR, 365, 4, 91.250000, ZIC, 186, 4, 46.500000, ZIP, 561, 4, 140.250000, 
rl_trial0, 000141, 111, 135, GVWY, 1430, 4, 357.500000, RL, 246, 3, 82.000000, SHVR, 365, 4, 91.250000, ZIC, 193, 4, 48.250000, ZIP, 561, 4, 140.250000, 
rl_trial0, 000144, 105, 121, GVWY, 1485, 4, 371.250000, RL, 251, 3, 83.666667, SHVR, 365, 4, 91.250000, ZIC, 193, 4, 48.250000, ZIP, 561, 4, 140.250000, 
rl_trial0, 000146, 100, 117, GVWY, 1485, 4, 371.250000, RL, 251, 3, 83.666667, SHVR, 408, 4, 102.000000, ZIC, 208, 4, 52.000000, ZIP, 561, 4, 140.250000, 
rl_trial0, 000148, 100, 118, GVWY, 1485, 4, 371.250000, RL, 274, 3, 91.333333, SHVR, 408, 4, 102.000000, ZIC, 208, 4, 52.000000, ZIP, 571, 4, 142.750000, 
rl_trial0, 000151, 102, 115, GVWY, 1524, 4, 381.000000, RL, 274, 3, 91.333333, SHVR, 425, 4, 106.250000, ZIC, 208, 4, 52.000000, ZIP, 571, 4, 142.750000, 
rl_trial0, 000153, 100, 150, GVWY, 1524, 4, 381.000000, RL, 299, 3, 99.666667, SHVR, 425, 4, 106.250000, ZIC, 208, 4, 52.000000, ZIP, 608, 4, 152.000000, 
rl_trial0, 000153, 97, 150, GVWY, 1560, 4, 390.000000, RL, 299, 3, 99.666667, SHVR, 425, 4, 106.250000, ZIC, 208, 4, 52.000000, ZIP, 608, 4, 152.000000, 
rl_trial0, 000160, 120, 141, GVWY, 1560, 4, 390.000000, RL, 299, 3, 99.666667, SHVR, 448, 4, 112.000000, ZIC, 208, 4, 52.000000, ZIP, 628, 4, 157.000000, 
rl_trial0, 000161, 90, 149, GVWY, 1560, 4, 390.000000, RL, 299, 3, 99.666667, SHVR, 448, 4, 112.000000, ZIC, 236, 4, 59.000000, ZIP, 628, 4, 157.000000, 
rl_trial0, 000163, 97, 113, GVWY, 1608, 4, 402.000000, RL, 299, 3, 99.666667, SHVR, 470, 4, 117.500000, ZIC, 236, 4, 59.000000, ZIP, 628, 4, 157.000000, 
rl_trial0, 000170, 95, 135, GVWY, 1608, 4, 402.000000, RL, 321, 3, 107.000000, SHVR, 470, 4, 117.500000, ZIC, 236, 4, 59.000000, ZIP, 639, 4, 159.750000, 
rl_trial0, 000171, 110, 112, GVWY, 1655, 4, 413.750000, RL, 321, 3, 107.000000, SHVR, 509, 4, 127.250000, ZIC, 236, 4, 59.000000, ZIP, 639, 4, 159.750000, 
rl_trial0, 000176, 100, 112, GVWY, 1714, 4, 428.500000, RL, 321, 3, 107.000000, SHVR, 520, 4, 130.000000, ZIC, 236, 4, 59.000000, ZIP, 639, 4, 159.750000, 
rl_trial0, 000178, 100, 112, GVWY, 1752, 4, 438.000000, RL, 329, 3, 109.666667, SHVR, 520, 4, 130.000000, ZIC, 236, 4, 59.000000, ZIP, 639, 4, 159.750000, 
rl_trial0, 000179, 103, 112, GVWY, 1752, 4, 438.000000, RL, 357, 3, 119.000000, SHVR, 520, 4, 130.000000, ZIC, 236, 4, 59.000000, ZIP, 644, 4, 161.000000, 
rl_trial0, 000180, 100, 135, GVWY, 1752, 4, 438.000000, RL, 357, 3, 119.000000, SHVR, 520, 4, 130.000000, ZIC, 254, 4, 63.500000, ZIP, 678, 4, 169.500000, 
rl_trial0, 000181, 100, 135, GVWY, 1789, 4, 447.250000, RL, 357, 3, 119.000000, SHVR, 569, 4, 142.250000, ZIC, 254, 4, 63.500000, ZIP, 678, 4, 169.500000, 
rl_trial0, 000187, 100, 135, GVWY, 1789, 4, 447.250000, RL, 357, 3, 119.000000, SHVR, 569, 4, 142.250000, ZIC, 272, 4, 68.000000, ZIP, 712, 4, 178.000000, 
rl_trial0, 000191, 100, 112, GVWY, 1841, 4, 460.250000, RL, 357, 3, 119.000000, SHVR, 617, 4, 154.250000, ZIC, 272, 4, 68.000000, ZIP, 712, 4, 178.000000, 
rl_trial0, 000193, 110, 150, GVWY, 1841, 4, 460.250000, RL, 362, 3, 120.666667, SHVR, 617, 4, 154.250000, ZIC, 272, 4, 68.000000, ZIP, 712, 4, 178.000000, 
rl_trial0, 000195, 100, 117, GVWY, 1901, 4, 475.250000, RL, 362, 3, 120.666667, SHVR, 617, 4, 154.250000, ZIC, 272, 4, 68.000000, ZIP, 712, 4, 178.000000, 
rl_trial0, 000196, 100, 113, GVWY, 1901, 4, 475.250000, RL, 362, 3, 120.666667, SHVR, 617, 4, 154.250000, ZIC, 291, 4, 72.750000, ZIP, 745, 4, 186.250000, 
rl_trial0, 000201, 107, 108, GVWY, 1901, 4, 475.250000, RL, 362, 3, 120.666667, SHVR, 629, 4, 157.250000, ZIC, 291, 4, 72.750000, ZIP, 746, 4, 186.500000, 
rl_trial0, 000201, 100, 108, GVWY, 1944, 4, 486.000000, RL, 362, 3, 120.666667, SHVR, 672, 4, 168.000000, ZIC, 291, 4, 72.750000, ZIP, 746, 4, 186.500000, 
rl_trial0, 000204, 100, 150, GVWY, 1944, 4, 486.000000, RL, 374, 3, 124.666667, SHVR, 672, 4, 168.000000, ZIC, 327, 4, 81.750000, ZIP, 746, 4, 186.500000, 
rl_trial0, 000207, 100, 116, GVWY, 1981, 4, 495.250000, RL, 374, 3, 124.666667, SHVR, 721, 4, 180.250000, ZIC, 327, 4, 81.750000, ZIP, 746, 4, 186.500000, 
rl_trial0, 000212, 84, 116, GVWY, 2039, 4, 509.750000, RL, 374, 3, 124.666667, SHVR, 733, 4, 183.250000, ZIC, 327, 4, 81.750000, ZIP, 746, 4, 186.500000, 
rl_trial0, 000217, 106, 113, GVWY, 2039, 4, 509.750000, RL, 401, 3, 133.666667, SHVR, 733, 4, 183.250000, ZIC, 327, 4, 81.750000, ZIP, 752, 4, 188.000000, 
rl_trial0, 000219, 107, 112, GVWY, 2096, 4, 524.000000, RL, 404, 3, 134.666667, SHVR, 733, 4, 183.250000, ZIC, 327, 4, 81.750000, ZIP, 752, 4, 188.000000, 
rl_trial0, 000220, 107, 150, GVWY, 2096, 4, 524.000000, RL, 404, 3, 134.666667, SHVR, 733, 4, 183.250000, ZIC, 345, 4, 86.250000, ZIP, 786, 4, 196.500000, 
rl_trial0, 000224, 113, 149, GVWY, 2161, 4, 540.250000, RL, 404, 3, 134.666667, SHVR, 768, 4, 192.000000, ZIC, 345, 4, 86.250000, ZIP, 786, 4, 196.500000, 
rl_trial0, 000226, 100, 147, GVWY, 2200, 4, 550.000000, RL, 404, 3, 134.666667, SHVR, 785, 4, 196.250000, ZIC, 345, 4, 86.250000, ZIP, 786, 4, 196.500000, 
rl_trial0, 000231, 114, 139, GVWY, 2200, 4, 550.000000, RL, 423, 3, 141.000000, SHVR, 785, 4, 196.250000, ZIC, 345, 4, 86.250000, ZIP, 800, 4, 200.000000, 
rl_trial0, 000232, 91, 139, GVWY, 2200, 4, 550.000000, RL, 423, 3, 141.000000, SHVR, 785, 4, 196.250000, ZIC, 358, 4, 89.500000, ZIP, 839, 4, 209.750000, 
rl_trial0, 000235, 110, 195, GVWY, 2200, 4, 550.000000, RL, 423, 3, 141.000000, SHVR, 794, 4, 198.500000, ZIC, 377, 4, 94.250000, ZIP, 839, 4, 209.750000, 
rl_trial0, 000235, 100, 195, GVWY, 2260, 4, 565.000000, RL, 423, 3, 141.000000, SHVR, 794, 4, 198.500000, ZIC, 377, 4, 94.250000, ZIP, 839, 4, 209.750000, 
rl_trial0, 000237, 80, 190, GVWY, 2296, 4, 574.000000, RL, 423, 3, 141.000000, SHVR, 794, 4, 198.500000, ZIC, 377, 4, 94.250000, ZIP, 839, 4, 209.750000, 
rl_trial0, 000241, 100, 183, GVWY, 2296, 4, 574.000000, RL, 423, 3, 141.000000, SHVR, 794, 4, 198.500000, ZIC, 377, 4, 94.250000, ZIP, 901, 4, 225.250000, 
rl_trial0, 000243, 100, 123, GVWY, 2348, 4, 587.000000, RL, 423, 3, 141.000000, SHVR, 842, 4, 210.500000, ZIC, 377, 4, 94.250000, ZIP, 901, 4, 225.250000, 
rl_trial0, 000243, 76, 116, GVWY, 2348, 4, 587.000000, RL, 423, 3, 141.000000, SHVR, 842, 4, 210.500000, ZIC, 385, 4, 96.250000, ZIP, 901, 4, 225.250000, 
rl_trial0, 000247, 110, 117, GVWY, 2348, 4, 587.000000, RL, 447, 3, 149.000000, SHVR, 842, 4, 210.500000, ZIC, 385, 4, 96.250000, ZIP, 939, 4, 234.750000, 
rl_trial0, 000247, 102, 117, GVWY, 2394, 4, 598.500000, RL, 447, 3, 149.000000, SHVR, 842, 4, 210.500000, ZIC, 385, 4, 96.250000, ZIP, 939, 4, 234.750000, 
rl_trial0, 000252, 70, 116, GVWY, 2430, 4, 607.500000, RL, 447, 3, 149.000000, SHVR, 842, 4, 210.500000, ZIC, 385, 4, 96.250000, ZIP, 939, 4, 234.750000, 
rl_trial0, 000256, 86, 135, GVWY, 2430, 4, 607.500000, RL, 447, 3, 149.000000, SHVR, 842, 4, 210.500000, ZIC, 408, 4, 102.000000, ZIP, 939, 4, 234.750000, 
rl_trial0, 000257, 86, 256, GVWY, 2430, 4, 607.500000, RL, 452, 3, 150.666667, SHVR, 842, 4, 210.500000, ZIC, 408, 4, 102.000000, ZIP, 939, 4, 234.750000, 
rl_trial0, 000257, 86, 256, GVWY, 2480, 4, 620.000000, RL, 462, 3, 154.000000, SHVR, 842, 4, 210.500000, ZIC, 408, 4, 102.000000, ZIP, 939, 4, 234.750000, 
rl_trial0, 000262, 106, 114, GVWY, 2537, 4, 634.250000, RL, 462, 3, 154.000000, SHVR, 885, 4, 221.250000, ZIC, 408, 4, 102.000000, ZIP, 939, 4, 234.750000, 
rl_trial0, 000264, 108, 112, GVWY, 2537, 4, 634.250000, RL, 462, 3, 154.000000, SHVR, 885, 4, 221.250000, ZIC, 427, 4, 106.750000, ZIP, 972, 4, 243.000000, 
rl_trial0, 000267, 110, 124, GVWY, 2537, 4, 634.250000, RL, 462, 3, 154.000000, SHVR, 894, 4, 223.500000, ZIC, 427, 4, 106.750000, ZIP, 976, 4, 244.000000, 
rl_trial0, 000268, 100, 124, GVWY, 2583, 4, 645.750000, RL, 462, 3, 154.000000, SHVR, 894, 4, 223.500000, ZIC, 427, 4, 106.750000, ZIP, 976, 4, 244.000000, 
rl_trial0, 000275, 131, 146, GVWY, 2583, 4, 645.750000, RL, 466, 3, 155.333333, SHVR, 894, 4, 223.500000, ZIC, 471, 4, 117.750000, ZIP, 976, 4, 244.000000, 
rl_trial0, 000280, 109, 236, GVWY, 2583, 4, 645.750000, RL, 489, 3, 163.000000, SHVR, 894, 4, 223.500000, ZIC, 471, 4, 117.750000, ZIP, 986, 4, 246.500000, 
rl_trial0, 000280, 110, 143, GVWY, 2643, 4, 660.750000, RL, 489, 3, 163.000000, SHVR, 894, 4, 223.500000, ZIC, 471, 4, 117.750000, ZIP, 986, 4, 246.500000, 
rl_trial0, 000282, 111, 139, GVWY, 2691, 4, 672.750000, RL, 489, 3, 163.000000, SHVR, 902, 4, 225.500000, ZIC, 471, 4, 117.750000, ZIP, 986, 4, 246.500000, 
rl_trial0, 000289, 114, 116, GVWY, 2691, 4, 672.750000, RL, 489, 3, 163.000000, SHVR, 907, 4, 226.750000, ZIC, 471, 4, 117.750000, ZIP, 1023, 4, 255.750000, 
rl_trial0, 000289, 74, 135, GVWY, 2691, 4, 672.750000, RL, 489, 3, 163.000000, SHVR, 943, 4, 235.750000, ZIC, 471, 4, 117.750000, ZIP, 1030, 4, 257.500000, 
rl_trial0, 000290, 70, 135, GVWY, 2715, 4, 678.750000, RL, 505, 3, 168.333333, SHVR, 943, 4, 235.750000, ZIC, 471, 4, 117.750000, ZIP, 1030, 4, 257.500000, 
rl_trial0, 000291, 70, 135, GVWY, 2751, 4, 687.750000, RL, 505, 3, 168.333333, SHVR, 943, 4, 235.750000, ZIC, 471, 4, 117.750000, ZIP, 1030, 4, 257.500000, 
rl_trial0, 000292, 105, 135, GVWY, 2794, 4, 698.500000, RL, 505, 3, 168.333333, SHVR, 943, 4, 235.750000, ZIC, 494, 4, 123.500000, ZIP, 1030, 4, 257.500000, 
rl_trial0, 000293, 107, 114, GVWY, 2794, 4, 698.500000, RL, 534, 3, 178.000000, SHVR, 943, 4, 235.750000, ZIC, 513, 4, 128.250000, ZIP, 1030, 4, 257.500000, 
rl_trial0, 000295, 102, 111, GVWY, 2852, 4, 713.000000, RL, 534, 3, 178.000000, SHVR, 985, 4, 246.250000, ZIC, 513, 4, 128.250000, ZIP, 1030, 4, 257.500000, 
rl_trial0, 000297, 100, 135, GVWY, 2852, 4, 713.000000, RL, 534, 3, 178.000000, SHVR, 985, 4, 246.250000, ZIC, 532, 4, 133.000000, ZIP, 1063, 4, 265.750000, 
rl_trial0, 000303, 110, 130, GVWY, 2852, 4, 713.000000, RL, 534, 3, 178.000000, SHVR, 1024, 4, 256.000000, ZIC, 532, 4, 133.000000, ZIP, 1067, 4, 266.750000, 
rl_trial0, 000304, 100, 135, GVWY, 2897, 4, 724.250000, RL, 534, 3, 178.000000, SHVR, 1035, 4, 258.750000, ZIC, 532, 4, 133.000000, ZIP, 1067, 4, 266.750000, 
rl_trial0, 000304, 95, 268, GVWY, 2947, 4, 736.750000, RL, 534, 3, 178.000000, SHVR, 1035, 4, 258.750000, ZIC, 532, 4, 133.000000, ZIP, 1067, 4, 266.750000, 
rl_trial0, 000306, 90, 196, GVWY, 2947, 4, 736.750000, RL, 537, 3, 179.000000, SHVR, 1035, 4, 258.750000, ZIC, 547, 4, 136.750000, ZIP, 1067, 4, 266.750000, 
rl_trial0, 000310, 94, 135, GVWY, 2947, 4, 736.750000, RL, 566, 3, 188.666667, SHVR, 1035, 4, 258.750000, ZIC, 547, 4, 136.750000, ZIP, 1100, 4, 275.000000, 
rl_trial0, 000315, 89, 135, GVWY, 2947, 4, 736.750000, RL, 566, 3, 188.666667, SHVR, 1035, 4, 258.750000, ZIC, 570, 4, 142.500000, ZIP, 1129, 4, 282.250000, 
rl_trial0, 000315, 88, 135, GVWY, 2973, 4, 743.250000, RL, 566, 3, 188.666667, SHVR, 1065, 4, 266.250000, ZIC, 570, 4, 142.500000, ZIP, 1129, 4, 282.250000, 
rl_trial0, 000316, 100, 135, GVWY, 2973, 4, 743.250000, RL, 569, 3, 189.666667, SHVR, 1065, 4, 266.250000, ZIC, 570, 4, 142.500000, ZIP, 1129, 4, 282.250000, 
rl_trial0, 000322, 102, 124, GVWY, 3038, 4, 759.500000, RL, 594, 3, 198.000000, SHVR, 1065, 4, 266.250000, ZIC, 570, 4, 142.500000, ZIP, 1129, 4, 282.250000, 
rl_trial0, 000324, 104, 135, GVWY, 3038, 4, 759.500000, RL, 595, 3, 198.333333, SHVR, 1065, 4, 266.250000, ZIC, 570, 4, 142.500000, ZIP, 1131, 4, 282.750000, 
rl_trial0, 000325, 100, 135, GVWY, 3080, 4, 770.000000, RL, 595, 3, 198.333333, SHVR, 1109, 4, 277.250000, ZIC, 570, 4, 142.500000, ZIP, 1131, 4, 282.750000, 
rl_trial0, 000326, 100, 150, GVWY, 3142, 4, 785.500000, RL, 595, 3, 198.333333, SHVR, 1109, 4, 277.250000, ZIC, 588, 4, 147.000000, ZIP, 1131, 4, 282.750000, 
rl_trial0, 000327, 78, 150, GVWY, 3142, 4, 785.500000, RL, 595, 3, 198.333333, SHVR, 1109, 4, 277.250000, ZIC, 596, 4, 149.000000, ZIP, 1131, 4, 282.750000, 
rl_trial0, 000333, 127, 145, GVWY, 3142, 4, 785.500000, RL, 595, 3, 198.333333, SHVR, 1130, 4, 282.500000, ZIC, 596, 4, 149.000000, ZIP, 1182, 4, 295.500000, 
rl_trial0, 000336, 100, 140, GVWY, 3204, 4, 801.000000, RL, 623, 3, 207.666667, SHVR, 1130, 4, 282.500000, ZIC, 596, 4, 149.000000, ZIP, 1182, 4, 295.500000, 
rl_trial0, 000339, 101, 150, GVWY, 3204, 4, 801.000000, RL, 624, 3, 208.000000, SHVR, 1134, 4, 283.500000, ZIC, 596, 4, 149.000000, ZIP, 1182, 4, 295.500000, 
rl_trial0, 000341, 101, 118, GVWY, 3204, 4, 801.000000, RL, 624, 3, 208.000000, SHVR, 1134, 4, 283.500000, ZIC, 614, 4, 153.500000, ZIP, 1182, 4, 295.500000, 
rl_trial0, 000342, 100, 111, GVWY, 3242, 4, 810.500000, RL, 624, 3, 208.000000, SHVR, 1152, 4, 288.000000, ZIC, 614, 4, 153.500000, ZIP, 1182, 4, 295.500000, 
rl_trial0, 000351, 108, 111, GVWY, 3242, 4, 810.500000, RL, 624, 3, 208.000000, SHVR, 1162, 4, 290.500000, ZIC, 614, 4, 153.500000, ZIP, 1185, 4, 296.250000, 
rl_trial0, 000352, 109, 150, GVWY, 3242, 4, 810.500000, RL, 624, 3, 208.000000, SHVR, 1162, 4, 290.500000, ZIC, 614, 4, 153.500000, ZIP, 1217, 4, 304.250000, 
rl_trial0, 000352, 100, 150, GVWY, 3301, 4, 825.250000, RL, 624, 3, 208.000000, SHVR, 1203, 4, 300.750000, ZIC, 614, 4, 153.500000, ZIP, 1217, 4, 304.250000, 
rl_trial0, 000352, 86, 150, GVWY, 3337, 4, 834.250000, RL, 624, 3, 208.000000, SHVR, 1203, 4, 300.750000, ZIC, 614, 4, 153.500000, ZIP, 1217, 4, 304.250000, 
rl_trial0, 000355, 128, 148, GVWY, 3413, 4, 853.250000, RL, 624, 3, 208.000000, SHVR, 1203, 4, 300.750000, ZIC, 614, 4, 153.500000, ZIP, 1217, 4, 304.250000, 
rl_trial0, 000363, 115, 116, GVWY, 3413, 4, 853.250000, RL, 648, 3, 216.000000, SHVR, 1203, 4, 300.750000, ZIC, 614, 4, 153.500000, ZIP, 1226, 4, 306.500000, 
rl_trial0, 000363, 106, 117, GVWY, 3478, 4, 869.500000, RL, 648, 3, 216.000000, SHVR, 1208, 4, 302.000000, ZIC, 614, 4, 153.500000, ZIP, 1226, 4, 306.500000, 
rl_trial0, 000364, 106, 117, GVWY, 3478, 4, 869.500000, RL, 648, 3, 216.000000, SHVR, 1251, 4, 312.750000, ZIC, 629, 4, 157.250000, ZIP, 1226, 4, 306.500000, 
rl_trial0, 000365, 103, 117, GVWY, 3519, 4, 879.750000, RL, 653, 3, 217.666667, SHVR, 1251, 4, 312.750000, ZIC, 629, 4, 157.250000, ZIP, 1226, 4, 306.500000, 
rl_trial0, 000368, 116, 132, GVWY, 3519, 4, 879.750000, RL, 653, 3, 217.666667, SHVR, 1284, 4, 321.000000, ZIC, 629, 4, 157.250000, ZIP, 1265, 4, 316.250000, 
rl_trial0, 000370, 112, 135, GVWY, 3519, 4, 879.750000, RL, 653, 3, 217.666667, SHVR, 1284, 4, 321.000000, ZIC, 643, 4, 160.750000, ZIP, 1274, 4, 318.500000, 
rl_trial0, 000370, 107, 135, GVWY, 3581, 4, 895.250000, RL, 681, 3, 227.000000, SHVR, 1284, 4, 321.000000, ZIC, 643, 4, 160.750000, ZIP, 1274, 4, 318.500000, 
rl_trial0, 000378, 107, 117, GVWY, 3581, 4, 895.250000, RL, 681, 3, 227.000000, SHVR, 1288, 4, 322.000000, ZIC, 667, 4, 166.750000, ZIP, 1274, 4, 318.500000, 
rl_trial0, 000378, 107, 135, GVWY, 3581, 4, 895.250000, RL, 704, 3, 234.666667, SHVR, 1288, 4, 322.000000, ZIC, 667, 4, 166.750000, ZIP, 1313, 4, 328.250000, 
rl_trial0, 000380, 92, 135, GVWY, 3631, 4, 907.750000, RL, 704, 3, 234.666667, SHVR, 1288, 4, 322.000000, ZIC, 667, 4, 166.750000, ZIP, 1313, 4, 328.250000, 
rl_trial0, 000383, 95, 150, GVWY, 3663, 4, 915.750000, RL, 704, 3, 234.666667, SHVR, 1342, 4, 335.500000, ZIC, 667, 4, 166.750000, ZIP, 1313, 4, 328.250000, 
rl_trial0, 000386, 100, 135, GVWY, 3663, 4, 915.750000, RL, 727, 3, 242.333333, SHVR, 1342, 4, 335.500000, ZIC, 667, 4, 166.750000, ZIP, 1323, 4, 330.750000, 
rl_trial0, 000388, 126, 147, GVWY, 3726, 4, 931.500000, RL, 727, 3, 242.333333, SHVR, 1365, 4, 341.250000, ZIC, 667, 4, 166.750000, ZIP, 1323, 4, 330.750000, 
rl_trial0, 000392, 103, 145, GVWY, 3782, 4, 945.500000, RL, 727, 3, 242.333333, SHVR, 1365, 4, 341.250000, ZIC, 691, 4, 172.750000, ZIP, 1323, 4, 330.750000, 
rl_trial0, 000400, 105, 120, GVWY, 3824, 4, 956.000000, RL, 727, 3, 242.333333, SHVR, 1379, 4, 344.750000, ZIC, 691, 4, 172.750000, ZIP, 1323, 4, 330.750000, 
rl_trial0, 000401, 112, 120, GVWY, 3891, 4, 972.750000, RL, 727, 3, 242.333333, SHVR, 1412, 4, 353.000000, ZIC, 691, 4, 172.750000, ZIP, 1323, 4, 330.750000, 
rl_trial0, 000401, 105, 135, GVWY, 3891, 4, 972.750000, RL, 747, 3, 249.000000, SHVR, 1412, 4, 353.000000, ZIC, 691, 4, 172.750000, ZIP, 1365, 4, 341.250000, 
rl_trial0, 000407, 100, 120, GVWY, 3937, 4, 984.250000, RL, 747, 3, 249.000000, SHVR, 1412, 4, 353.000000, ZIC, 691, 4, 172.750000, ZIP, 1365, 4, 341.250000, 
rl_trial0, 000408, 101, 128, GVWY, 3937, 4, 984.250000, RL, 767, 3, 255.666667, SHVR, 1412, 4, 353.000000, ZIC, 691, 4, 172.750000, ZIP, 1378, 4, 344.500000, 
rl_trial0, 000411, 102, 120, GVWY, 3937, 4, 984.250000, RL, 767, 3, 255.666667, SHVR, 1429, 4, 357.250000, ZIC, 702, 4, 175.500000, ZIP, 1378, 4, 344.500000, 
rl_trial0, 000413, 100, 120, GVWY, 3990, 4, 997.500000, RL, 767, 3, 255.666667, SHVR, 1476, 4, 369.000000, ZIC, 702, 4, 175.500000, ZIP, 1378, 4, 344.500000, 
rl_trial0, 000417, 100, 120, GVWY, 3990, 4, 997.500000, RL, 787, 3, 262.333333, SHVR, 1476, 4, 369.000000, ZIC, 702, 4, 175.500000, ZIP, 1420, 4, 355.000000, 
rl_trial0, 000417, 100, 135, GVWY, 3990, 4, 997.500000, RL, 787, 3, 262.333333, SHVR, 1476, 4, 369.000000, ZIC, 712, 4, 178.000000, ZIP, 1433, 4, 358.250000, 
rl_trial0, 000419, 70, 135, GVWY, 4040, 4, 1010.000000, RL, 787, 3, 262.333333, SHVR, 1476, 4, 369.000000, ZIC, 712, 4, 178.000000, ZIP, 1433, 4, 358.250000, 
rl_trial0, 000420, 70, 175, GVWY, 4062, 4, 1015.500000, RL, 791, 3, 263.666667, SHVR, 1476, 4, 369.000000, ZIC, 712, 4, 178.000000, ZIP, 1433, 4, 358.250000, 
rl_trial0, 000426, 100, 166, GVWY, 4099, 4, 1024.750000, RL, 791, 3, 263.666667, SHVR, 1495, 4, 373.750000, ZIC, 712, 4, 178.000000, ZIP, 1433, 4, 358.250000, 
rl_trial0, 000428, 111, 135, GVWY, 4099, 4, 1024.750000, RL, 811, 3, 270.333333, SHVR, 1495, 4, 373.750000, ZIC, 712, 4, 178.000000, ZIP, 1475, 4, 368.750000, 
rl_trial0, 000434, 116, 135, GVWY, 4099, 4, 1024.750000, RL, 811, 3, 270.333333, SHVR, 1495, 4, 373.750000, ZIC, 725, 4, 181.250000, ZIP, 1485, 4, 371.250000, 
rl_trial0, 000436, 100, 135, GVWY, 4154, 4, 1038.500000, RL, 811, 3, 270.333333, SHVR, 1526, 4, 381.500000, ZIC, 725, 4, 181.250000, ZIP, 1485, 4, 371.250000, 
rl_trial0, 000437, 100, 117, GVWY, 4211, 4, 1052.750000, RL, 814, 3, 271.333333, SHVR, 1526, 4, 381.500000, ZIC, 725, 4, 181.250000, ZIP, 1485, 4, 371.250000, 
rl_trial0, 000441, 101, 117, GVWY, 4211, 4, 1052.750000, RL, 814, 3, 271.333333, SHVR, 1526, 4, 381.500000, ZIC, 744, 4, 186.000000, ZIP, 1518, 4, 379.500000, 
rl_trial0, 000442, 72, 117, GVWY, 4263, 4, 1065.750000, RL, 814, 3, 271.333333, SHVR, 1574, 4, 393.500000, ZIC, 744, 4, 186.000000, ZIP, 1518, 4, 379.500000, 
rl_trial0, 000442, 92, 135, GVWY, 4263, 4, 1065.750000, RL, 837, 3, 279.000000, SHVR, 1574, 4, 393.500000, ZIC, 744, 4, 186.000000, ZIP, 1528, 4, 382.000000, 
rl_trial0, 000445, 108, 135, GVWY, 4263, 4, 1065.750000, RL, 837, 3, 279.000000, SHVR, 1585, 4, 396.250000, ZIC, 761, 4, 190.250000, ZIP, 1528, 4, 382.000000, 
rl_trial0, 000446, 120, 150, GVWY, 4263, 4, 1065.750000, RL, 842, 3, 280.666667, SHVR, 1585, 4, 396.250000, ZIC, 761, 4, 190.250000, ZIP, 1528, 4, 382.000000, 
rl_trial0, 000446, 119, 150, GVWY, 4333, 4, 1083.250000, RL, 842, 3, 280.666667, SHVR, 1585, 4, 396.250000, ZIC, 761, 4, 190.250000, ZIP, 1528, 4, 382.000000, 
rl_trial0, 000448, 110, 150, GVWY, 4333, 4, 1083.250000, RL, 842, 3, 280.666667, SHVR, 1616, 4, 404.000000, ZIC, 761, 4, 190.250000, ZIP, 1540, 4, 385.000000, 
rl_trial0, 000450, 100, 150, GVWY, 4379, 4, 1094.750000, RL, 842, 3, 280.666667, SHVR, 1616, 4, 404.000000, ZIC, 761, 4, 190.250000, ZIP, 1540, 4, 385.000000, 
rl_trial0, 000455, 112, 150, GVWY, 4379, 4, 1094.750000, RL, 861, 3, 287.000000, SHVR, 1616, 4, 404.000000, ZIC, 761, 4, 190.250000, ZIP, 1583, 4, 395.750000, 
rl_trial0, 000457, 100, 121, GVWY, 4436, 4, 1109.000000, RL, 864, 3, 288.000000, SHVR, 1616, 4, 404.000000, ZIC, 761, 4, 190.250000, ZIP, 1583, 4, 395.750000, 
rl_trial0, 000458, 100, 149, GVWY, 4436, 4, 1109.000000, RL, 864, 3, 288.000000, SHVR, 1616, 4, 404.000000, ZIC, 770, 4, 192.500000, ZIP, 1626, 4, 406.500000, 
rl_trial0, 000465, 100, 120, GVWY, 4482, 4, 1120.500000, RL, 864, 3, 288.000000, SHVR, 1616, 4, 404.000000, ZIC, 770, 4, 192.500000, ZIP, 1626, 4, 406.500000, 
rl_trial0, 000468, 108, 113, GVWY, 4527, 4, 1131.750000, RL, 864, 3, 288.000000, SHVR, 1657, 4, 414.250000, ZIC, 770, 4, 192.500000, ZIP, 1626, 4, 406.500000, 
rl_trial0, 000469, 112, 120, GVWY, 4527, 4, 1131.750000, RL, 864, 3, 288.000000, SHVR, 1664, 4, 416.000000, ZIC, 770, 4, 192.500000, ZIP, 1661, 4, 415.250000, 
rl_trial0, 000470, 100, 115, GVWY, 4589, 4, 1147.250000, RL, 864, 3, 288.000000, SHVR, 1702, 4, 425.500000, ZIC, 770, 4, 192.500000, ZIP, 1661, 4, 415.250000, 
rl_trial0, 000473, 100, 135, GVWY, 4589, 4, 1147.250000, RL, 864, 3, 288.000000, SHVR, 1702, 4, 425.500000, ZIC, 785, 4, 196.250000, ZIP, 1669, 4, 417.250000, 
rl_trial0, 000476, 110, 150, GVWY, 4589, 4, 1147.250000, RL, 869, 3, 289.666667, SHVR, 1702, 4, 425.500000, ZIC, 785, 4, 196.250000, ZIP, 1669, 4, 417.250000, 
rl_trial0, 000482, 116, 139, GVWY, 4672, 4, 1168.000000, RL, 876, 3, 292.000000, SHVR, 1702, 4, 425.500000, ZIC, 785, 4, 196.250000, ZIP, 1669, 4, 417.250000, 
rl_trial0, 000484, 119, 125, GVWY, 4729, 4, 1182.250000, RL, 876, 3, 292.000000, SHVR, 1731, 4, 432.750000, ZIC, 785, 4, 196.250000, ZIP, 1669, 4, 417.250000, 
rl_trial0, 000487, 120, 123, GVWY, 4786, 4, 1196.500000, RL, 895, 3, 298.333333, SHVR, 1731, 4, 432.750000, ZIC, 785, 4, 196.250000, ZIP, 1669, 4, 417.250000, 
rl_trial0, 000487, 120, 123, GVWY, 4786, 4, 1196.500000, RL, 895, 3, 298.333333, SHVR, 1731, 4, 432.750000, ZIC, 792, 4, 198.000000, ZIP, 1714, 4, 428.500000, 
rl_trial0, 000493, 111, 123, GVWY, 4848, 4, 1212.000000, RL, 895, 3, 298.333333, SHVR, 1769, 4, 442.250000, ZIC, 792, 4, 198.000000, ZIP, 1714, 4, 428.500000, 
rl_trial0, 000498, 111, 123, GVWY, 4910, 4, 1227.500000, RL, 895, 3, 298.333333, SHVR, 1807, 4, 451.750000, ZIC, 792, 4, 198.000000, ZIP, 1714, 4, 428.500000, 
rl_trial0, 000499, 100, 123, GVWY, 4958, 4, 1239.500000, RL, 895, 3, 298.333333, SHVR, 1815, 4, 453.750000, ZIC, 792, 4, 198.000000, ZIP, 1714, 4, 428.500000, 
rl_trial0, 000504, 97, 123, GVWY, 4958, 4, 1239.500000, RL, 912, 3, 304.000000, SHVR, 1815, 4, 453.750000, ZIC, 792, 4, 198.000000, ZIP, 1730, 4, 432.500000, 
rl_trial0, 000507, 102, 119, GVWY, 4958, 4, 1239.500000, RL, 912, 3, 304.000000, SHVR, 1815, 4, 453.750000, ZIC, 830, 4, 207.500000, ZIP, 1730, 4, 432.500000, 
rl_trial0, 000508, 102, 135, GVWY, 4958, 4, 1239.500000, RL, 912, 3, 304.000000, SHVR, 1815, 4, 453.750000, ZIC, 843, 4, 210.750000, ZIP, 1769, 4, 442.250000, 
rl_trial0, 000510, 97, 135, GVWY, 4994, 4, 1248.500000, RL, 912, 3, 304.000000, SHVR, 1815, 4, 453.750000, ZIC, 843, 4, 210.750000, ZIP, 1769, 4, 442.250000, 
rl_trial0, 000511, 107, 117, GVWY, 5053, 4, 1263.250000, RL, 912, 3, 304.000000, SHVR, 1856, 4, 464.000000, ZIC, 843, 4, 210.750000, ZIP, 1769, 4, 442.250000, 
rl_trial0, 000514, 99, 117, GVWY, 5053, 4, 1263.250000, RL, 936, 3, 312.000000, SHVR, 1856, 4, 464.000000, ZIC, 843, 4, 210.750000, ZIP, 1807, 4, 451.750000, 
rl_trial0, 000516, 102, 126, GVWY, 5053, 4, 1263.250000, RL, 963, 3, 321.000000, SHVR, 1856, 4, 464.000000, ZIC, 843, 4, 210.750000, ZIP, 1813, 4, 453.250000, 
rl_trial0, 000518, 80, 135, GVWY, 5077, 4, 1269.250000, RL, 985, 3, 328.333333, SHVR, 1856, 4, 464.000000, ZIC, 843, 4, 210.750000, ZIP, 1813, 4, 453.250000, 
rl_trial0, 000522, 102, 135, GVWY, 5077, 4, 1269.250000, RL, 985, 3, 328.333333, SHVR, 1872, 4, 468.000000, ZIC, 843, 4, 210.750000, ZIP, 1839, 4, 459.750000, 
rl_trial0, 000524, 102, 113, GVWY, 5131, 4, 1282.750000, RL, 985, 3, 328.333333, SHVR, 1918, 4, 479.500000, ZIC, 843, 4, 210.750000, ZIP, 1839, 4, 459.750000, 
rl_trial0, 000524, 102, 135, GVWY, 5131, 4, 1282.750000, RL, 985, 3, 328.333333, SHVR, 1918, 4, 479.500000, ZIC, 860, 4, 215.000000, ZIP, 1845, 4, 461.250000, 
rl_trial0, 000525, 102, 150, GVWY, 5131, 4, 1282.750000, RL, 990, 3, 330.000000, SHVR, 1918, 4, 479.500000, ZIC, 860, 4, 215.000000, ZIP, 1845, 4, 461.250000, 
rl_trial0, 000527, 100, 150, GVWY, 5186, 4, 1296.500000, RL, 995, 3, 331.666667, SHVR, 1918, 4, 479.500000, ZIC, 860, 4, 215.000000, ZIP, 1845, 4, 461.250000, 
rl_trial0, 000528, 102, 118, GVWY, 5186, 4, 1296.500000, RL, 995, 3, 331.666667, SHVR, 1965, 4, 491.250000, ZIC, 871, 4, 217.750000, ZIP, 1845, 4, 461.250000, 
rl_trial0, 000534, 100, 114, GVWY, 5234, 4, 1308.500000, RL, 995, 3, 331.666667, SHVR, 1973, 4, 493.250000, ZIC, 871, 4, 217.750000, ZIP, 1845, 4, 461.250000, 
rl_trial0, 000538, 90, 114, GVWY, 5276, 4, 1319.000000, RL, 1013, 3, 337.666667, SHVR, 1973, 4, 493.250000, ZIC, 871, 4, 217.750000, ZIP, 1845, 4, 461.250000, 
rl_trial0, 000540, 100, 116, GVWY, 5276, 4, 1319.000000, RL, 1039, 3, 346.333333, SHVR, 1973, 4, 493.250000, ZIC, 871, 4, 217.750000, ZIP, 1852, 4, 463.000000, 
rl_trial0, 000544, 108, 114, GVWY, 5276, 4, 1319.000000, RL, 1039, 3, 346.333333, SHVR, 1973, 4, 493.250000, ZIC, 887, 4, 221.750000, ZIP, 1888, 4, 472.000000, 
rl_trial0, 000545, 109, 114, GVWY, 5322, 4, 1330.500000, RL, 1039, 3, 346.333333, SHVR, 1973, 4, 493.250000, ZIC, 887, 4, 221.750000, ZIP, 1888, 4, 472.000000, 
rl_trial0, 000546, 110, 135, GVWY, 5322, 4, 1330.500000, RL, 1065, 3, 355.000000, SHVR, 1973, 4, 493.250000, ZIC, 887, 4, 221.750000, ZIP, 1895, 4, 473.750000, 
rl_trial0, 000549, 115, 135, GVWY, 5322, 4, 1330.500000, RL, 1065, 3, 355.000000, SHVR, 1977, 4, 494.250000, ZIC, 887, 4, 221.750000, ZIP, 1933, 4, 483.250000, 
rl_trial0, 000552, 100, 149, GVWY, 5376, 4, 1344.000000, RL, 1065, 3, 355.000000, SHVR, 2009, 4, 502.250000, ZIC, 887, 4, 221.750000, ZIP, 1933, 4, 483.250000, 
rl_trial0, 000553, 100, 116, GVWY, 5427, 4, 1356.750000, RL, 1065, 3, 355.000000, SHVR, 2058, 4, 514.500000, ZIC, 887, 4, 221.750000, ZIP, 1933, 4, 483.250000, 
rl_trial0, 000555, 80, 116, GVWY, 5463, 4, 1365.750000, RL, 1065, 3, 355.000000, SHVR, 2058, 4, 514.500000, ZIC, 887, 4, 221.750000, ZIP, 1933, 4, 483.250000, 
rl_trial0, 000557, 80, 107, GVWY, 5494, 4, 1373.500000, RL, 1065, 3, 355.000000, SHVR, 2097, 4, 524.250000, ZIC, 887, 4, 221.750000, ZIP, 1933, 4, 483.250000, 
rl_trial0, 000562, 102, 135, GVWY, 5494, 4, 1373.500000, RL, 1065, 3, 355.000000, SHVR, 2097, 4, 524.250000, ZIC, 910, 4, 227.500000, ZIP, 1933, 4, 483.250000, 
rl_trial0, 000565, 125, 147, GVWY, 5494, 4, 1373.500000, RL, 1069, 3, 356.333333, SHVR, 2097, 4, 524.250000, ZIC, 925, 4, 231.250000, ZIP, 1933, 4, 483.250000, 
rl_trial0, 000566, 100, 147, GVWY, 5494, 4, 1373.500000, RL, 1069, 3, 356.333333, SHVR, 2121, 4, 530.250000, ZIC, 925, 4, 231.250000, ZIP, 1981, 4, 495.250000, 
rl_trial0, 000569, 107, 143, GVWY, 5494, 4, 1373.500000, RL, 1085, 3, 361.666667, SHVR, 2121, 4, 530.250000, ZIC, 925, 4, 231.250000, ZIP, 2027, 4, 506.750000, 
rl_trial0, 000571, 114, 139, GVWY, 5568, 4, 1392.000000, RL, 1085, 3, 361.666667, SHVR, 2147, 4, 536.750000, ZIC, 925, 4, 231.250000, ZIP, 2027, 4, 506.750000, 
rl_trial0, 000572, 107, 139, GVWY, 5618, 4, 1404.500000, RL, 1085, 3, 361.666667, SHVR, 2153, 4, 538.250000, ZIC, 925, 4, 231.250000, ZIP, 2027, 4, 506.750000, 
rl_trial0, 000577, 102, 127, GVWY, 5618, 4, 1404.500000, RL, 1104, 3, 368.000000, SHVR, 2153, 4, 538.250000, ZIC, 925, 4, 231.250000, ZIP, 2041, 4, 510.250000, 
rl_trial0, 000579, 105, 130, GVWY, 5675, 4, 1418.750000, RL, 1104, 3, 368.000000, SHVR, 2166, 4, 541.500000, ZIC, 925, 4, 231.250000, ZIP, 2041, 4, 510.250000, 
rl_trial0, 000586, 113, 118, GVWY, 5675, 4, 1418.750000, RL, 1127, 3, 375.666667, SHVR, 2166, 4, 541.500000, ZIC, 925, 4, 231.250000, ZIP, 2080, 4, 520.000000, 
rl_trial0, 000587, 110, 118, GVWY, 5725, 4, 1431.250000, RL, 1127, 3, 375.666667, SHVR, 2202, 4, 550.500000, ZIC, 925, 4, 231.250000, ZIP, 2080, 4, 520.000000, 
rl_trial0, 000591, 115, 117, GVWY, 5791, 4, 1447.750000, RL, 1127, 3, 375.666667, SHVR, 2236, 4, 559.000000, ZIC, 925, 4, 231.250000, ZIP, 2080, 4, 520.000000, 
rl_trial0, 000600, 111, 117, GVWY, 5853, 4, 1463.250000, RL, 1127, 3, 375.666667, SHVR, 2244, 4, 561.000000, ZIC, 925, 4, 231.250000, ZIP, 2080, 4, 520.000000, 
rl_trial0, 000602, 111, 117, GVWY, 5902, 4, 1475.500000, RL, 1127, 3, 375.666667, SHVR, 2281, 4, 570.250000, ZIC, 925, 4, 231.250000, ZIP, 2080, 4, 520.000000, 
rl_trial0, 000602, 111, 117, GVWY, 5902, 4, 1475.500000, RL, 1150, 3, 383.333333, SHVR, 2281, 4, 570.250000, ZIC, 925, 4, 231.250000, ZIP, 2090, 4, 522.500000, 
rl_trial0, 000605, 95, 117, GVWY, 5938, 4, 1484.500000, RL, 1150, 3, 383.333333, SHVR, 2281, 4, 570.250000, ZIC, 925, 4, 231.250000, ZIP, 2090, 4, 522.500000, 
rl_trial0, 000608, 92, 117, GVWY, 5938, 4, 1484.500000, RL, 1173, 3, 391.000000, SHVR, 2281, 4, 570.250000, ZIC, 925, 4, 231.250000, ZIP, 2129, 4, 532.250000, 
rl_trial0, 000610, 95, 135, GVWY, 5938, 4, 1484.500000, RL, 1173, 3, 391.000000, SHVR, 2281, 4, 570.250000, ZIC, 938, 4, 234.500000, ZIP, 2139, 4, 534.750000, 
rl_trial0, 000615, 102, 114, GVWY, 5997, 4, 1499.250000, RL, 1173, 3, 391.000000, SHVR, 2292, 4, 573.000000, ZIC, 938, 4, 234.500000, ZIP, 2139, 4, 534.750000, 
rl_trial0, 000616, 103, 114, GVWY, 5997, 4, 1499.250000, RL, 1178, 3, 392.666667, SHVR, 2292, 4, 573.000000, ZIC, 951, 4, 237.750000, ZIP, 2139, 4, 534.750000, 
rl_trial0, 000618, 106, 114, GVWY, 5997, 4, 1499.250000, RL, 1178, 3, 392.666667, SHVR, 2292, 4, 573.000000, ZIC, 967, 4, 241.750000, ZIP, 2146, 4, 536.500000, 
rl_trial0, 000619, 105, 135, GVWY, 6054, 4, 1513.500000, RL, 1178, 3, 392.666667, SHVR, 2305, 4, 576.250000, ZIC, 967, 4, 241.750000, ZIP, 2146, 4, 536.500000, 
rl_trial0, 000623, 109, 112, GVWY, 6054, 4, 1513.500000, RL, 1207, 3, 402.333333, SHVR, 2305, 4, 576.250000, ZIC, 967, 4, 241.750000, ZIP, 2179, 4, 544.750000, 
rl_trial0, 000623, 100, 111, GVWY, 6099, 4, 1524.750000, RL, 1207, 3, 402.333333, SHVR, 2346, 4, 586.500000, ZIC, 967, 4, 241.750000, ZIP, 2179, 4, 544.750000, 
rl_trial0, 000624, 100, 135, GVWY, 6099, 4, 1524.750000, RL, 1236, 3, 412.000000, SHVR, 2346, 4, 586.500000, ZIC, 967, 4, 241.750000, ZIP, 2183, 4, 545.750000, 
rl_trial0, 000625, 90, 135, GVWY, 6135, 4, 1533.750000, RL, 1236, 3, 412.000000, SHVR, 2346, 4, 586.500000, ZIC, 967, 4, 241.750000, ZIP, 2183, 4, 545.750000, 
rl_trial0, 000629, 84, 149, GVWY, 6192, 4, 1548.000000, RL, 1239, 3, 413.000000, SHVR, 2346, 4, 586.500000, ZIC, 967, 4, 241.750000, ZIP, 2183, 4, 545.750000, 
rl_trial0, 000634, 96, 110, GVWY, 6192, 4, 1548.000000, RL, 1278, 3, 426.000000, SHVR, 2346, 4, 586.500000, ZIC, 967, 4, 241.750000, ZIP, 2206, 4, 551.500000, 
rl_trial0, 000638, 104, 125, GVWY, 6192, 4, 1548.000000, RL, 1278, 3, 426.000000, SHVR, 2346, 4, 586.500000, ZIC, 990, 4, 247.500000, ZIP, 2206, 4, 551.500000, 
rl_trial0, 000639, 100, 125, GVWY, 6233, 4, 1558.250000, RL, 1278, 3, 426.000000, SHVR, 2391, 4, 597.750000, ZIC, 990, 4, 247.500000, ZIP, 2206, 4, 551.500000, 
rl_trial0, 000644, 113, 135, GVWY, 6233, 4, 1558.250000, RL, 1278, 3, 426.000000, SHVR, 2397, 4, 599.250000, ZIC, 990, 4, 247.500000, ZIP, 2242, 4, 560.500000, 
rl_trial0, 000646, 100, 135, GVWY, 6284, 4, 1571.000000, RL, 1278, 3, 426.000000, SHVR, 2446, 4, 611.500000, ZIC, 990, 4, 247.500000, ZIP, 2242, 4, 560.500000, 
rl_trial0, 000649, 90, 145, GVWY, 6320, 4, 1580.000000, RL, 1278, 3, 426.000000, SHVR, 2446, 4, 611.500000, ZIC, 990, 4, 247.500000, ZIP, 2242, 4, 560.500000, 
rl_trial0, 000652, 107, 144, GVWY, 6320, 4, 1580.000000, RL, 1291, 3, 430.333333, SHVR, 2446, 4, 611.500000, ZIC, 990, 4, 247.500000, ZIP, 2291, 4, 572.750000, 
rl_trial0, 000655, 109, 137, GVWY, 6380, 4, 1595.000000, RL, 1291, 3, 430.333333, SHVR, 2456, 4, 614.000000, ZIC, 990, 4, 247.500000, ZIP, 2291, 4, 572.750000, 
rl_trial0, 000660, 106, 135, GVWY, 6380, 4, 1595.000000, RL, 1318, 3, 439.333333, SHVR, 2456, 4, 614.000000, ZIC, 990, 4, 247.500000, ZIP, 2297, 4, 574.250000, 
rl_trial0, 000663, 127, 135, GVWY, 6458, 4, 1614.500000, RL, 1318, 3, 439.333333, SHVR, 2478, 4, 619.500000, ZIC, 990, 4, 247.500000, ZIP, 2297, 4, 574.250000, 
rl_trial0, 000663, 105, 135, GVWY, 6521, 4, 1630.250000, RL, 1318, 3, 439.333333, SHVR, 2478, 4, 619.500000, ZIC, 993, 4, 248.250000, ZIP, 2297, 4, 574.250000, 
rl_trial0, 000669, 100, 122, GVWY, 6580, 4, 1645.000000, RL, 1318, 3, 439.333333, SHVR, 2489, 4, 622.250000, ZIC, 993, 4, 248.250000, ZIP, 2297, 4, 574.250000, 
rl_trial0, 000669, 100, 135, GVWY, 6580, 4, 1645.000000, RL, 1336, 3, 445.333333, SHVR, 2489, 4, 622.250000, ZIC, 993, 4, 248.250000, ZIP, 2341, 4, 585.250000, 
rl_trial0, 000671, 90, 127, GVWY, 6616, 4, 1654.000000, RL, 1336, 3, 445.333333, SHVR, 2489, 4, 622.250000, ZIC, 993, 4, 248.250000, ZIP, 2341, 4, 585.250000, 
rl_trial0, 000672, 102, 127, GVWY, 6616, 4, 1654.000000, RL, 1336, 3, 445.333333, SHVR, 2489, 4, 622.250000, ZIC, 1002, 4, 250.500000, ZIP, 2355, 4, 588.750000, 
rl_trial0, 000677, 107, 117, GVWY, 6674, 4, 1668.500000, RL, 1336, 3, 445.333333, SHVR, 2531, 4, 632.750000, ZIC, 1002, 4, 250.500000, ZIP, 2355, 4, 588.750000, 
rl_trial0, 000682, 115, 135, GVWY, 6674, 4, 1668.500000, RL, 1336, 3, 445.333333, SHVR, 2534, 4, 633.500000, ZIC, 1002, 4, 250.500000, ZIP, 2394, 4, 598.500000, 
rl_trial0, 000682, 114, 135, GVWY, 6674, 4, 1668.500000, RL, 1336, 3, 445.333333, SHVR, 2568, 4, 642.000000, ZIC, 1026, 4, 256.500000, ZIP, 2394, 4, 598.500000, 
rl_trial0, 000683, 100, 117, GVWY, 6724, 4, 1681.000000, RL, 1336, 3, 445.333333, SHVR, 2568, 4, 642.000000, ZIC, 1042, 4, 260.500000, ZIP, 2394, 4, 598.500000, 
rl_trial0, 000685, 101, 117, GVWY, 6724, 4, 1681.000000, RL, 1360, 3, 453.333333, SHVR, 2568, 4, 642.000000, ZIC, 1042, 4, 260.500000, ZIP, 2403, 4, 600.750000, 
rl_trial0, 000690, 100, 112, GVWY, 6767, 4, 1691.750000, RL, 1360, 3, 453.333333, SHVR, 2581, 4, 645.250000, ZIC, 1042, 4, 260.500000, ZIP, 2403, 4, 600.750000, 
rl_trial0, 000692, 108, 135, GVWY, 6767, 4, 1691.750000, RL, 1360, 3, 453.333333, SHVR, 2581, 4, 645.250000, ZIC, 1060, 4, 265.000000, ZIP, 2408, 4, 602.000000, 
rl_trial0, 000694, 111, 135, GVWY, 6767, 4, 1691.750000, RL, 1360, 3, 453.333333, SHVR, 2589, 4, 647.250000, ZIC, 1060, 4, 265.000000, ZIP, 2442, 4, 610.500000, 
rl_trial0, 000694, 102, 135, GVWY, 6830, 4, 1707.500000, RL, 1360, 3, 453.333333, SHVR, 2626, 4, 656.500000, ZIC, 1060, 4, 265.000000, ZIP, 2442, 4, 610.500000, 
rl_trial0, 000696, 100, 135, GVWY, 6830, 4, 1707.500000, RL, 1373, 3, 457.666667, SHVR, 2626, 4, 656.500000, ZIC, 1095, 4, 273.750000, ZIP, 2442, 4, 610.500000, 
rl_trial0, 000697, 100, 135, GVWY, 6890, 4, 1722.500000, RL, 1373, 3, 457.666667, SHVR, 2626, 4, 656.500000, ZIC, 1095, 4, 273.750000, ZIP, 2442, 4, 610.500000, 
rl_trial0, 000699, 100, 148, GVWY, 6953, 4, 1738.250000, RL, 1386, 3, 462.000000, SHVR, 2626, 4, 656.500000, ZIC, 1095, 4, 273.750000, ZIP, 2442, 4, 610.500000, 
rl_trial0, 000706, 114, 117, GVWY, 6953, 4, 1738.250000, RL, 1386, 3, 462.000000, SHVR, 2631, 4, 657.750000, ZIC, 1095, 4, 273.750000, ZIP, 2479, 4, 619.750000, 
rl_trial0, 000707, 115, 135, GVWY, 6953, 4, 1738.250000, RL, 1386, 3, 462.000000, SHVR, 2631, 4, 657.750000, ZIC, 1109, 4, 277.250000, ZIP, 2488, 4, 622.000000, 
rl_trial0, 000713, 120, 162, GVWY, 6953, 4, 1738.250000, RL, 1386, 3, 462.000000, SHVR, 2658, 4, 664.500000, ZIC, 1109, 4, 277.250000, ZIP, 2533, 4, 633.250000, 
rl_trial0, 000714, 120, 162, GVWY, 6953, 4, 1738.250000, RL, 1396, 3, 465.333333, SHVR, 2658, 4, 664.500000, ZIC, 1118, 4, 279.500000, ZIP, 2533, 4, 633.250000, 
rl_trial0, 000714, 110, 162, GVWY, 7009, 4, 1752.250000, RL, 1396, 3, 465.333333, SHVR, 2658, 4, 664.500000, ZIC, 1118, 4, 279.500000, ZIP, 2533, 4, 633.250000, 
rl_trial0, 000715, 100, 121, GVWY, 7066, 4, 1766.500000, RL, 1399, 3, 466.333333, SHVR, 2658, 4, 664.500000, ZIC, 1118, 4, 279.500000, ZIP, 2533, 4, 633.250000, 
rl_trial0, 000719, 86, 121, GVWY, 7102, 4, 1775.500000, RL, 1399, 3, 466.333333, SHVR, 2658, 4, 664.500000, ZIC, 1118, 4, 279.500000, ZIP, 2533, 4, 633.250000, 
rl_trial0, 000723, 95, 121, GVWY, 7102, 4, 1775.500000, RL, 1418, 3, 472.666667, SHVR, 2658, 4, 664.500000, ZIC, 1118, 4, 279.500000, ZIP, 2547, 4, 636.750000, 
rl_trial0, 000725, 108, 114, GVWY, 7161, 4, 1790.250000, RL, 1418, 3, 472.666667, SHVR, 2699, 4, 674.750000, ZIC, 1118, 4, 279.500000, ZIP, 2547, 4, 636.750000, 
rl_trial0, 000728, 100, 116, GVWY, 7161, 4, 1790.250000, RL, 1418, 3, 472.666667, SHVR, 2705, 4, 676.250000, ZIC, 1118, 4, 279.500000, ZIP, 2554, 4, 638.500000, 
rl_trial0, 000734, 107, 114, GVWY, 7161, 4, 1790.250000, RL, 1444, 3, 481.333333, SHVR, 2705, 4, 676.250000, ZIC, 1118, 4, 279.500000, ZIP, 2590, 4, 647.500000, 
rl_trial0, 000734, 107, 114, GVWY, 7218, 4, 1804.500000, RL, 1447, 3, 482.333333, SHVR, 2705, 4, 676.250000, ZIC, 1118, 4, 279.500000, ZIP, 2590, 4, 647.500000, 
rl_trial0, 000736, 100, 114, GVWY, 7218, 4, 1804.500000, RL, 1447, 3, 482.333333, SHVR, 2705, 4, 676.250000, ZIC, 1135, 4, 283.750000, ZIP, 2625, 4, 656.250000, 
rl_trial0, 000737, 100, 114, GVWY, 7255, 4, 1813.750000, RL, 1447, 3, 482.333333, SHVR, 2754, 4, 688.500000, ZIC, 1135, 4, 283.750000, ZIP, 2625, 4, 656.250000, 
rl_trial0, 000741, 107, 108, GVWY, 7255, 4, 1813.750000, RL, 1447, 3, 482.333333, SHVR, 2766, 4, 691.500000, ZIC, 1135, 4, 283.750000, ZIP, 2626, 4, 656.500000, 
rl_trial0, 000742, 107, 135, GVWY, 7255, 4, 1813.750000, RL, 1479, 3, 493.000000, SHVR, 2766, 4, 691.500000, ZIC, 1135, 4, 283.750000, ZIP, 2656, 4, 664.000000, 
rl_trial0, 000743, 100, 135, GVWY, 7255, 4, 1813.750000, RL, 1482, 3, 494.000000, SHVR, 2766, 4, 691.500000, ZIC, 1150, 4, 287.500000, ZIP, 2656, 4, 664.000000, 
rl_trial0, 000746, 70, 108, GVWY, 7305, 4, 1826.250000, RL, 1482, 3, 494.000000, SHVR, 2766, 4, 691.500000, ZIC, 1150, 4, 287.500000, ZIP, 2656, 4, 664.000000, 
rl_trial0, 000746, 65, 108, GVWY, 7325, 4, 1831.250000, RL, 1482, 3, 494.000000, SHVR, 2766, 4, 691.500000, ZIC, 1150, 4, 287.500000, ZIP, 2656, 4, 664.000000, 
rl_trial0, 000747, 57, 108, GVWY, 7325, 4, 1831.250000, RL, 1558, 3, 519.333333, SHVR, 2766, 4, 691.500000, ZIC, 1150, 4, 287.500000, ZIP, 2656, 4, 664.000000, 
rl_trial0, 000748, 57, 135, GVWY, 7325, 4, 1831.250000, RL, 1558, 3, 519.333333, SHVR, 2766, 4, 691.500000, ZIC, 1172, 4, 293.000000, ZIP, 2657, 4, 664.250000, 
rl_trial0, 000751, 100, 150, GVWY, 7325, 4, 1831.250000, RL, 1558, 3, 519.333333, SHVR, 2811, 4, 702.750000, ZIC, 1172, 4, 293.000000, ZIP, 2684, 4, 671.000000, 
rl_trial0, 000754, 100, 108, GVWY, 7366, 4, 1841.500000, RL, 1563, 3, 521.000000, SHVR, 2811, 4, 702.750000, ZIC, 1172, 4, 293.000000, ZIP, 2684, 4, 671.000000, 
rl_trial0, 000756, 100, 108, GVWY, 7403, 4, 1850.750000, RL, 1563, 3, 521.000000, SHVR, 2830, 4, 707.500000, ZIC, 1172, 4, 293.000000, ZIP, 2684, 4, 671.000000, 
rl_trial0, 000760, 100, 135, GVWY, 7403, 4, 1850.750000, RL, 1563, 3, 521.000000, SHVR, 2830, 4, 707.500000, ZIC, 1194, 4, 298.500000, ZIP, 2685, 4, 671.250000, 
rl_trial0, 000763, 100, 135, GVWY, 7403, 4, 1850.750000, RL, 1585, 3, 528.333333, SHVR, 2830, 4, 707.500000, ZIC, 1194, 4, 298.500000, ZIP, 2696, 4, 674.000000, 
rl_trial0, 000765, 100, 135, GVWY, 7403, 4, 1850.750000, RL, 1588, 3, 529.333333, SHVR, 2830, 4, 707.500000, ZIC, 1194, 4, 298.500000, ZIP, 2725, 4, 681.250000, 
rl_trial0, 000768, 100, 135, GVWY, 7459, 4, 1864.750000, RL, 1588, 3, 529.333333, SHVR, 2874, 4, 718.500000, ZIC, 1194, 4, 298.500000, ZIP, 2725, 4, 681.250000, 
rl_trial0, 000769, 90, 135, GVWY, 7509, 4, 1877.250000, RL, 1588, 3, 529.333333, SHVR, 2874, 4, 718.500000, ZIC, 1194, 4, 298.500000, ZIP, 2725, 4, 681.250000, 
rl_trial0, 000770, 72, 106, GVWY, 7550, 4, 1887.500000, RL, 1593, 3, 531.000000, SHVR, 2874, 4, 718.500000, ZIC, 1194, 4, 298.500000, ZIP, 2725, 4, 681.250000, 
rl_trial0, 000773, 76, 134, GVWY, 7550, 4, 1887.500000, RL, 1593, 3, 531.000000, SHVR, 2874, 4, 718.500000, ZIC, 1218, 4, 304.500000, ZIP, 2753, 4, 688.250000, 
rl_trial0, 000775, 101, 135, GVWY, 7550, 4, 1887.500000, RL, 1623, 3, 541.000000, SHVR, 2874, 4, 718.500000, ZIC, 1218, 4, 304.500000, ZIP, 2756, 4, 689.000000, 
rl_trial0, 000779, 129, 150, GVWY, 7550, 4, 1887.500000, RL, 1628, 3, 542.666667, SHVR, 2874, 4, 718.500000, ZIC, 1218, 4, 304.500000, ZIP, 2756, 4, 689.000000, 
rl_trial0, 000783, 84, 150, GVWY, 7618, 4, 1904.500000, RL, 1628, 3, 542.666667, SHVR, 2876, 4, 719.000000, ZIC, 1218, 4, 304.500000, ZIP, 2756, 4, 689.000000, 
rl_trial0, 000784, 90, 134, GVWY, 7618, 4, 1904.500000, RL, 1628, 3, 542.666667, SHVR, 2876, 4, 719.000000, ZIC, 1229, 4, 307.250000, ZIP, 2797, 4, 699.250000, 
rl_trial0, 000784, 87, 118, GVWY, 7654, 4, 1913.500000, RL, 1628, 3, 542.666667, SHVR, 2876, 4, 719.000000, ZIC, 1229, 4, 307.250000, ZIP, 2797, 4, 699.250000, 
rl_trial0, 000787, 74, 135, GVWY, 7654, 4, 1913.500000, RL, 1650, 3, 550.000000, SHVR, 2876, 4, 719.000000, ZIC, 1229, 4, 307.250000, ZIP, 2808, 4, 702.000000, 
rl_trial0, 000791, 105, 118, GVWY, 7654, 4, 1913.500000, RL, 1650, 3, 550.000000, SHVR, 2916, 4, 729.000000, ZIC, 1247, 4, 311.750000, ZIP, 2808, 4, 702.000000, 
rl_trial0, 000793, 100, 118, GVWY, 7712, 4, 1928.000000, RL, 1650, 3, 550.000000, SHVR, 2928, 4, 732.000000, ZIC, 1247, 4, 311.750000, ZIP, 2808, 4, 702.000000, 
rl_trial0, 000795, 97, 118, GVWY, 7748, 4, 1937.000000, RL, 1650, 3, 550.000000, SHVR, 2928, 4, 732.000000, ZIC, 1247, 4, 311.750000, ZIP, 2808, 4, 702.000000, 
rl_trial0, 000799, 92, 112, GVWY, 7748, 4, 1937.000000, RL, 1679, 3, 559.666667, SHVR, 2928, 4, 732.000000, ZIC, 1247, 4, 311.750000, ZIP, 2841, 4, 710.250000, 
rl_trial0, 000802, 101, 135, GVWY, 7748, 4, 1937.000000, RL, 1679, 3, 559.666667, SHVR, 2928, 4, 732.000000, ZIC, 1266, 4, 316.500000, ZIP, 2845, 4, 711.250000, 
rl_trial0, 000803, 100, 129, GVWY, 7786, 4, 1946.500000, RL, 1679, 3, 559.666667, SHVR, 2946, 4, 736.500000, ZIC, 1266, 4, 316.500000, ZIP, 2845, 4, 711.250000, 
rl_trial0, 000803, 95, 209, GVWY, 7836, 4, 1959.000000, RL, 1679, 3, 559.666667, SHVR, 2946, 4, 736.500000, ZIC, 1266, 4, 316.500000, ZIP, 2845, 4, 711.250000, 
rl_trial0, 000807, 107, 203, GVWY, 7880, 4, 1970.000000, RL, 1679, 3, 559.666667, SHVR, 2988, 4, 747.000000, ZIC, 1266, 4, 316.500000, ZIP, 2845, 4, 711.250000, 
rl_trial0, 000807, 100, 203, GVWY, 7937, 4, 1984.250000, RL, 1682, 3, 560.666667, SHVR, 2988, 4, 747.000000, ZIC, 1266, 4, 316.500000, ZIP, 2845, 4, 711.250000, 
rl_trial0, 000810, 103, 135, GVWY, 7937, 4, 1984.250000, RL, 1682, 3, 560.666667, SHVR, 2988, 4, 747.000000, ZIC, 1285, 4, 321.250000, ZIP, 2878, 4, 719.500000, 
rl_trial0, 000815, 110, 135, GVWY, 7937, 4, 1984.250000, RL, 1682, 3, 560.666667, SHVR, 2997, 4, 749.250000, ZIC, 1285, 4, 321.250000, ZIP, 2882, 4, 720.500000, 
rl_trial0, 000816, 110, 135, GVWY, 7937, 4, 1984.250000, RL, 1689, 3, 563.000000, SHVR, 2997, 4, 749.250000, ZIC, 1326, 4, 331.500000, ZIP, 2882, 4, 720.500000, 
rl_trial0, 000820, 107, 119, GVWY, 7991, 4, 1997.750000, RL, 1689, 3, 563.000000, SHVR, 3029, 4, 757.250000, ZIC, 1326, 4, 331.500000, ZIP, 2882, 4, 720.500000, 
rl_trial0, 000821, 107, 150, GVWY, 7991, 4, 1997.750000, RL, 1689, 3, 563.000000, SHVR, 3029, 4, 757.250000, ZIC, 1337, 4, 334.250000, ZIP, 2923, 4, 730.750000, 
rl_trial0, 000824, 100, 135, GVWY, 7991, 4, 1997.750000, RL, 1711, 3, 570.333333, SHVR, 3029, 4, 757.250000, ZIC, 1337, 4, 334.250000, ZIP, 2934, 4, 733.500000, 
rl_trial0, 000827, 105, 135, GVWY, 7991, 4, 1997.750000, RL, 1711, 3, 570.333333, SHVR, 3073, 4, 768.250000, ZIC, 1351, 4, 337.750000, ZIP, 2934, 4, 733.500000, 
rl_trial0, 000829, 100, 147, GVWY, 8046, 4, 2011.500000, RL, 1716, 3, 572.000000, SHVR, 3073, 4, 768.250000, ZIC, 1351, 4, 337.750000, ZIP, 2934, 4, 733.500000, 
rl_trial0, 000834, 100, 143, GVWY, 8046, 4, 2011.500000, RL, 1738, 3, 579.333333, SHVR, 3073, 4, 768.250000, ZIC, 1351, 4, 337.750000, ZIP, 2945, 4, 736.250000, 
rl_trial0, 000835, 101, 127, GVWY, 8084, 4, 2021.000000, RL, 1738, 3, 579.333333, SHVR, 3091, 4, 772.750000, ZIC, 1351, 4, 337.750000, ZIP, 2945, 4, 736.250000, 
rl_trial0, 000836, 100, 135, GVWY, 8135, 4, 2033.750000, RL, 1738, 3, 579.333333, SHVR, 3140, 4, 785.000000, ZIC, 1351, 4, 337.750000, ZIP, 2945, 4, 736.250000, 
rl_trial0, 000837, 80, 114, GVWY, 8135, 4, 2033.750000, RL, 1738, 3, 579.333333, SHVR, 3140, 4, 785.000000, ZIC, 1359, 4, 339.750000, ZIP, 2945, 4, 736.250000, 
rl_trial0, 000838, 80, 135, GVWY, 8135, 4, 2033.750000, RL, 1738, 3, 579.333333, SHVR, 3140, 4, 785.000000, ZIC, 1375, 4, 343.750000, ZIP, 2981, 4, 745.250000, 
rl_trial0, 000838, 70, 150, GVWY, 8151, 4, 2037.750000, RL, 1748, 3, 582.666667, SHVR, 3140, 4, 785.000000, ZIC, 1375, 4, 343.750000, ZIP, 2981, 4, 745.250000, 
rl_trial0, 000839, 42, 149, GVWY, 8171, 4, 2042.750000, RL, 1748, 3, 582.666667, SHVR, 3140, 4, 785.000000, ZIC, 1375, 4, 343.750000, ZIP, 2981, 4, 745.250000, 
rl_trial0, 000842, 110, 135, GVWY, 8171, 4, 2042.750000, RL, 1760, 3, 586.666667, SHVR, 3140, 4, 785.000000, ZIC, 1382, 4, 345.500000, ZIP, 2981, 4, 745.250000, 
rl_trial0, 000847, 101, 118, GVWY, 8171, 4, 2042.750000, RL, 1785, 3, 595.000000, SHVR, 3140, 4, 785.000000, ZIC, 1382, 4, 345.500000, ZIP, 3018, 4, 754.500000, 
rl_trial0, 000849, 100, 118, GVWY, 8223, 4, 2055.750000, RL, 1785, 3, 595.000000, SHVR, 3158, 4, 789.500000, ZIC, 1382, 4, 345.500000, ZIP, 3018, 4, 754.500000, 
rl_trial0, 000856, 110, 150, GVWY, 8270, 4, 2067.500000, RL, 1785, 3, 595.000000, SHVR, 3197, 4, 799.250000, ZIC, 1382, 4, 345.500000, ZIP, 3018, 4, 754.500000, 
rl_trial0, 000857, 100, 118, GVWY, 8317, 4, 2079.250000, RL, 1785, 3, 595.000000, SHVR, 3206, 4, 801.500000, ZIC, 1382, 4, 345.500000, ZIP, 3018, 4, 754.500000, 
rl_trial0, 000861, 110, 135, GVWY, 8317, 4, 2079.250000, RL, 1785, 3, 595.000000, SHVR, 3206, 4, 801.500000, ZIC, 1398, 4, 349.500000, ZIP, 3025, 4, 756.250000, 
rl_trial0, 000862, 110, 149, GVWY, 8378, 4, 2094.500000, RL, 1785, 3, 595.000000, SHVR, 3245, 4, 811.250000, ZIC, 1398, 4, 349.500000, ZIP, 3025, 4, 756.250000, 
rl_trial0, 000866, 100, 145, GVWY, 8378, 4, 2094.500000, RL, 1785, 3, 595.000000, SHVR, 3251, 4, 812.750000, ZIC, 1398, 4, 349.500000, ZIP, 3032, 4, 758.000000, 
rl_trial0, 000867, 100, 135, GVWY, 8378, 4, 2094.500000, RL, 1812, 3, 604.000000, SHVR, 3251, 4, 812.750000, ZIC, 1398, 4, 349.500000, ZIP, 3067, 4, 766.750000, 
rl_trial0, 000868, 107, 150, GVWY, 8378, 4, 2094.500000, RL, 1817, 3, 605.666667, SHVR, 3251, 4, 812.750000, ZIC, 1398, 4, 349.500000, ZIP, 3067, 4, 766.750000, 
rl_trial0, 000871, 103, 402, GVWY, 8433, 4, 2108.250000, RL, 1817, 3, 605.666667, SHVR, 3296, 4, 824.000000, ZIC, 1398, 4, 349.500000, ZIP, 3067, 4, 766.750000, 
rl_trial0, 000873, 100, 117, GVWY, 8474, 4, 2118.500000, RL, 1817, 3, 605.666667, SHVR, 3311, 4, 827.750000, ZIC, 1398, 4, 349.500000, ZIP, 3067, 4, 766.750000, 
rl_trial0, 000880, 100, 108, GVWY, 8474, 4, 2118.500000, RL, 1851, 3, 617.000000, SHVR, 3311, 4, 827.750000, ZIC, 1398, 4, 349.500000, ZIP, 3095, 4, 773.750000, 
rl_trial0, 000885, 100, 107, GVWY, 8511, 4, 2127.750000, RL, 1851, 3, 617.000000, SHVR, 3330, 4, 832.500000, ZIC, 1398, 4, 349.500000, ZIP, 3095, 4, 773.750000, 
rl_trial0, 000888, 102, 107, GVWY, 8565, 4, 2141.250000, RL, 1851, 3, 617.000000, SHVR, 3376, 4, 844.000000, ZIC, 1398, 4, 349.500000, ZIP, 3095, 4, 773.750000, 
rl_trial0, 000890, 101, 107, GVWY, 8565, 4, 2141.250000, RL, 1885, 3, 628.333333, SHVR, 3376, 4, 844.000000, ZIC, 1398, 4, 349.500000, ZIP, 3123, 4, 780.750000, 
rl_trial0, 000892, 90, 107, GVWY, 8605, 4, 2151.250000, RL, 1885, 3, 628.333333, SHVR, 3422, 4, 855.500000, ZIC, 1398, 4, 349.500000, ZIP, 3123, 4, 780.750000, 
rl_trial0, 000892, 80, 135, GVWY, 8645, 4, 2161.250000, RL, 1905, 3, 635.000000, SHVR, 3422, 4, 855.500000, ZIC, 1398, 4, 349.500000, ZIP, 3123, 4, 780.750000, 
rl_trial0, 000900, 100, 150, GVWY, 8645, 4, 2161.250000, RL, 1905, 3, 635.000000, SHVR, 3435, 4, 858.750000, ZIC, 1398, 4, 349.500000, ZIP, 3123, 4, 780.750000, 
rl_trial0, 000900, 86, 150, GVWY, 8645, 4, 2161.250000, RL, 1905, 3, 635.000000, SHVR, 3435, 4, 858.750000, ZIC, 1406, 4, 351.500000, ZIP, 3123, 4, 780.750000, 
rl_trial0, 000901, 97, 149, GVWY, 8695, 4, 2173.750000, RL, 1905, 3, 635.000000, SHVR, 3435, 4, 858.750000, ZIC, 1406, 4, 351.500000, ZIP, 3123, 4, 780.750000, 
rl_trial0, 000901, 86, 149, GVWY, 8728, 4, 2182.000000, RL, 1918, 3, 639.333333, SHVR, 3435, 4, 858.750000, ZIC, 1406, 4, 351.500000, ZIP, 3123, 4, 780.750000, 
rl_trial0, 000906, 123, 148, GVWY, 8728, 4, 2182.000000, RL, 1918, 3, 639.333333, SHVR, 3459, 4, 864.750000, ZIC, 1406, 4, 351.500000, ZIP, 3171, 4, 792.750000, 
rl_trial0, 000911, 120, 147, GVWY, 8799, 4, 2199.750000, RL, 1937, 3, 645.666667, SHVR, 3459, 4, 864.750000, ZIC, 1406, 4, 351.500000, ZIP, 3171, 4, 792.750000, 
rl_trial0, 000912, 100, 146, GVWY, 8799, 4, 2199.750000, RL, 1937, 3, 645.666667, SHVR, 3459, 4, 864.750000, ZIC, 1406, 4, 351.500000, ZIP, 3184, 4, 796.000000, 
rl_trial0, 000916, 106, 144, GVWY, 8799, 4, 2199.750000, RL, 1937, 3, 645.666667, SHVR, 3472, 4, 868.000000, ZIC, 1421, 4, 355.250000, ZIP, 3184, 4, 796.000000, 
rl_trial0, 000917, 106, 118, GVWY, 8847, 4, 2211.750000, RL, 1965, 3, 655.000000, SHVR, 3472, 4, 868.000000, ZIC, 1421, 4, 355.250000, ZIP, 3184, 4, 796.000000, 
rl_trial0, 000920, 103, 135, GVWY, 8906, 4, 2226.500000, RL, 1965, 3, 655.000000, SHVR, 3472, 4, 868.000000, ZIC, 1442, 4, 360.500000, ZIP, 3184, 4, 796.000000, 
rl_trial0, 000926, 113, 118, GVWY, 8906, 4, 2226.500000, RL, 1965, 3, 655.000000, SHVR, 3477, 4, 869.250000, ZIC, 1442, 4, 360.500000, ZIP, 3192, 4, 798.000000, 
rl_trial0, 000926, 110, 118, GVWY, 8955, 4, 2238.750000, RL, 1965, 3, 655.000000, SHVR, 3514, 4, 878.500000, ZIC, 1442, 4, 360.500000, ZIP, 3192, 4, 798.000000, 
rl_trial0, 000931, 100, 135, GVWY, 8955, 4, 2238.750000, RL, 1965, 3, 655.000000, SHVR, 3514, 4, 878.500000, ZIC, 1457, 4, 364.250000, ZIP, 3229, 4, 807.250000, 
rl_trial0, 000934, 100, 149, GVWY, 8955, 4, 2238.750000, RL, 1990, 3, 663.333333, SHVR, 3514, 4, 878.500000, ZIC, 1457, 4, 364.250000, ZIP, 3237, 4, 809.250000, 
rl_trial0, 000936, 100, 111, GVWY, 9006, 4, 2251.500000, RL, 1990, 3, 663.333333, SHVR, 3533, 4, 883.250000, ZIC, 1457, 4, 364.250000, ZIP, 3237, 4, 809.250000, 
rl_trial0, 000936, 97, 111, GVWY, 9042, 4, 2260.500000, RL, 1990, 3, 663.333333, SHVR, 3533, 4, 883.250000, ZIC, 1457, 4, 364.250000, ZIP, 3237, 4, 809.250000, 
rl_trial0, 000938, 102, 135, GVWY, 9042, 4, 2260.500000, RL, 2019, 3, 673.000000, SHVR, 3533, 4, 883.250000, ZIC, 1457, 4, 364.250000, ZIP, 3270, 4, 817.500000, 
rl_trial0, 000938, 100, 135, GVWY, 9080, 4, 2270.000000, RL, 2027, 3, 675.666667, SHVR, 3533, 4, 883.250000, ZIC, 1457, 4, 364.250000, ZIP, 3270, 4, 817.500000, 
rl_trial0, 000939, 100, 135, GVWY, 9080, 4, 2270.000000, RL, 2027, 3, 675.666667, SHVR, 3582, 4, 895.500000, ZIC, 1466, 4, 366.500000, ZIP, 3270, 4, 817.500000, 
rl_trial0, 000941, 107, 135, GVWY, 9080, 4, 2270.000000, RL, 2027, 3, 675.666667, SHVR, 3582, 4, 895.500000, ZIC, 1484, 4, 371.000000, ZIP, 3275, 4, 818.750000, 
rl_trial0, 000942, 100, 135, GVWY, 9137, 4, 2284.250000, RL, 2027, 3, 675.666667, SHVR, 3625, 4, 906.250000, ZIC, 1484, 4, 371.000000, ZIP, 3275, 4, 818.750000, 
rl_trial0, 000950, 100, 111, GVWY, 9137, 4, 2284.250000, RL, 2027, 3, 675.666667, SHVR, 3636, 4, 909.000000, ZIC, 1484, 4, 371.000000, ZIP, 3277, 4, 819.250000, 
rl_trial0, 000950, 100, 135, GVWY, 9137, 4, 2284.250000, RL, 2056, 3, 685.333333, SHVR, 3636, 4, 909.000000, ZIC, 1484, 4, 371.000000, ZIP, 3310, 4, 827.500000, 
rl_trial0, 000951, 95, 150, GVWY, 9137, 4, 2284.250000, RL, 2056, 3, 685.333333, SHVR, 3636, 4, 909.000000, ZIC, 1492, 4, 373.000000, ZIP, 3310, 4, 827.500000, 
rl_trial0, 000951, 95, 150, GVWY, 9183, 4, 2295.750000, RL, 2056, 3, 685.333333, SHVR, 3690, 4, 922.500000, ZIC, 1492, 4, 373.000000, ZIP, 3310, 4, 827.500000, 
rl_trial0, 000955, 105, 148, GVWY, 9226, 4, 2306.500000, RL, 2056, 3, 685.333333, SHVR, 3690, 4, 922.500000, ZIC, 1515, 4, 378.750000, ZIP, 3310, 4, 827.500000, 
rl_trial0, 000960, 108, 288, GVWY, 9226, 4, 2306.500000, RL, 2056, 3, 685.333333, SHVR, 3690, 4, 922.500000, ZIC, 1534, 4, 383.500000, ZIP, 3343, 4, 835.750000, 
rl_trial0, 000962, 107, 191, GVWY, 9226, 4, 2306.500000, RL, 2056, 3, 685.333333, SHVR, 3700, 4, 925.000000, ZIC, 1552, 4, 388.000000, ZIP, 3343, 4, 835.750000, 
rl_trial0, 000963, 82, 190, GVWY, 9262, 4, 2315.500000, RL, 2066, 3, 688.666667, SHVR, 3700, 4, 925.000000, ZIC, 1552, 4, 388.000000, ZIP, 3343, 4, 835.750000, 
rl_trial0, 000965, 90, 135, GVWY, 9262, 4, 2315.500000, RL, 2096, 3, 698.666667, SHVR, 3700, 4, 925.000000, ZIC, 1552, 4, 388.000000, ZIP, 3346, 4, 836.500000, 
rl_trial0, 000967, 100, 135, GVWY, 9320, 4, 2330.000000, RL, 2096, 3, 698.666667, SHVR, 3742, 4, 935.500000, ZIC, 1552, 4, 388.000000, ZIP, 3346, 4, 836.500000, 
rl_trial0, 000969, 100, 150, GVWY, 9320, 4, 2330.000000, RL, 2096, 3, 698.666667, SHVR, 3756, 4, 939.000000, ZIC, 1552, 4, 388.000000, ZIP, 3374, 4, 843.500000, 
rl_trial0, 000973, 100, 149, GVWY, 9370, 4, 2342.500000, RL, 2096, 3, 698.666667, SHVR, 3756, 4, 939.000000, ZIC, 1552, 4, 388.000000, ZIP, 3374, 4, 843.500000, 
rl_trial0, 000976, 104, 135, GVWY, 9370, 4, 2342.500000, RL, 2128, 3, 709.333333, SHVR, 3756, 4, 939.000000, ZIC, 1552, 4, 388.000000, ZIP, 3375, 4, 843.750000, 
rl_trial0, 000976, 104, 135, GVWY, 9411, 4, 2352.750000, RL, 2133, 3, 711.000000, SHVR, 3756, 4, 939.000000, ZIC, 1552, 4, 388.000000, ZIP, 3375, 4, 843.750000, 
rl_trial0, 000978, 109, 150, GVWY, 9411, 4, 2352.750000, RL, 2138, 3, 712.666667, SHVR, 3756, 4, 939.000000, ZIC, 1552, 4, 388.000000, ZIP, 3375, 4, 843.750000, 
rl_trial0, 000981, 113, 150, GVWY, 9411, 4, 2352.750000, RL, 2138, 3, 712.666667, SHVR, 3790, 4, 947.500000, ZIC, 1552, 4, 388.000000, ZIP, 3384, 4, 846.000000, 
rl_trial0, 000984, 100, 148, GVWY, 9462, 4, 2365.500000, RL, 2138, 3, 712.666667, SHVR, 3795, 4, 948.750000, ZIC, 1552, 4, 388.000000, ZIP, 3384, 4, 846.000000, 
rl_trial0, 000985, 88, 147, GVWY, 9512, 4, 2378.000000, RL, 2138, 3, 712.666667, SHVR, 3795, 4, 948.750000, ZIC, 1552, 4, 388.000000, ZIP, 3384, 4, 846.000000, 
rl_trial0, 000988, 102, 135, GVWY, 9512, 4, 2378.000000, RL, 2138, 3, 712.666667, SHVR, 3795, 4, 948.750000, ZIC, 1564, 4, 391.000000, ZIP, 3424, 4, 856.000000, 
rl_trial0, 000989, 82, 135, GVWY, 9567, 4, 2391.750000, RL, 2143, 3, 714.333333, SHVR, 3795, 4, 948.750000, ZIC, 1564, 4, 391.000000, ZIP, 3424, 4, 856.000000, 
rl_trial0, 000990, 75, 135, GVWY, 9580, 4, 2395.000000, RL, 2143, 3, 714.333333, SHVR, 3838, 4, 959.500000, ZIC, 1564, 4, 391.000000, ZIP, 3424, 4, 856.000000, 
rl_trial0, 000993, 103, 118, GVWY, 9580, 4, 2395.000000, RL, 2146, 3, 715.333333, SHVR, 3838, 4, 959.500000, ZIC, 1579, 4, 394.750000, ZIP, 3424, 4, 856.000000, 
rl_trial0, 000997, 107, 135, GVWY, 9580, 4, 2395.000000, RL, 2173, 3, 724.333333, SHVR, 3838, 4, 959.500000, ZIC, 1579, 4, 394.750000, ZIP, 3430, 4, 857.500000, 
rl_trial0, 000999, 109, 135, GVWY, 9640, 4, 2410.000000, RL, 2173, 3, 724.333333, SHVR, 3838, 4, 959.500000, ZIC, 1585, 4, 396.250000, ZIP, 3430, 4, 857.500000, 
rl_trial0, 001002, 110, 116, GVWY, 9640, 4, 2410.000000, RL, 2173, 3, 724.333333, SHVR, 3843, 4, 960.750000, ZIC, 1585, 4, 396.250000, ZIP, 3467, 4, 866.750000, 
rl_trial0, 001004, 95, 115, GVWY, 9690, 4, 2422.500000, RL, 2173, 3, 724.333333, SHVR, 3843, 4, 960.750000, ZIC, 1585, 4, 396.250000, ZIP, 3467, 4, 866.750000, 
rl_trial0, 001005, 90, 115, GVWY, 9690, 4, 2422.500000, RL, 2202, 3, 734.000000, SHVR, 3843, 4, 960.750000, ZIC, 1604, 4, 401.000000, ZIP, 3467, 4, 866.750000, 
rl_trial0, 001009, 109, 135, GVWY, 9690, 4, 2422.500000, RL, 2202, 3, 734.000000, SHVR, 3843, 4, 960.750000, ZIC, 1604, 4, 401.000000, ZIP, 3470, 4, 867.500000, 
rl_trial0, 001011, 116, 128, GVWY, 9758, 4, 2439.500000, RL, 2202, 3, 734.000000, SHVR, 3875, 4, 968.750000, ZIC, 1604, 4, 401.000000, ZIP, 3470, 4, 867.500000, 
rl_trial0, 001013, 100, 135, GVWY, 9810, 4, 2452.500000, RL, 2202, 3, 734.000000, SHVR, 3879, 4, 969.750000, ZIC, 1604, 4, 401.000000, ZIP, 3470, 4, 867.500000, 
rl_trial0, 001017, 112, 135, GVWY, 9810, 4, 2452.500000, RL, 2202, 3, 734.000000, SHVR, 3886, 4, 971.500000, ZIC, 1604, 4, 401.000000, ZIP, 3476, 4, 869.000000, 
rl_trial0, 001017, 100, 135, GVWY, 9810, 4, 2452.500000, RL, 2218, 3, 739.333333, SHVR, 3886, 4, 971.500000, ZIC, 1604, 4, 401.000000, ZIP, 3522, 4, 880.500000, 
rl_trial0, 001020, 81, 135, GVWY, 9860, 4, 2465.000000, RL, 2218, 3, 739.333333, SHVR, 3886, 4, 971.500000, ZIC, 1604, 4, 401.000000, ZIP, 3522, 4, 880.500000, 
rl_trial0, 001022, 85, 119, GVWY, 9884, 4, 2471.000000, RL, 2220, 3, 740.000000, SHVR, 3886, 4, 971.500000, ZIC, 1604, 4, 401.000000, ZIP, 3522, 4, 880.500000, 
rl_trial0, 001024, 115, 135, GVWY, 9884, 4, 2471.000000, RL, 2220, 3, 740.000000, SHVR, 3920, 4, 980.000000, ZIC, 1604, 4, 401.000000, ZIP, 3531, 4, 882.750000, 
rl_trial0, 001027, 115, 147, GVWY, 9884, 4, 2471.000000, RL, 2220, 3, 740.000000, SHVR, 3954, 4, 988.500000, ZIC, 1604, 4, 401.000000, ZIP, 3569, 4, 892.250000, 
rl_trial0, 001028, 90, 147, GVWY, 9974, 4, 2493.500000, RL, 2220, 3, 740.000000, SHVR, 3954, 4, 988.500000, ZIC, 1604, 4, 401.000000, ZIP, 3569, 4, 892.250000, 
rl_trial0, 001034, 90, 135, GVWY, 10002, 4, 2500.500000, RL, 2238, 3, 746.000000, SHVR, 3954, 4, 988.500000, ZIC, 1604, 4, 401.000000, ZIP, 3569, 4, 892.250000, 
rl_trial0, 001038, 90, 110, GVWY, 10002, 4, 2500.500000, RL, 2238, 3, 746.000000, SHVR, 3954, 4, 988.500000, ZIC, 1612, 4, 403.000000, ZIP, 3569, 4, 892.250000, 
rl_trial0, 001038, 90, 112, GVWY, 10002, 4, 2500.500000, RL, 2268, 3, 756.000000, SHVR, 3954, 4, 988.500000, ZIC, 1612, 4, 403.000000, ZIP, 3601, 4, 900.250000, 
rl_trial0, 001039, 110, 135, GVWY, 10002, 4, 2500.500000, RL, 2268, 3, 756.000000, SHVR, 3992, 4, 998.000000, ZIC, 1612, 4, 403.000000, ZIP, 3606, 4, 901.500000, 
rl_trial0, 001040, 105, 135, GVWY, 10052, 4, 2513.000000, RL, 2268, 3, 756.000000, SHVR, 3998, 4, 999.500000, ZIC, 1612, 4, 403.000000, ZIP, 3606, 4, 901.500000, 
rl_trial0, 001048, 105, 108, GVWY, 10052, 4, 2513.000000, RL, 2268, 3, 756.000000, SHVR, 4011, 4, 1002.750000, ZIC, 1612, 4, 403.000000, ZIP, 3635, 4, 908.750000, 
rl_trial0, 001048, 99, 108, GVWY, 10102, 4, 2525.500000, RL, 2268, 3, 756.000000, SHVR, 4011, 4, 1002.750000, ZIC, 1612, 4, 403.000000, ZIP, 3635, 4, 908.750000, 
rl_trial0, 001050, 82, 107, GVWY, 10102, 4, 2525.500000, RL, 2271, 3, 757.000000, SHVR, 4011, 4, 1002.750000, ZIC, 1612, 4, 403.000000, ZIP, 3635, 4, 908.750000, 
rl_trial0, 001051, 84, 135, GVWY, 10102, 4, 2525.500000, RL, 2271, 3, 757.000000, SHVR, 4011, 4, 1002.750000, ZIC, 1635, 4, 408.750000, ZIP, 3664, 4, 916.000000, 
rl_trial0, 001054, 120, 150, GVWY, 10102, 4, 2525.500000, RL, 2290, 3, 763.333333, SHVR, 4011, 4, 1002.750000, ZIC, 1635, 4, 408.750000, ZIP, 3678, 4, 919.500000, 
rl_trial0, 001054, 100, 150, GVWY, 10172, 4, 2543.000000, RL, 2290, 3, 763.333333, SHVR, 4011, 4, 1002.750000, ZIC, 1635, 4, 408.750000, ZIP, 3678, 4, 919.500000, 
rl_trial0, 001055, 92, 150, GVWY, 10208, 4, 2552.000000, RL, 2290, 3, 763.333333, SHVR, 4011, 4, 1002.750000, ZIC, 1635, 4, 408.750000, ZIP, 3678, 4, 919.500000, 
rl_trial0, 001059, 113, 135, GVWY, 10208, 4, 2552.000000, RL, 2313, 3, 771.000000, SHVR, 4011, 4, 1002.750000, ZIC, 1660, 4, 415.000000, ZIP, 3678, 4, 919.500000, 
rl_trial0, 001059, 90, 135, GVWY, 10271, 4, 2567.750000, RL, 2313, 3, 771.000000, SHVR, 4048, 4, 1012.000000, ZIC, 1660, 4, 415.000000, ZIP, 3678, 4, 919.500000, 
rl_trial0, 001062, 76, 135, GVWY, 10317, 4, 2579.250000, RL, 2313, 3, 771.000000, SHVR, 4048, 4, 1012.000000, ZIC, 1660, 4, 415.000000, ZIP, 3678, 4, 919.500000, 
rl_trial0, 001070, 102, 110, GVWY, 10317, 4, 2579.250000, RL, 2316, 3, 772.000000, SHVR, 4048, 4, 1012.000000, ZIC, 1660, 4, 415.000000, ZIP, 3707, 4, 926.750000, 
rl_trial0, 001071, 102, 135, GVWY, 10317, 4, 2579.250000, RL, 2349, 3, 783.000000, SHVR, 4048, 4, 1012.000000, ZIC, 1660, 4, 415.000000, ZIP, 3707, 4, 926.750000, 
rl_trial0, 001073, 104, 135, GVWY, 10358, 4, 2589.500000, RL, 2349, 3, 783.000000, SHVR, 4093, 4, 1023.250000, ZIC, 1660, 4, 415.000000, ZIP, 3707, 4, 926.750000, 
rl_trial0, 001074, 100, 107, GVWY, 10414, 4, 2603.500000, RL, 2349, 3, 783.000000, SHVR, 4107, 4, 1026.750000, ZIC, 1660, 4, 415.000000, ZIP, 3707, 4, 926.750000, 
rl_trial0, 001075, 100, 135, GVWY, 10414, 4, 2603.500000, RL, 2349, 3, 783.000000, SHVR, 4107, 4, 1026.750000, ZIC, 1683, 4, 420.750000, ZIP, 3707, 4, 926.750000, 
rl_trial0, 001077, 82, 149, GVWY, 10464, 4, 2616.000000, RL, 2349, 3, 783.000000, SHVR, 4107, 4, 1026.750000, ZIC, 1683, 4, 420.750000, ZIP, 3707, 4, 926.750000, 
rl_trial0, 001080, 92, 101, GVWY, 10500, 4, 2625.000000, RL, 2349, 3, 783.000000, SHVR, 4107, 4, 1026.750000, ZIC, 1683, 4, 420.750000, ZIP, 3707, 4, 926.750000, 
rl_trial0, 001081, 72, 104, GVWY, 10500, 4, 2625.000000, RL, 2358, 3, 786.000000, SHVR, 4107, 4, 1026.750000, ZIC, 1683, 4, 420.750000, ZIP, 3730, 4, 932.500000, 
rl_trial0, 001085, 93, 107, GVWY, 10500, 4, 2625.000000, RL, 2371, 3, 790.333333, SHVR, 4107, 4, 1026.750000, ZIC, 1688, 4, 422.000000, ZIP, 3730, 4, 932.500000, 
rl_trial0, 001085, 93, 150, GVWY, 10500, 4, 2625.000000, RL, 2404, 3, 801.333333, SHVR, 4107, 4, 1026.750000, ZIC, 1688, 4, 422.000000, ZIP, 3730, 4, 932.500000, 
rl_trial0, 001088, 101, 255, GVWY, 10500, 4, 2625.000000, RL, 2404, 3, 801.333333, SHVR, 4107, 4, 1026.750000, ZIC, 1726, 4, 431.500000, ZIP, 3730, 4, 932.500000, 
rl_trial0, 001089, 120, 253, GVWY, 10500, 4, 2625.000000, RL, 2404, 3, 801.333333, SHVR, 4123, 4, 1030.750000, ZIC, 1726, 4, 431.500000, ZIP, 3786, 4, 946.500000, 
rl_trial0, 001092, 112, 248, GVWY, 10556, 4, 2639.000000, RL, 2404, 3, 801.333333, SHVR, 4123, 4, 1030.750000, ZIC, 1726, 4, 431.500000, ZIP, 3786, 4, 946.500000, 
rl_trial0, 001097, 100, 206, GVWY, 10556, 4, 2639.000000, RL, 2404, 3, 801.333333, SHVR, 4123, 4, 1030.750000, ZIC, 1774, 4, 443.500000, ZIP, 3786, 4, 946.500000, 
rl_trial0, 001097, 100, 206, GVWY, 10606, 4, 2651.500000, RL, 2404, 3, 801.333333, SHVR, 4123, 4, 1030.750000, ZIC, 1774, 4, 443.500000, ZIP, 3786, 4, 946.500000, 
rl_trial0, 001100, 107, 125, GVWY, 10654, 4, 2663.500000, RL, 2432, 3, 810.666667, SHVR, 4123, 4, 1030.750000, ZIC, 1774, 4, 443.500000, ZIP, 3786, 4, 946.500000, 
rl_trial0, 001106, 100, 117, GVWY, 10654, 4, 2663.500000, RL, 2432, 3, 810.666667, SHVR, 4159, 4, 1039.750000, ZIC, 1774, 4, 443.500000, ZIP, 3822, 4, 955.500000, 
rl_trial0, 001107, 100, 135, GVWY, 10654, 4, 2663.500000, RL, 2432, 3, 810.666667, SHVR, 4159, 4, 1039.750000, ZIC, 1787, 4, 446.750000, ZIP, 3832, 4, 958.000000, 
rl_trial0, 001108, 100, 135, GVWY, 10711, 4, 2677.750000, RL, 2435, 3, 811.666667, SHVR, 4159, 4, 1039.750000, ZIC, 1787, 4, 446.750000, ZIP, 3832, 4, 958.000000, 
rl_trial0, 001109, 78, 135, GVWY, 10747, 4, 2686.750000, RL, 2435, 3, 811.666667, SHVR, 4159, 4, 1039.750000, ZIC, 1787, 4, 446.750000, ZIP, 3832, 4, 958.000000, 
rl_trial0, 001111, 80, 116, GVWY, 10778, 4, 2694.500000, RL, 2435, 3, 811.666667, SHVR, 4228, 4, 1057.000000, ZIC, 1787, 4, 446.750000, ZIP, 3832, 4, 958.000000, 
rl_trial0, 001112, 83, 116, GVWY, 10778, 4, 2694.500000, RL, 2443, 3, 814.333333, SHVR, 4228, 4, 1057.000000, ZIC, 1787, 4, 446.750000, ZIP, 3856, 4, 964.000000, 
rl_trial0, 001118, 101, 135, GVWY, 10778, 4, 2694.500000, RL, 2467, 3, 822.333333, SHVR, 4228, 4, 1057.000000, ZIC, 1787, 4, 446.750000, ZIP, 3865, 4, 966.250000, 
rl_trial0, 001119, 101, 148, GVWY, 10778, 4, 2694.500000, RL, 2467, 3, 822.333333, SHVR, 4228, 4, 1057.000000, ZIC, 1798, 4, 449.500000, ZIP, 3877, 4, 969.250000, 
rl_trial0, 001121, 103, 147, GVWY, 10778, 4, 2694.500000, RL, 2486, 3, 828.666667, SHVR, 4228, 4, 1057.000000, ZIC, 1827, 4, 456.750000, ZIP, 3877, 4, 969.250000, 
rl_trial0, 001122, 100, 146, GVWY, 10833, 4, 2708.250000, RL, 2486, 3, 828.666667, SHVR, 4243, 4, 1060.750000, ZIC, 1827, 4, 456.750000, ZIP, 3877, 4, 969.250000, 
rl_trial0, 001124, 88, 143, GVWY, 10869, 4, 2717.250000, RL, 2486, 3, 828.666667, SHVR, 4243, 4, 1060.750000, ZIC, 1827, 4, 456.750000, ZIP, 3877, 4, 969.250000, 
rl_trial0, 001128, 105, 116, GVWY, 10925, 4, 2731.250000, RL, 2486, 3, 828.666667, SHVR, 4287, 4, 1071.750000, ZIC, 1827, 4, 456.750000, ZIP, 3877, 4, 969.250000, 
rl_trial0, 001133, 103, 135, GVWY, 10925, 4, 2731.250000, RL, 2510, 3, 836.666667, SHVR, 4287, 4, 1071.750000, ZIC, 1827, 4, 456.750000, ZIP, 3915, 4, 978.750000, 
rl_trial0, 001136, 100, 135, GVWY, 10967, 4, 2741.750000, RL, 2510, 3, 836.666667, SHVR, 4301, 4, 1075.250000, ZIC, 1827, 4, 456.750000, ZIP, 3915, 4, 978.750000, 
rl_trial0, 001139, 100, 135, GVWY, 10967, 4, 2741.750000, RL, 2538, 3, 846.000000, SHVR, 4301, 4, 1075.250000, ZIC, 1827, 4, 456.750000, ZIP, 3920, 4, 980.000000, 
rl_trial0, 001143, 110, 135, GVWY, 10967, 4, 2741.750000, RL, 2538, 3, 846.000000, SHVR, 4340, 4, 1085.000000, ZIC, 1827, 4, 456.750000, ZIP, 3953, 4, 988.250000, 
rl_trial0, 001146, 108, 135, GVWY, 11029, 4, 2757.250000, RL, 2538, 3, 846.000000, SHVR, 4348, 4, 1087.000000, ZIC, 1827, 4, 456.750000, ZIP, 3953, 4, 988.250000, 
rl_trial0, 001148, 100, 135, GVWY, 11029, 4, 2757.250000, RL, 2538, 3, 846.000000, SHVR, 4348, 4, 1087.000000, ZIC, 1846, 4, 461.500000, ZIP, 3957, 4, 989.250000, 
rl_trial0, 001148, 78, 135, GVWY, 11065, 4, 2766.250000, RL, 2538, 3, 846.000000, SHVR, 4348, 4, 1087.000000, ZIC, 1846, 4, 461.500000, ZIP, 3957, 4, 989.250000, 
rl_trial0, 001156, 104, 135, GVWY, 11120, 4, 2780.000000, RL, 2538, 3, 846.000000, SHVR, 4393, 4, 1098.250000, ZIC, 1846, 4, 461.500000, ZIP, 3957, 4, 989.250000, 
rl_trial0, 001157, 104, 150, GVWY, 11120, 4, 2780.000000, RL, 2572, 3, 857.333333, SHVR, 4393, 4, 1098.250000, ZIC, 1846, 4, 461.500000, ZIP, 3985, 4, 996.250000, 
rl_trial0, 001159, 105, 147, GVWY, 11120, 4, 2780.000000, RL, 2576, 3, 858.666667, SHVR, 4393, 4, 1098.250000, ZIC, 1846, 4, 461.500000, ZIP, 4014, 4, 1003.500000, 
rl_trial0, 001160, 92, 144, GVWY, 11163, 4, 2790.750000, RL, 2576, 3, 858.666667, SHVR, 4406, 4, 1101.500000, ZIC, 1846, 4, 461.500000, 